covariates_only,core1_ptau217,core2_ptau217_ab,core3,core4_hypothesis,core5_hypothesis,gfap_nfl_only,full_panel,full_panel_enet,broad_no_ptau,discovery_only,extras_only,oracle_core5,rep,n_train,prevalence,n_extra,n_informative,d_extra,rho_core_extra,rho_extra,condition
0.7757935457892314,0.9344167050161067,0.94501955821445,0.9435878777419849,0.9434391777880043,0.9490115431814695,0.8016897722043258,0.9369422073937721,0.9398914710845222,0.8748896494861175,0.8045870724037429,0.7857508820371223,0.9285246949626924,0,1000,0.2,120,8,0.35,0.0,0.15,0
0.7739366108521555,0.9320769383205204,0.9449315921040832,0.9451243444770391,0.944437799508196,0.948599596913245,0.8104949827778019,0.9326312736688938,0.9364071725540309,0.8809600525137006,0.8130388612607207,0.7911128358412307,0.9285246949626924,1,1000,0.2,120,8,0.35,0.0,0.15,0
0.7702697483675744,0.9365510033444816,0.9459358576206403,0.9458067566491479,0.9456906951743909,0.9505093366778149,0.8026743908265648,0.9383875816212772,0.941274287306896,0.8869745381430164,0.8091959308807135,0.7878629160694378,0.9285246949626924,2,1000,0.2,120,8,0.35,0.0,0.15,0
0.7728202089444347,0.932965963546597,0.9436927941462119,0.9437556397540268,0.943658273319384,0.9470323645045253,0.7977702102967463,0.9267228080873151,0.9301063408661187,0.8720905999591848,0.8131479109244648,0.7983227402258606,0.9285246949626924,3,1000,0.2,120,8,0.35,0.0,0.15,0
0.7676506235359974,0.9262855611243191,0.9402249904388211,0.9401070910116788,0.9400859891437665,0.9447970295539404,0.7962740489906,0.9268276274560082,0.931669441368702,0.8819481167018477,0.8149637217267639,0.7985787020783114,0.9285246949626924,4,1000,0.2,120,8,0.35,0.0,0.15,0
0.7745116326830814,0.9328098091529174,0.944040776202637,0.9440765016473237,0.9439303787219251,0.9487865989366897,0.8036736494293348,0.9269351209330705,0.9302588562254858,0.878049437573153,0.8022116392913126,0.7756370818012145,0.9285246949626924,5,1000,0.2,120,8,0.35,0.0,0.15,0
0.7779335934983367,0.9352664085444325,0.9481120883230593,0.9483072317176076,0.9481826031480647,0.9521406650942581,0.8021419811090981,0.9266463149227441,0.9305654856841156,0.8708196886819581,0.8060703836163616,0.7924497282331145,0.9285246949626924,6,1000,0.2,120,8,0.35,0.0,0.15,0
0.7816487874682514,0.9361561403551908,0.9472155904315349,0.9472477508599473,0.9476891453636612,0.9510022595897333,0.8110766613147911,0.9350036758287826,0.9382423391548298,0.8805749537140624,0.8084041002087478,0.7928521234980122,0.9285246949626924,7,1000,0.2,120,8,0.35,0.0,0.15,0
0.7846409073079492,0.9375337816660181,0.9471402679805989,0.947102910726627,0.9475327147350212,0.9525748682887865,0.8095405928126794,0.9414585425918169,0.9452745567468912,0.8885979304276888,0.8179571234562384,0.8032830571846654,0.9285246949626924,8,1000,0.2,120,8,0.35,0.0,0.15,0
0.7791722018029077,0.9423173770395973,0.9535670147286992,0.9531511914243751,0.9531926958122949,0.9559290625707876,0.8150210810139347,0.9301585399418841,0.9344092322906087,0.8865145326250308,0.8223564457240007,0.8037573162444375,0.9285246949626924,9,1000,0.2,120,8,0.35,0.0,0.15,0
0.7884758745628293,0.9359268606512664,0.9448348812126297,0.9448593557098555,0.9450019246306863,0.9488603390672968,0.8071073343004408,0.9313967903985154,0.9359876489350261,0.8853163861036989,0.8057525813381561,0.783326977591608,0.9285246949626924,10,1000,0.2,120,8,0.35,0.0,0.15,0
0.7782148054298642,0.9393659366515837,0.9495844102564103,0.949751891402715,0.9497333574660634,0.9524759939668175,0.802763294117647,0.9328082051282052,0.9357463167420814,0.8765980573152338,0.8109588657616893,0.8010641568627451,0.9285246949626924,11,1000,0.2,120,8,0.35,0.0,0.15,0
0.7818247102819202,0.934403855990347,0.9436496199898293,0.9424466468840035,0.941707586016526,0.9461414575927052,0.811363352078389,0.9299781786503422,0.9335026874626509,0.8824055039203497,0.8205441545428993,0.7994167480907183,0.9285246949626924,12,1000,0.2,120,8,0.35,0.0,0.15,0
0.7638569604086846,0.9304851193931654,0.942044970780603,0.9421376601261658,0.9421484964588412,0.9460450288323852,0.7913623785750222,0.9212106699175665,0.9250769186114014,0.8737465652695537,0.8052783582955997,0.7938065521111498,0.9285246949626924,13,1000,0.2,120,8,0.35,0.0,0.15,0
0.7727285664976662,0.9351846543816305,0.9446903772383002,0.944570411923009,0.9448892169923002,0.9498952884198694,0.8063299793824021,0.9311039294503725,0.9344611542888251,0.8721210829871343,0.8052581088334961,0.7862506719861646,0.9285246949626924,14,1000,0.2,120,8,0.35,0.0,0.15,0
0.7808047747780819,0.9392249748271053,0.9489907948714001,0.9489029709739059,0.9487667945935214,0.9524060590200274,0.8037963803923379,0.9261309251033855,0.9318357286561286,0.8709214680682177,0.8007062620215127,0.7828700178687094,0.9285246949626924,15,1000,0.2,120,8,0.35,0.0,0.15,0
0.7650224672571404,0.9352591653738465,0.9465801945102015,0.9465588513885198,0.9474552624991501,0.9516557047363574,0.7978081096908975,0.929779101587851,0.9338504227676446,0.8687062900593976,0.7943238692201667,0.7711083473431773,0.9285246949626924,16,1000,0.2,120,8,0.35,0.0,0.15,0
0.766383050193147,0.9352216364725671,0.9464306287742624,0.9465251843105994,0.9466693739831896,0.9513545356325469,0.794232413096393,0.9344023222759508,0.9371654897360115,0.8746973696414561,0.8087000117818405,0.7926223619331243,0.9285246949626924,17,1000,0.2,120,8,0.35,0.0,0.15,0
0.7752488940732353,0.935524302323038,0.9475246726715462,0.9472455129951076,0.9476443268011967,0.9511302770792127,0.804129585622168,0.941956460878543,0.9459238242658375,0.8850634191856708,0.8154493856539493,0.7926161216860526,0.9285246949626924,18,1000,0.2,120,8,0.35,0.0,0.15,0
0.7773387490078516,0.93413412800758,0.9447387371543653,0.9440213300773692,0.9440314016670031,0.9473599651987842,0.8094994652373273,0.9213640302473078,0.9269821372610467,0.8701864096293693,0.8133136924423179,0.7952669532937778,0.9285246949626924,19,1000,0.2,120,8,0.35,0.0,0.15,0
0.7818129324927814,0.934577130390469,0.9440416014198836,0.9438993738234924,0.9435570341278311,0.9472703604683921,0.8043048633829427,0.9225681742082267,0.9257393528755875,0.8726322982752952,0.8116775851436939,0.7978253471473533,0.9285246949626924,20,1000,0.2,120,8,0.35,0.0,0.15,0
0.76843019857289,0.9376538951682221,0.9485918444792588,0.9484641713977727,0.9485606136793261,0.9529184887906963,0.7979157074817211,0.9257394432039422,0.9307887171565908,0.8781526412221418,0.803050031348652,0.7814582544379163,0.9285246949626924,21,1000,0.2,120,8,0.35,0.0,0.15,0
0.7706353307573311,0.9317129608184436,0.9406661985094971,0.9406375278648922,0.9405655586957822,0.9446934488844827,0.8007381423236153,0.9110125603753553,0.9156024965305107,0.8604229154125291,0.7998913831157793,0.7819005536262466,0.9285246949626924,22,1000,0.2,120,8,0.35,0.0,0.15,0
0.7681383075898911,0.9268207936222899,0.9391622010204929,0.9391547999350263,0.9394440265644434,0.9450159727110293,0.7965279949953081,0.9229910240414523,0.926926940769113,0.8799001515664397,0.8117296297782284,0.7963468631667843,0.9285246949626924,23,1000,0.2,120,8,0.35,0.0,0.15,0
0.7761526045784013,0.9321940691979939,0.9432968105959793,0.9431878555591906,0.9440911248312313,0.9480060355075054,0.804853185270909,0.926398689667725,0.9298557563381172,0.878287521766752,0.8205653165556159,0.8062817284246713,0.9285246949626924,24,1000,0.2,120,8,0.35,0.0,0.15,0
0.7749340089203209,0.936805762620208,0.947409901736953,0.9473736623866342,0.9476805795653396,0.9536954373103446,0.8024554151547911,0.9370914996960461,0.9411045462507867,0.8808010042866391,0.8092044840803837,0.7907524367562614,0.9285246949626924,25,1000,0.2,120,8,0.35,0.0,0.15,0
0.7722617003565855,0.933661548437926,0.9447458982917347,0.943898609329793,0.9441175467861902,0.9499122993069126,0.8058169580284728,0.9332675213574645,0.9372854309844673,0.876076974668524,0.8032440155000076,0.7852538331905765,0.9285246949626924,26,1000,0.2,120,8,0.35,0.0,0.15,0
0.7722653956278138,0.9360970347006213,0.94672119979344,0.9468982789093051,0.947216458854077,0.9505031868907148,0.7980926659086336,0.9199114604420674,0.9248907195899833,0.8741040218585064,0.8001474043023631,0.779815599157274,0.9285246949626924,27,1000,0.2,120,8,0.35,0.0,0.15,0
0.7795737116493323,0.9309559444062181,0.942792177249063,0.9423586667357552,0.9428554414657375,0.946537519295586,0.8014152305689481,0.925624779328387,0.9297991130155984,0.8850105580948272,0.8118287214723572,0.7991647315849916,0.9285246949626924,28,1000,0.2,120,8,0.35,0.0,0.15,0
0.7764190602293516,0.9407349551387323,0.949893675754329,0.9498301229415517,0.9501031466050321,0.9535664824804779,0.8082078457701899,0.9373865406839375,0.9412523452157598,0.8846139225107962,0.8200032283269313,0.8011409094524476,0.9285246949626924,29,1000,0.2,120,8,0.35,0.0,0.15,0
0.7773326479487465,0.9352873250206565,0.9456533149668858,0.9453593988655516,0.9454526579118728,0.9500644775420983,0.807570368453612,0.9308862340350778,0.9337948897528936,0.8791813075944822,0.8179977563597246,0.8063533524254518,0.9285246949626924,30,1000,0.2,120,8,0.35,0.0,0.15,0
0.7632250064548225,0.9314228239376307,0.9436398547507494,0.9436138780258948,0.9432149778646818,0.9472215924834378,0.7976049066097383,0.9339888126904959,0.9380951031512129,0.8841059244250485,0.8066947923751228,0.7885438510730749,0.9285246949626924,31,1000,0.2,120,8,0.35,0.0,0.15,0
0.775355181475227,0.9346846090509503,0.946464664457304,0.9464674872398063,0.9471351239702805,0.9525200196115248,0.8012541135971389,0.9292882276050414,0.9326988302291973,0.8769003044808947,0.8128872869760417,0.7957820037103043,0.9285246949626924,32,1000,0.2,120,8,0.35,0.0,0.15,0
0.7727155942381514,0.9315648398008437,0.9433971532818973,0.9434120709969215,0.943809053247691,0.947437478621109,0.8019343620538938,0.921986716582418,0.9256729124700696,0.8801265630344722,0.8111247196989853,0.7961880962335145,0.9285246949626924,33,1000,0.2,120,8,0.35,0.0,0.15,0
0.7877014618527333,0.9354214204316106,0.9467835594445134,0.9467842239748101,0.9470013355160306,0.95166719259493,0.814700948075881,0.9249602895681275,0.9295708007666021,0.8801559481727126,0.813189806181195,0.799514532138394,0.9285246949626924,34,1000,0.2,120,8,0.35,0.0,0.15,0
0.7747915698107026,0.9361141906340715,0.9477391174273057,0.9477791095673119,0.9478225625655881,0.9511728656406375,0.8002200336779963,0.9314183827716938,0.9350372869024588,0.8827816917521211,0.8031990635686601,0.7822791366773684,0.9285246949626924,35,1000,0.2,120,8,0.35,0.0,0.15,0
0.7841371047134201,0.9386542692996601,0.951070131543301,0.9509724805246591,0.9501883016379593,0.9537608531344971,0.8116620423782421,0.9331353097171197,0.9373755105236462,0.887276704750564,0.8292523544772226,0.8154751277872346,0.9285246949626924,36,1000,0.2,120,8,0.35,0.0,0.15,0
0.7776429041867245,0.9396237616349352,0.9502317431579738,0.9501551029921008,0.9502279111496801,0.9536012575275628,0.8035219300430531,0.9399877041662086,0.9426233398192531,0.8813910897553616,0.8117042503162144,0.7975759305074139,0.9285246949626924,37,1000,0.2,120,8,0.35,0.0,0.15,0
0.7682388774779748,0.9343441934563217,0.9452817105142085,0.9452371650610809,0.9452651399955396,0.949517427506905,0.797489059558733,0.9276488266513204,0.9324996023075519,0.8729123095949931,0.7952428770163397,0.7787773374568582,0.9285246949626924,38,1000,0.2,120,8,0.35,0.0,0.15,0
0.7777282415818476,0.9352978980960531,0.9450977171837828,0.9448778618922445,0.94472614718113,0.9492378883758285,0.8029417123339595,0.9296470832385723,0.9327312695667569,0.8726355485525417,0.8074007464985011,0.785869390814475,0.9285246949626924,39,1000,0.2,120,8,0.35,0.0,0.15,0
0.784130335640986,0.9323665001998247,0.9456798188363759,0.945681631761809,0.944835902047236,0.9471746765741027,0.8108749137853238,0.9309994537051361,0.9340494993102826,0.882877765315594,0.8153817456941007,0.8007015819990202,0.9285246949626924,40,1000,0.2,120,8,0.35,0.0,0.15,0
0.7700469722181269,0.9347518304236195,0.9447545670582468,0.9447370783899756,0.9442670337919175,0.9492517927594764,0.7926732054745589,0.9247869044851986,0.9296442599699332,0.8727639785020301,0.7989107002218521,0.7874159554689655,0.9285246949626924,41,1000,0.2,120,8,0.35,0.0,0.15,0
0.7746397106980024,0.9324200743406635,0.9468387309818888,0.9461546772273861,0.9460422098163682,0.9502035040240309,0.8022157752714174,0.9330479435879997,0.9358560865827854,0.8769397922491751,0.8089851720131489,0.7862460916836697,0.9285246949626924,42,1000,0.2,120,8,0.35,0.0,0.15,0
0.7732538584562251,0.9333591381391104,0.9445998292761899,0.944637015669306,0.9449698289818386,0.9494952854717962,0.8013224227082291,0.9313551938303948,0.9361477251542892,0.8822012578616352,0.8150859015492695,0.7924215308234971,0.9285246949626924,43,1000,0.2,120,8,0.35,0.0,0.15,0
0.7808571172810383,0.9295263201166709,0.9424514460158686,0.9425692964244167,0.9427524592028202,0.949080171318188,0.8032420676205858,0.9238982187395788,0.9289019146513319,0.8641171342776222,0.8005603225047986,0.7887429136078706,0.9285246949626924,44,1000,0.2,120,8,0.35,0.0,0.15,0
0.768112489020115,0.9338136852972465,0.9445740708149549,0.943951320807491,0.9438407362769116,0.947994334457904,0.8003262734702408,0.9267518907401268,0.9313406577088614,0.8711493798623802,0.8053103359412688,0.7824801301401183,0.9285246949626924,45,1000,0.2,120,8,0.35,0.0,0.15,0
0.7759712234750636,0.9297326301382923,0.9411807578164919,0.9410902451583114,0.9413269175387333,0.9447890513367311,0.8026735410324707,0.9255911097068572,0.9298332873054963,0.8818236596739811,0.8029563069102031,0.7880370828095287,0.9285246949626924,46,1000,0.2,120,8,0.35,0.0,0.15,0
0.7721926690745393,0.9330616393856538,0.9449358850009854,0.9444024272711598,0.9444850824280717,0.9485563540742931,0.7995395944181692,0.9338491246058725,0.9372771486107006,0.8801594522859395,0.8087089283734851,0.7899988414806878,0.9285246949626924,47,1000,0.2,120,8,0.35,0.0,0.15,0
0.7713771342383107,0.9345859185520362,0.9471564645550528,0.9471419849170437,0.9472855263951735,0.9525322714932126,0.806366407239819,0.934708802413273,0.9390661116138763,0.8839741779788839,0.8052913423831071,0.7865396319758673,0.9285246949626924,48,1000,0.2,120,8,0.35,0.0,0.15,0
0.7792738120916863,0.9302440541444555,0.9443251990227255,0.9441381430121976,0.9444905798344836,0.9473936241877648,0.8056102289368868,0.9381218908144805,0.9406702066945045,0.8968408541021364,0.8362530398988848,0.8250186984396435,0.9285246949626924,49,1000,0.2,120,8,0.35,0.0,0.15,0
0.7771285143573705,0.9371538901392842,0.9497109414265119,0.9496762367088623,0.9500384732077657,0.9540869083037911,0.8060146640410288,0.9268413977099116,0.9316372820572572,0.8763930435210618,0.7992078287690381,0.7754596115917218,0.9285246949626924,50,1000,0.2,120,8,0.35,0.0,0.15,0
0.7810493827160494,0.933791727582846,0.9445929783950617,0.9447057748538011,0.9447364359974009,0.9504193063677713,0.8066204718973359,0.935211886777128,0.9381589100064978,0.8879012345679013,0.8132053078297596,0.7931583008447044,0.9285246949626924,51,1000,0.2,120,8,0.35,0.0,0.15,0
0.7843036746833676,0.9363551379675239,0.9443134062292733,0.9443645470993125,0.9442362515062661,0.9482620923276969,0.8126476397010417,0.9192716239413766,0.9259018061792558,0.8677385753611959,0.7960029123690845,0.7816323278880624,0.9285246949626924,52,1000,0.2,120,8,0.35,0.0,0.15,0
0.7808196108202194,0.934621539742217,0.946057315158241,0.9457282602185876,0.9460493557172228,0.9511791183870756,0.8073905545313438,0.9287284472654516,0.932445603287288,0.874280434985393,0.811844250046422,0.7959147877775212,0.9285246949626924,53,1000,0.2,120,8,0.35,0.0,0.15,0
0.7817868462398205,0.9385680729357794,0.9475529068474179,0.9475431549274842,0.9470251329406105,0.950806049818073,0.7992528273985261,0.9353986014381547,0.9373556167304329,0.8816206637722318,0.8039275077379047,0.7937576205159331,0.9285246949626924,54,1000,0.2,120,8,0.35,0.0,0.15,0
0.7793322065994194,0.9299129631008214,0.9411369737772649,0.9411145825578798,0.941515298146356,0.9459682428534206,0.8044760919935978,0.9190365494491178,0.922769485595176,0.8744698806111815,0.8090479718789548,0.7935694356559716,0.9285246949626924,55,1000,0.2,120,8,0.35,0.0,0.15,0
0.7761382438770694,0.935528791979274,0.9462409107106741,0.9461929481561383,0.9461322726353402,0.9497176180524121,0.806396548237039,0.9337374194604694,0.9371854263177664,0.8799856497577795,0.8123249318604271,0.7979430998449404,0.9285246949626924,56,1000,0.2,120,8,0.35,0.0,0.15,0
0.7876122623390651,0.9334170506419756,0.9455536954993768,0.9457740249510295,0.9458537416444046,0.9502957055760004,0.8163852588560664,0.9307932973731231,0.9335941222093368,0.88000972366292,0.8141281629618111,0.7897957508538997,0.9285246949626924,57,1000,0.2,120,8,0.35,0.0,0.15,0
0.7723057270369437,0.9343510326691716,0.9457670678198814,0.9458195582056004,0.9456120916353548,0.9505345766741554,0.8004318413780847,0.926126067512424,0.9297717982879882,0.8794055938821735,0.8133554157603199,0.7921822143764929,0.9285246949626924,58,1000,0.2,120,8,0.35,0.0,0.15,0
0.7758041106089206,0.9369250399203849,0.9486350863207819,0.9486815117856006,0.9487860944201705,0.9521955083613466,0.8063221857068729,0.9297703042472282,0.9337988915042903,0.8830017121270233,0.8076732369227838,0.7888815523953484,0.9285246949626924,59,1000,0.2,120,8,0.35,0.0,0.15,0
0.7790555214752366,0.9364764959113918,0.9472254134964244,0.9469691994610331,0.9471662128919408,0.9502862682411259,0.8103158550228381,0.9291905722506196,0.9328921069466163,0.8747657085375578,0.8023888651099258,0.7862706555061777,0.9285246949626924,60,1000,0.2,120,8,0.35,0.0,0.15,0
0.7747677874565587,0.9362868603537429,0.9467438065868923,0.9466532028423689,0.946472298714074,0.9509493978086837,0.8079363419708903,0.9463704706217358,0.9482578800988876,0.8863646016023919,0.8156550529384736,0.7959545023589332,0.9285246949626924,61,1000,0.2,120,8,0.35,0.0,0.15,0
0.7693821764169517,0.933207725949257,0.9470193958180074,0.946971876420999,0.9467395170448458,0.9510423555907904,0.7986994540983099,0.9286993826763705,0.9328788993402993,0.8787595437566512,0.8130832613162111,0.7933160492240007,0.9285246949626924,62,1000,0.2,120,8,0.35,0.0,0.15,0
0.780963263541928,0.9394405822074332,0.9512368279475836,0.9512058263806588,0.9513642234541109,0.956055129358773,0.8062649282263884,0.9438539692621956,0.9466180928932546,0.8867876604991491,0.8218373841216753,0.8018480522493032,0.9285246949626924,63,1000,0.2,120,8,0.35,0.0,0.15,0
0.7633060225394429,0.9258153823388477,0.9369349015056639,0.936908269898459,0.937168581753611,0.9407810866393004,0.7936401978834942,0.9223172481008275,0.925653752693666,0.8667040606712559,0.8013476755352178,0.7816271156632975,0.9285246949626924,64,1000,0.2,120,8,0.35,0.0,0.15,0
0.773163224528318,0.9385412402710954,0.9510780292254815,0.9506476354050135,0.9504188748137018,0.9541386637385311,0.8091944347609209,0.9393302618681197,0.9435220466501554,0.8872857090221963,0.8165848189612973,0.7952262725668274,0.9285246949626924,65,1000,0.2,120,8,0.35,0.0,0.15,0
0.7851930692992811,0.9364002980697319,0.9460403390794296,0.9455422041399089,0.9451820751772348,0.9494226927023135,0.808785717376121,0.9394876144223102,0.9418702214585484,0.8894637796601789,0.8312906388488853,0.8179759110519127,0.9285246949626924,66,1000,0.2,120,8,0.35,0.0,0.15,0
0.7794714505858563,0.9369706518211584,0.946253418949243,0.9458752816795811,0.9461497329053543,0.9514223341749904,0.8068057467612694,0.9408193047926183,0.943251954371302,0.8882742146888428,0.8204342765746274,0.8057037179844198,0.9285246949626924,67,1000,0.2,120,8,0.35,0.0,0.15,0
0.7759365435253843,0.9294049490856637,0.9427504667081519,0.9416567308103384,0.9419834067240809,0.945031854117878,0.7993660646566944,0.9224275830455497,0.9257799449292298,0.8785066447523636,0.8126535901296966,0.7981142853071248,0.9285246949626924,68,1000,0.2,120,8,0.35,0.0,0.15,0
0.7781962447049673,0.9377586572212427,0.9473436022014655,0.9470429766401413,0.9468883279138831,0.9505791811595649,0.807125577367289,0.9403884564024043,0.9436161343040841,0.8932736861386275,0.8185779659385458,0.8039424151737283,0.9285246949626924,69,1000,0.2,120,8,0.35,0.0,0.15,0
0.7809703179837788,0.9312624221175104,0.9429175267453718,0.9430726797915157,0.9432173007641312,0.9471524930149435,0.8001417149004754,0.9234552300570555,0.9277902510251462,0.875411616350498,0.8009574630029224,0.7854462541949102,0.9285246949626924,70,1000,0.2,120,8,0.35,0.0,0.15,0
0.7740036778034959,0.9323485530551643,0.9427859400507103,0.9426192993362861,0.9427905255973016,0.9485485086436578,0.7983227826735805,0.9359454753143441,0.9400146113076067,0.8843638324866658,0.8076459794122617,0.7902574891732318,0.9285246949626924,71,1000,0.2,120,8,0.35,0.0,0.15,0
0.7643121738651943,0.9250078734810621,0.940116273851184,0.9402284733954392,0.9395187868868198,0.9438109560610974,0.7966719859007125,0.9273660152068433,0.930140563589043,0.8813968862772738,0.823170688873981,0.8010187913748015,0.9285246949626924,72,1000,0.2,120,8,0.35,0.0,0.15,0
0.76746572265625,0.934126953125,0.944007421875,0.94229404296875,0.943051171875,0.94874228515625,0.78972236328125,0.93703388671875,0.94063583984375,0.886182421875,0.81582373046875,0.79923388671875,0.9285246949626924,73,1000,0.2,120,8,0.35,0.0,0.15,0
0.7698721824021959,0.9389928486072542,0.950534290428346,0.9504337159932066,0.9502934121543354,0.9538290288642625,0.8094849998483878,0.9418663753043628,0.9457353387241898,0.8993643195328863,0.8416655166488718,0.8202883954414663,0.9285246949626924,74,1000,0.2,120,8,0.35,0.0,0.15,0
0.7792259671739604,0.9277386641999418,0.940799385276491,0.9407925332628555,0.9378291352514078,0.9442310694769711,0.8030139071405323,0.9286531143625547,0.9321139685639404,0.8805991596494706,0.818608307087674,0.7956642415432692,0.9285246949626924,75,1000,0.2,120,8,0.35,0.0,0.15,0
0.785331820365441,0.935732500990166,0.9477951329544014,0.9476195719473827,0.9476294424625152,0.9516796118951782,0.8051570854151257,0.9250503995210788,0.9300785165938213,0.8644952683337871,0.8001356764594635,0.7905496813213151,0.9285246949626924,76,1000,0.2,120,8,0.35,0.0,0.15,0
0.7742789594222909,0.9388563538765715,0.9488217342231281,0.9484275374570091,0.9485337915369311,0.9516485232444009,0.7973490096258761,0.9390743410681607,0.9419909470741188,0.8921608166262001,0.8244392993727291,0.8039479163242271,0.9285246949626924,77,1000,0.2,120,8,0.35,0.0,0.15,0
0.7676832295550268,0.9316240233086489,0.9435193177244753,0.9427113711579752,0.9421425416682473,0.9464394326293974,0.7954959002441003,0.9308125660509727,0.9341081298733391,0.8843001988123916,0.8177709431988697,0.8051879433893246,0.9285246949626924,78,1000,0.2,120,8,0.35,0.0,0.15,0
0.7853573903465008,0.9389883734999395,0.9499427238914441,0.9499585357115359,0.950168214195361,0.9532654649421504,0.8128343070533681,0.9311636831759091,0.9349522345539142,0.8816199474851153,0.8205370204795479,0.806612797792552,0.9285246949626924,79,1000,0.2,120,8,0.35,0.0,0.15,0
0.7837353705318458,0.936577069547038,0.9447296339868116,0.9447016465886945,0.9442655661259901,0.9466828444803234,0.8073110250205402,0.934030797371625,0.9372007333666729,0.8795128953147352,0.8182798577116807,0.8027782286320573,0.9285246949626924,80,1000,0.2,120,8,0.35,0.0,0.15,0
0.7766467547443533,0.9318615295612158,0.9433698083237196,0.9432011824427977,0.9425938764299042,0.9453288442932538,0.8017523671563074,0.925759295404439,0.9298718608624484,0.8698359904227502,0.7990250817869559,0.783625862931276,0.9285246949626924,81,1000,0.2,120,8,0.35,0.0,0.15,0
0.7534295501986806,0.9233170816857428,0.936364011045625,0.9355362195160387,0.9359705773254362,0.9410395397494612,0.7883423561898897,0.9213862792778159,0.925543953393087,0.8678875363358879,0.789997745296033,0.7745593750833392,0.9285246949626924,82,1000,0.2,120,8,0.35,0.0,0.15,0
0.7758355260117561,0.9330330558301797,0.945123490026916,0.9452373129237643,0.9454559701281822,0.94984210859017,0.8000848835474523,0.9273274510832666,0.9312086653127115,0.8696486507003919,0.8046530409423402,0.7931746124330362,0.9285246949626924,83,1000,0.2,120,8,0.35,0.0,0.15,0
0.7770252901470174,0.9341804365526457,0.9469116943167013,0.9468775195194884,0.9466781499299167,0.9487250509035099,0.8010238689537013,0.9400801224633433,0.9426935479178482,0.8901353003137704,0.8287581615991653,0.8142616709423357,0.9285246949626924,84,1000,0.2,120,8,0.35,0.0,0.15,0
0.7730031401372943,0.931772840288853,0.9417296510188111,0.941215243038702,0.9413475844716743,0.945690483501897,0.8014837891650405,0.9281458331269626,0.9309421402462581,0.8767619934423632,0.801811274776872,0.7816586264623431,0.9285246949626924,85,1000,0.2,120,8,0.35,0.0,0.15,0
0.7782442351874161,0.9391402353809848,0.9470693283910897,0.9471479656368895,0.9475735433864906,0.952306900681744,0.8088709057410653,0.9343790721117203,0.9378079877489806,0.8847648239013518,0.8097645019374422,0.791677154884934,0.9285246949626924,86,1000,0.2,120,8,0.35,0.0,0.15,0
0.7756271057026962,0.9319998091147698,0.9457434502505369,0.9453237890718206,0.9447183011214507,0.9479833929849678,0.8039171558100692,0.9269139584824624,0.9314546408971606,0.8777874492961107,0.8122367931281317,0.7987158196134574,0.9285246949626924,87,1000,0.2,120,8,0.35,0.0,0.15,0
0.7756420901932713,0.9360154617036507,0.9480756859937962,0.9481462180863756,0.9485307563827249,0.9513738964447626,0.8055239322357433,0.9373347649725603,0.9401199713672155,0.8840528752087807,0.8145528990694345,0.8014934860415175,0.9285246949626924,88,1000,0.2,120,8,0.35,0.0,0.15,0
0.7780724609375,0.93869443359375,0.94981669921875,0.94993291015625,0.95008173828125,0.95382451171875,0.805645703125,0.92715888671875,0.932189453125,0.8735130859375,0.7966845703125,0.78461630859375,0.9285246949626924,89,1000,0.2,120,8,0.35,0.0,0.15,0
0.7813538845191281,0.9345443372520121,0.9452394441780734,0.9444608604002915,0.9439150966109785,0.9481568531995439,0.8110220552316878,0.9305811996976675,0.9341221426225436,0.8895485891098892,0.8288910383820521,0.8099494553100856,0.9285246949626924,90,1000,0.2,120,8,0.35,0.0,0.15,0
0.7920133325593096,0.9369993033786137,0.9468302759394713,0.9461421688145826,0.9463407059096715,0.9505138550253492,0.8190770734161539,0.9300828205425906,0.9330234335694105,0.8715368241805024,0.8048396803281861,0.7876007198420991,0.9285246949626924,91,1000,0.2,120,8,0.35,0.0,0.15,0
0.7722532062472764,0.9332498543273947,0.9448213050486819,0.9446569762968342,0.9444827878198756,0.9481810547121946,0.8002630419997224,0.9303109795965555,0.9339812139370888,0.8677449339379085,0.8174488328598732,0.8009708156003277,0.9285246949626924,92,1000,0.2,120,8,0.35,0.0,0.15,0
0.7717892025823438,0.9330472067358506,0.946385016008307,0.9463687913728205,0.9458772235476633,0.9491884012398711,0.7959715388989499,0.928345056276307,0.9316199216890927,0.874985223992682,0.8049419273939836,0.7943992944601368,0.9285246949626924,93,1000,0.2,120,8,0.35,0.0,0.15,0
0.7690511485658807,0.932914799422369,0.9458007624910452,0.9441162509478079,0.9445748146069475,0.9485259099275642,0.797812237685522,0.9205761257433236,0.9251371981789903,0.8706878975647194,0.7920439843807342,0.7805489420660282,0.9285246949626924,94,1000,0.2,120,8,0.35,0.0,0.15,0
0.7804162592268546,0.9402940818684995,0.9504356291884423,0.9504222752998679,0.9504376761348661,0.9536687323280292,0.8087945396047093,0.9401724347667417,0.9435173401705242,0.8932148989627245,0.8307660726233197,0.8151241853153233,0.9285246949626924,95,1000,0.2,120,8,0.35,0.0,0.15,0
0.7806483902371218,0.9369057888814171,0.9475496969859849,0.9461340794563083,0.9461052355108149,0.9503496270123452,0.8076683745629478,0.9339734523475871,0.936997931997396,0.8894995339192494,0.8244911873871038,0.8084817147597619,0.9285246949626924,96,1000,0.2,120,8,0.35,0.0,0.15,0
0.781569276192256,0.9331758258280777,0.945337858597791,0.945004366449517,0.9450397441118303,0.9506190321825211,0.804185600445451,0.9306711257902773,0.9341835123942949,0.8790077219438794,0.8148449477814168,0.8041033089265918,0.9285246949626924,97,1000,0.2,120,8,0.35,0.0,0.15,0
0.7726305404185185,0.9309210460057326,0.9439621150814254,0.9439008241093937,0.9440137184350295,0.9488215587684984,0.8023518660031639,0.9249634484238388,0.9290202585366383,0.8704346258886352,0.8023531129243476,0.784102790811035,0.9285246949626924,98,1000,0.2,120,8,0.35,0.0,0.15,0
0.7706033139429171,0.9381041416066432,0.9486908540377241,0.9487607489227081,0.9487066049977205,0.9535032645341245,0.7984690263770499,0.9271445251976475,0.9318359486325755,0.8551345816166017,0.7845406493392325,0.7670298148937337,0.9285246949626924,99,1000,0.2,120,8,0.35,0.0,0.15,0
0.7757935457892314,0.9344167050161067,0.94501955821445,0.9435878777419849,0.9434391777880043,0.9490115431814695,0.8016897722043258,0.9247195697192822,0.9262817341616812,0.8704461957355423,0.8001621222580151,0.7841681047706703,0.9285246949626924,0,1000,0.2,120,8,0.35,0.15,0.15,1
0.7739366108521555,0.9320769383205204,0.9449315921040832,0.9451243444770391,0.944437799508196,0.948599596913245,0.8104949827778019,0.9259279604249254,0.9302651841469344,0.8736851763088629,0.8035664308058851,0.7926937400073695,0.9285246949626924,1,1000,0.2,120,8,0.35,0.15,0.15,1
0.7702697483675744,0.9365510033444816,0.9459358576206403,0.9458067566491479,0.9456906951743909,0.9505093366778149,0.8026743908265648,0.9305581103678929,0.9319216833890747,0.8798660216594999,0.8079511068641504,0.787117474916388,0.9285246949626924,2,1000,0.2,120,8,0.35,0.15,0.15,1
0.7728202089444347,0.932965963546597,0.9436927941462119,0.9437556397540268,0.943658273319384,0.9470323645045253,0.7977702102967463,0.9206200963337603,0.9222607699324582,0.8705885997674024,0.8144348198106272,0.7949603526828632,0.9285246949626924,3,1000,0.2,120,8,0.35,0.15,0.15,1
0.7676506235359974,0.9262855611243191,0.9402249904388211,0.9401070910116788,0.9400859891437665,0.9447970295539404,0.7962740489906,0.9123341289124727,0.9165739588043139,0.871082784273378,0.80084347457162,0.7986395877430671,0.9285246949626924,4,1000,0.2,120,8,0.35,0.15,0.15,1
0.7745116326830814,0.9328098091529174,0.944040776202637,0.9440765016473237,0.9439303787219251,0.9487865989366897,0.8036736494293348,0.922473051935914,0.9271643103978907,0.8754501674459402,0.805201449047463,0.7787102509283003,0.9285246949626924,5,1000,0.2,120,8,0.35,0.15,0.15,1
0.7779335934983367,0.9352664085444325,0.9481120883230593,0.9483072317176076,0.9481826031480647,0.9521406650942581,0.8021419811090981,0.9364547503028798,0.9397628580542465,0.8794212206017998,0.81549619259229,0.7955466843497159,0.9285246949626924,6,1000,0.2,120,8,0.35,0.15,0.15,1
0.7816487874682514,0.9361561403551908,0.9472155904315349,0.9472477508599473,0.9476891453636612,0.9510022595897333,0.8110766613147911,0.9142342351202697,0.9190286960519878,0.861606398646705,0.8065678085913585,0.7919090459810529,0.9285246949626924,7,1000,0.2,120,8,0.35,0.15,0.15,1
0.7846409073079492,0.9375337816660181,0.9471402679805989,0.947102910726627,0.9475327147350212,0.9525748682887865,0.8095405928126794,0.9229864562351457,0.9281193624896595,0.8775061509892191,0.8228203142488293,0.8065060493814,0.9285246949626924,8,1000,0.2,120,8,0.35,0.15,0.15,1
0.7791722018029077,0.9423173770395973,0.9535670147286992,0.9531511914243751,0.9531926958122949,0.9559290625707876,0.8150210810139347,0.92956179258036,0.9323189115328125,0.8878442318887175,0.8177220813573689,0.8023897174340351,0.9285246949626924,9,1000,0.2,120,8,0.35,0.15,0.15,1
0.7884758745628293,0.9359268606512664,0.9448348812126297,0.9448593557098555,0.9450019246306863,0.9488603390672968,0.8071073343004408,0.9244325025700709,0.9282665419992819,0.8816550610126334,0.815591329222878,0.7784383460055183,0.9285246949626924,10,1000,0.2,120,8,0.35,0.15,0.15,1
0.7782148054298642,0.9393659366515837,0.9495844102564103,0.949751891402715,0.9497333574660634,0.9524759939668175,0.802763294117647,0.9292611764705883,0.9315607360482655,0.8652666787330316,0.8092829924585219,0.8008282352941176,0.9285246949626924,11,1000,0.2,120,8,0.35,0.15,0.15,1
0.7818247102819202,0.934403855990347,0.9436496199898293,0.9424466468840035,0.941707586016526,0.9461414575927052,0.811363352078389,0.9243885248706422,0.9276666142433003,0.8664680107385959,0.8179339447813131,0.7999866917706471,0.9285246949626924,12,1000,0.2,120,8,0.35,0.15,0.15,1
0.7638569604086846,0.9304851193931654,0.942044970780603,0.9421376601261658,0.9421484964588412,0.9460450288323852,0.7913623785750222,0.9229746700723712,0.927415534656914,0.8747512481133171,0.8059386005650373,0.7923904756376021,0.9285246949626924,13,1000,0.2,120,8,0.35,0.15,0.15,1
0.7727285664976662,0.9351846543816305,0.9446903772383002,0.944570411923009,0.9448892169923002,0.9498952884198694,0.8063299793824021,0.9377802949002013,0.9401527418037732,0.8692877167142853,0.8159685961472393,0.7915259387661753,0.9285246949626924,14,1000,0.2,120,8,0.35,0.15,0.15,1
0.7808047747780819,0.9392249748271053,0.9489907948714001,0.9489029709739059,0.9487667945935214,0.9524060590200274,0.8037963803923379,0.9254781665843688,0.9309226561577972,0.8684442420876589,0.8031708571493981,0.7781476578254645,0.9285246949626924,15,1000,0.2,120,8,0.35,0.15,0.15,1
0.7650224672571404,0.9352591653738465,0.9465801945102015,0.9465588513885198,0.9474552624991501,0.9516557047363574,0.7978081096908975,0.9278513637965029,0.9319999451452801,0.8771837586763169,0.797102434622445,0.7678270113912393,0.9285246949626924,16,1000,0.2,120,8,0.35,0.15,0.15,1
0.766383050193147,0.9352216364725671,0.9464306287742624,0.9465251843105994,0.9466693739831896,0.9513545356325469,0.794232413096393,0.9230096335346273,0.926597730366315,0.8557977935370338,0.7991922169663516,0.7909712999380827,0.9285246949626924,17,1000,0.2,120,8,0.35,0.15,0.15,1
0.7752488940732353,0.935524302323038,0.9475246726715462,0.9472455129951076,0.9476443268011967,0.9511302770792127,0.804129585622168,0.9318144250344406,0.9365261809328248,0.8782074772644669,0.8148125620056589,0.7941178908792291,0.9285246949626924,18,1000,0.2,120,8,0.35,0.15,0.15,1
0.7773387490078516,0.93413412800758,0.9447387371543653,0.9440213300773692,0.9440314016670031,0.9473599651987842,0.8094994652373273,0.9153104238241129,0.9199976835343842,0.8632956991600682,0.8038851350697012,0.7941634363334146,0.9285246949626924,19,1000,0.2,120,8,0.35,0.15,0.15,1
0.7818129324927814,0.934577130390469,0.9440416014198836,0.9438993738234924,0.9435570341278311,0.9472703604683921,0.8043048633829427,0.9276141619758423,0.9306585218812038,0.8662114775338687,0.8116262899449955,0.7969506930478076,0.9285246949626924,20,1000,0.2,120,8,0.35,0.15,0.15,1
0.76843019857289,0.9376538951682221,0.9485918444792588,0.9484641713977727,0.9485606136793261,0.9529184887906963,0.7979157074817211,0.9407387714471135,0.9453034769504911,0.8809591901833935,0.7948639279939534,0.7787672987204407,0.9285246949626924,21,1000,0.2,120,8,0.35,0.15,0.15,1
0.7706353307573311,0.9317129608184436,0.9406661985094971,0.9406375278648922,0.9405655586957822,0.9446934488844827,0.8007381423236153,0.9026730110057243,0.9060522463011211,0.8462544484601767,0.7913477260619377,0.7816301328864873,0.9285246949626924,22,1000,0.2,120,8,0.35,0.15,0.15,1
0.7681383075898911,0.9268207936222899,0.9391622010204929,0.9391547999350263,0.9394440265644434,0.9450159727110293,0.7965279949953081,0.9164492435506357,0.9209403390709924,0.8808705702068915,0.8085373273745506,0.8006128098766317,0.9285246949626924,23,1000,0.2,120,8,0.35,0.15,0.15,1
0.7761526045784013,0.9321940691979939,0.9432968105959793,0.9431878555591906,0.9440911248312313,0.9480060355075054,0.804853185270909,0.9159150418492125,0.921026323459271,0.8755638398898458,0.8137864310521272,0.8050813796133193,0.9285246949626924,24,1000,0.2,120,8,0.35,0.15,0.15,1
0.7749340089203209,0.936805762620208,0.947409901736953,0.9473736623866342,0.9476805795653396,0.9536954373103446,0.8024554151547911,0.9297209210546642,0.9323798012159905,0.8785254062620625,0.8121940847470324,0.7913672426780238,0.9285246949626924,25,1000,0.2,120,8,0.35,0.15,0.15,1
0.7722617003565855,0.933661548437926,0.9447458982917347,0.943898609329793,0.9441175467861902,0.9499122993069126,0.8058169580284728,0.930494145962394,0.9333437522219336,0.8853381195857104,0.8059502111886594,0.7855501077640934,0.9285246949626924,26,1000,0.2,120,8,0.35,0.15,0.15,1
0.7722653956278138,0.9360970347006213,0.94672119979344,0.9468982789093051,0.947216458854077,0.9505031868907148,0.7980926659086336,0.9235944345178206,0.928059039302157,0.8669651927044568,0.7946020932380701,0.7789234152219187,0.9285246949626924,27,1000,0.2,120,8,0.35,0.15,0.15,1
0.7795737116493323,0.9309559444062181,0.942792177249063,0.9423586667357552,0.9428554414657375,0.946537519295586,0.8014152305689481,0.9138249987246737,0.9177988953063575,0.8760177003236316,0.8085101618399082,0.7993799303410765,0.9285246949626924,28,1000,0.2,120,8,0.35,0.15,0.15,1
0.7764190602293516,0.9407349551387323,0.949893675754329,0.9498301229415517,0.9501031466050321,0.9535664824804779,0.8082078457701899,0.93809546646205,0.9403174755419145,0.8877972166207371,0.8188614221170026,0.7963945280638304,0.9285246949626924,29,1000,0.2,120,8,0.35,0.15,0.15,1
0.7773326479487465,0.9352873250206565,0.9456533149668858,0.9453593988655516,0.9454526579118728,0.9500644775420983,0.807570368453612,0.928954619353954,0.9319966267922103,0.8766822944165819,0.8145889106374967,0.8065711505512839,0.9285246949626924,30,1000,0.2,120,8,0.35,0.15,0.15,1
0.7632250064548225,0.9314228239376307,0.9436398547507494,0.9436138780258948,0.9432149778646818,0.9472215924834378,0.7976049066097383,0.9415269827325625,0.9448483628365953,0.876964785007179,0.8085957179337011,0.7892345958021613,0.9285246949626924,31,1000,0.2,120,8,0.35,0.15,0.15,1
0.775355181475227,0.9346846090509503,0.946464664457304,0.9464674872398063,0.9471351239702805,0.9525200196115248,0.8012541135971389,0.9208515147294251,0.9222384743113652,0.8699155725221007,0.8143393652301916,0.7973862202075991,0.9285246949626924,32,1000,0.2,120,8,0.35,0.15,0.15,1
0.7727155942381514,0.9315648398008437,0.9433971532818973,0.9434120709969215,0.943809053247691,0.947437478621109,0.8019343620538938,0.9183361521796967,0.9219016761050511,0.8728345558891718,0.8104120900003801,0.7957858880316218,0.9285246949626924,33,1000,0.2,120,8,0.35,0.15,0.15,1
0.7877014618527333,0.9354214204316106,0.9467835594445134,0.9467842239748101,0.9470013355160306,0.95166719259493,0.814700948075881,0.9250347169613574,0.929612666175294,0.8684628730720552,0.7988640519108284,0.7991500847371061,0.9285246949626924,34,1000,0.2,120,8,0.35,0.15,0.15,1
0.7747915698107026,0.9361141906340715,0.9477391174273057,0.9477791095673119,0.9478225625655881,0.9511728656406375,0.8002200336779963,0.9290362547976148,0.9321916923250854,0.8715985050630434,0.8016691719435142,0.7797049310693167,0.9285246949626924,35,1000,0.2,120,8,0.35,0.15,0.15,1
0.7841371047134201,0.9386542692996601,0.951070131543301,0.9509724805246591,0.9501883016379593,0.9537608531344971,0.8116620423782421,0.934534910430825,0.9372834176591566,0.8923353916711443,0.8309400209044094,0.8145452869296459,0.9285246949626924,36,1000,0.2,120,8,0.35,0.15,0.15,1
0.7776429041867245,0.9396237616349352,0.9502317431579738,0.9501551029921008,0.9502279111496801,0.9536012575275628,0.8035219300430531,0.9321998842340469,0.9360593061254849,0.8645485289951855,0.8033076323484777,0.7903571146785471,0.9285246949626924,37,1000,0.2,120,8,0.35,0.15,0.15,1
0.7682388774779748,0.9343441934563217,0.9452817105142085,0.9452371650610809,0.9452651399955396,0.949517427506905,0.797489059558733,0.9090674268050948,0.9148576533962155,0.8540437524075989,0.7879587694303952,0.7777579581378012,0.9285246949626924,38,1000,0.2,120,8,0.35,0.15,0.15,1
0.7777282415818476,0.9352978980960531,0.9450977171837828,0.9448778618922445,0.94472614718113,0.9492378883758285,0.8029417123339595,0.9239995686371234,0.9283570713955065,0.8672781652828402,0.8048386800878373,0.7894311436037496,0.9285246949626924,39,1000,0.2,120,8,0.35,0.15,0.15,1
0.784130335640986,0.9323665001998247,0.9456798188363759,0.945681631761809,0.944835902047236,0.9471746765741027,0.8108749137853238,0.9280178963941316,0.930375605919967,0.878875732421875,0.8121123361115409,0.8000974749574566,0.9285246949626924,40,1000,0.2,120,8,0.35,0.15,0.15,1
0.7700469722181269,0.9347518304236195,0.9447545670582468,0.9447370783899756,0.9442670337919175,0.9492517927594764,0.7926732054745589,0.9235687552337771,0.9279840089088645,0.8787014302311074,0.8039617988863724,0.7870267104723612,0.9285246949626924,41,1000,0.2,120,8,0.35,0.15,0.15,1
0.7746397106980024,0.9324200743406635,0.9468387309818888,0.9461546772273861,0.9460422098163682,0.9502035040240309,0.8022157752714174,0.9387065401521449,0.93996719848107,0.8926151713519233,0.8086588886055064,0.7871302842955742,0.9285246949626924,42,1000,0.2,120,8,0.35,0.15,0.15,1
0.7732538584562251,0.9333591381391104,0.9445998292761899,0.944637015669306,0.9449698289818386,0.9494952854717962,0.8013224227082291,0.9301601271598033,0.9342792806051865,0.8806948655304703,0.8006872123941562,0.7909959870092917,0.9285246949626924,43,1000,0.2,120,8,0.35,0.15,0.15,1
0.7808571172810383,0.9295263201166709,0.9424514460158686,0.9425692964244167,0.9427524592028202,0.949080171318188,0.8032420676205858,0.9170621266629682,0.920216618079386,0.8684620396822592,0.7939606996261059,0.7847427230494268,0.9285246949626924,44,1000,0.2,120,8,0.35,0.15,0.15,1
0.768112489020115,0.9338136852972465,0.9445740708149549,0.943951320807491,0.9438407362769116,0.947994334457904,0.8003262734702408,0.9141081308503735,0.9179472604106594,0.8517793109896274,0.7972432631825402,0.7793545948952767,0.9285246949626924,45,1000,0.2,120,8,0.35,0.15,0.15,1
0.7759712234750636,0.9297326301382923,0.9411807578164919,0.9410902451583114,0.9413269175387333,0.9447890513367311,0.8026735410324707,0.9098693859991593,0.9131847691326425,0.8576657425642719,0.7911123463993296,0.7901629976374128,0.9285246949626924,46,1000,0.2,120,8,0.35,0.15,0.15,1
0.7721926690745393,0.9330616393856538,0.9449358850009854,0.9444024272711598,0.9444850824280717,0.9485563540742931,0.7995395944181692,0.9298103761762243,0.9326493258264361,0.8895832948443196,0.8159169584133905,0.7858691627561829,0.9285246949626924,47,1000,0.2,120,8,0.35,0.15,0.15,1
0.7713771342383107,0.9345859185520362,0.9471564645550528,0.9471419849170437,0.9472855263951735,0.9525322714932126,0.806366407239819,0.9382979185520361,0.9398854660633484,0.8818053212669683,0.8094032699849171,0.7881991915535445,0.9285246949626924,48,1000,0.2,120,8,0.35,0.15,0.15,1
0.7792738120916863,0.9302440541444555,0.9443251990227255,0.9441381430121976,0.9444905798344836,0.9473936241877648,0.8056102289368868,0.9268016124438175,0.9283630861243494,0.8853785888567135,0.8267129923910503,0.8230802481743419,0.9285246949626924,49,1000,0.2,120,8,0.35,0.15,0.15,1
0.7771285143573705,0.9371538901392842,0.9497109414265119,0.9496762367088623,0.9500384732077657,0.9540869083037911,0.8060146640410288,0.9353061763630302,0.9412298198315638,0.8741987632430703,0.7981016038770842,0.7765116163707825,0.9285246949626924,50,1000,0.2,120,8,0.35,0.15,0.15,1
0.7810493827160494,0.933791727582846,0.9445929783950617,0.9447057748538011,0.9447364359974009,0.9504193063677713,0.8066204718973359,0.9100798001949317,0.9130845922677063,0.8739931570825211,0.805581647985705,0.7957612491877842,0.9285246949626924,51,1000,0.2,120,8,0.35,0.15,0.15,1
0.7843036746833676,0.9363551379675239,0.9443134062292733,0.9443645470993125,0.9442362515062661,0.9482620923276969,0.8126476397010417,0.9091947047225687,0.9153712211306586,0.8464465323189113,0.799224590106912,0.778595604703344,0.9285246949626924,52,1000,0.2,120,8,0.35,0.15,0.15,1
0.7808196108202194,0.934621539742217,0.946057315158241,0.9457282602185876,0.9460493557172228,0.9511791183870756,0.8073905545313438,0.9272689575685111,0.9316719844468639,0.8842342013103763,0.8107489533092396,0.7948126963955672,0.9285246949626924,53,1000,0.2,120,8,0.35,0.15,0.15,1
0.7817868462398205,0.9385680729357794,0.9475529068474179,0.9475431549274842,0.9470251329406105,0.950806049818073,0.7992528273985261,0.9313871491734614,0.9329690081058933,0.8797786236159709,0.8121662222554221,0.7988291064774105,0.9285246949626924,54,1000,0.2,120,8,0.35,0.15,0.15,1
0.7793322065994194,0.9299129631008214,0.9411369737772649,0.9411145825578798,0.941515298146356,0.9459682428534206,0.8044760919935978,0.9154602549070696,0.9170677699818854,0.8615161240043178,0.8034143992406759,0.7882778380046651,0.9285246949626924,55,1000,0.2,120,8,0.35,0.15,0.15,1
0.7761382438770694,0.935528791979274,0.9462409107106741,0.9461929481561383,0.9461322726353402,0.9497176180524121,0.806396548237039,0.923500303377604,0.9273740982943437,0.8844575319509588,0.8168273444347064,0.7948692586992324,0.9285246949626924,56,1000,0.2,120,8,0.35,0.15,0.15,1
0.7876122623390651,0.9334170506419756,0.9455536954993768,0.9457740249510295,0.9458537416444046,0.9502957055760004,0.8163852588560664,0.9253531503712049,0.929063868837365,0.8829760911998387,0.8196683253454053,0.7896005484193185,0.9285246949626924,57,1000,0.2,120,8,0.35,0.15,0.15,1
0.7723057270369437,0.9343510326691716,0.9457670678198814,0.9458195582056004,0.9456120916353548,0.9505345766741554,0.8004318413780847,0.9250888306216819,0.9290242661038008,0.8689126026441336,0.7944190532999084,0.7873514675620932,0.9285246949626924,58,1000,0.2,120,8,0.35,0.15,0.15,1
0.7758041106089206,0.9369250399203849,0.9486350863207819,0.9486815117856006,0.9487860944201705,0.9521955083613466,0.8063221857068729,0.9216318099664342,0.9254490259927454,0.8716808174090479,0.8056755381418282,0.7865977805018062,0.9285246949626924,59,1000,0.2,120,8,0.35,0.15,0.15,1
0.7790555214752366,0.9364764959113918,0.9472254134964244,0.9469691994610331,0.9471662128919408,0.9502862682411259,0.8103158550228381,0.938225666137177,0.9415593458536012,0.8808463735621882,0.8046132819501702,0.7862089439462022,0.9285246949626924,60,1000,0.2,120,8,0.35,0.15,0.15,1
0.7747677874565587,0.9362868603537429,0.9467438065868923,0.9466532028423689,0.946472298714074,0.9509493978086837,0.8079363419708903,0.9369018737177952,0.938725577437079,0.8905749454759608,0.8144326102291628,0.7969326385428329,0.9285246949626924,61,1000,0.2,120,8,0.35,0.15,0.15,1
0.7693821764169517,0.933207725949257,0.9470193958180074,0.946971876420999,0.9467395170448458,0.9510423555907904,0.7986994540983099,0.9317555750775524,0.9349475643928302,0.884866310033116,0.8052336092600925,0.792500124988394,0.9285246949626924,62,1000,0.2,120,8,0.35,0.15,0.15,1
0.780963263541928,0.9394405822074332,0.9512368279475836,0.9512058263806588,0.9513642234541109,0.956055129358773,0.8062649282263884,0.9426656423190727,0.9447011792856501,0.8980882799024816,0.8199997188925443,0.8006430781625261,0.9285246949626924,63,1000,0.2,120,8,0.35,0.15,0.15,1
0.7633060225394429,0.9258153823388477,0.9369349015056639,0.936908269898459,0.937168581753611,0.9407810866393004,0.7936401978834942,0.919312621754866,0.9214720093092478,0.8677962470932812,0.8080270763066241,0.777270184724575,0.9285246949626924,64,1000,0.2,120,8,0.35,0.15,0.15,1
0.773163224528318,0.9385412402710954,0.9510780292254815,0.9506476354050135,0.9504188748137018,0.9541386637385311,0.8091944347609209,0.9344377206375659,0.9386481301757084,0.8781119032030936,0.8209644708484103,0.7913839044047953,0.9285246949626924,65,1000,0.2,120,8,0.35,0.15,0.15,1
0.7851930692992811,0.9364002980697319,0.9460403390794296,0.9455422041399089,0.9451820751772348,0.9494226927023135,0.808785717376121,0.929256436544678,0.931386692553974,0.8828021181647928,0.8290887240328572,0.8183004037616431,0.9285246949626924,66,1000,0.2,120,8,0.35,0.15,0.15,1
0.7794714505858563,0.9369706518211584,0.946253418949243,0.9458752816795811,0.9461497329053543,0.9514223341749904,0.8068057467612694,0.9240536435989858,0.9278463805273788,0.8793156801558086,0.8197855096792581,0.8061709588766668,0.9285246949626924,67,1000,0.2,120,8,0.35,0.15,0.15,1
0.7759365435253843,0.9294049490856637,0.9427504667081519,0.9416567308103384,0.9419834067240809,0.945031854117878,0.7993660646566944,0.9164758665570951,0.9197423288063831,0.876366971946842,0.8177035583824585,0.7984793587532915,0.9285246949626924,68,1000,0.2,120,8,0.35,0.15,0.15,1
0.7781962447049673,0.9377586572212427,0.9473436022014655,0.9470429766401413,0.9468883279138831,0.9505791811595649,0.807125577367289,0.9299699499699327,0.934331044050413,0.8813520518995344,0.8152601967228152,0.799434188006023,0.9285246949626924,69,1000,0.2,120,8,0.35,0.15,0.15,1
0.7809703179837788,0.9312624221175104,0.9429175267453718,0.9430726797915157,0.9432173007641312,0.9471524930149435,0.8001417149004754,0.929147815799105,0.9322024096799117,0.8776157452938941,0.8091861330429082,0.7856455834383533,0.9285246949626924,70,1000,0.2,120,8,0.35,0.15,0.15,1
0.7740036778034959,0.9323485530551643,0.9427859400507103,0.9426192993362861,0.9427905255973016,0.9485485086436578,0.7983227826735805,0.9423382150867214,0.9452122795864344,0.8935395112158567,0.8104254060355159,0.7880156447141916,0.9285246949626924,71,1000,0.2,120,8,0.35,0.15,0.15,1
0.7643121738651943,0.9250078734810621,0.940116273851184,0.9402284733954392,0.9395187868868198,0.9438109560610974,0.7966719859007125,0.9092107630388554,0.9135322992242816,0.8589243907759877,0.8139317881407229,0.7993783364729693,0.9285246949626924,72,1000,0.2,120,8,0.35,0.15,0.15,1
0.76746572265625,0.934126953125,0.944007421875,0.94229404296875,0.943051171875,0.94874228515625,0.78972236328125,0.92910078125,0.9313716796875,0.87196025390625,0.80399560546875,0.7994078125,0.9285246949626924,73,1000,0.2,120,8,0.35,0.15,0.15,1
0.7698721824021959,0.9389928486072542,0.950534290428346,0.9504337159932066,0.9502934121543354,0.9538290288642625,0.8094849998483878,0.9413796150531007,0.9438563480832164,0.8949067204638153,0.8359422808820808,0.8129561688605738,0.9285246949626924,74,1000,0.2,120,8,0.35,0.15,0.15,1
0.7792259671739604,0.9277386641999418,0.940799385276491,0.9407925332628555,0.9378291352514078,0.9442310694769711,0.8030139071405323,0.9356415809553176,0.9357308529043973,0.8937941801932757,0.820926245414657,0.7964359740504455,0.9285246949626924,75,1000,0.2,120,8,0.35,0.15,0.15,1
0.785331820365441,0.935732500990166,0.9477951329544014,0.9476195719473827,0.9476294424625152,0.9516796118951782,0.8051570854151257,0.9291836537752948,0.9325584116482045,0.8634817676731813,0.8010670506009563,0.7906909351009797,0.9285246949626924,76,1000,0.2,120,8,0.35,0.15,0.15,1
0.7742789594222909,0.9388563538765715,0.9488217342231281,0.9484275374570091,0.9485337915369311,0.9516485232444009,0.7973490096258761,0.9387890400579838,0.9411107797601437,0.8923651062384256,0.8192072154151775,0.8007098085626309,0.9285246949626924,77,1000,0.2,120,8,0.35,0.15,0.15,1
0.7676832295550268,0.9316240233086489,0.9435193177244753,0.9427113711579752,0.9421425416682473,0.9464394326293974,0.7954959002441003,0.9168468415140402,0.9193404074410659,0.88181043613414,0.8119536304008692,0.8028697169827053,0.9285246949626924,78,1000,0.2,120,8,0.35,0.15,0.15,1
0.7853573903465008,0.9389883734999395,0.9499427238914441,0.9499585357115359,0.950168214195361,0.9532654649421504,0.8128343070533681,0.9326385036871986,0.9363646916754008,0.8754488199864549,0.8173913521718567,0.8042073387272919,0.9285246949626924,79,1000,0.2,120,8,0.35,0.15,0.15,1
0.7837353705318458,0.936577069547038,0.9447296339868116,0.9447016465886945,0.9442655661259901,0.9466828444803234,0.8073110250205402,0.9323279239858393,0.9364226062252495,0.8694384972568476,0.8158305245864934,0.8031525237660463,0.9285246949626924,80,1000,0.2,120,8,0.35,0.15,0.15,1
0.7766467547443533,0.9318615295612158,0.9433698083237196,0.9432011824427977,0.9425938764299042,0.9453288442932538,0.8017523671563074,0.922591482214686,0.9265492308316183,0.8657593090189853,0.7965768946172849,0.7834436225040282,0.9285246949626924,81,1000,0.2,120,8,0.35,0.15,0.15,1
0.7534295501986806,0.9233170816857428,0.936364011045625,0.9355362195160387,0.9359705773254362,0.9410395397494612,0.7883423561898897,0.9179505953145797,0.9225485428066458,0.8672187862904301,0.7865156095822494,0.7750432878917548,0.9285246949626924,82,1000,0.2,120,8,0.35,0.15,0.15,1
0.7758355260117561,0.9330330558301797,0.945123490026916,0.9452373129237643,0.9454559701281822,0.94984210859017,0.8000848835474523,0.9085711963196808,0.9122649203010122,0.8602333965367942,0.7981216584064462,0.7935471503778285,0.9285246949626924,83,1000,0.2,120,8,0.35,0.15,0.15,1
0.7770252901470174,0.9341804365526457,0.9469116943167013,0.9468775195194884,0.9466781499299167,0.9487250509035099,0.8010238689537013,0.9299722536515223,0.9329604062556418,0.8804598473034192,0.8242523690208552,0.8147966111354442,0.9285246949626924,84,1000,0.2,120,8,0.35,0.15,0.15,1
0.7730031401372943,0.931772840288853,0.9417296510188111,0.941215243038702,0.9413475844716743,0.945690483501897,0.8014837891650405,0.9099894007984072,0.9131229012094977,0.8579856564075641,0.8009907777040346,0.780386127923448,0.9285246949626924,85,1000,0.2,120,8,0.35,0.15,0.15,1
0.7782442351874161,0.9391402353809848,0.9470693283910897,0.9471479656368895,0.9475735433864906,0.952306900681744,0.8088709057410653,0.9197459099851351,0.9221862012902753,0.8789338623688192,0.8108123481159648,0.7903747620881838,0.9285246949626924,86,1000,0.2,120,8,0.35,0.15,0.15,1
0.7756271057026962,0.9319998091147698,0.9457434502505369,0.9453237890718206,0.9447183011214507,0.9479833929849678,0.8039171558100692,0.9194224767358625,0.921502743975185,0.8812622285850632,0.8191210689572894,0.7991211643999045,0.9285246949626924,87,1000,0.2,120,8,0.35,0.15,0.15,1
0.7756420901932713,0.9360154617036507,0.9480756859937962,0.9481462180863756,0.9485307563827249,0.9513738964447626,0.8055239322357433,0.9440406585540444,0.9462534955857791,0.8914227630637079,0.8045787640181341,0.7987704127893104,0.9285246949626924,88,1000,0.2,120,8,0.35,0.15,0.15,1
0.7780724609375,0.93869443359375,0.94981669921875,0.94993291015625,0.95008173828125,0.95382451171875,0.805645703125,0.92415966796875,0.92868583984375,0.88098837890625,0.79001494140625,0.7851328125,0.9285246949626924,89,1000,0.2,120,8,0.35,0.15,0.15,1
0.7813538845191281,0.9345443372520121,0.9452394441780734,0.9444608604002915,0.9439150966109785,0.9481568531995439,0.8110220552316878,0.9240465486986549,0.9267836055892096,0.8875062654957933,0.8204803917809248,0.809575707636937,0.9285246949626924,90,1000,0.2,120,8,0.35,0.15,0.15,1
0.7920133325593096,0.9369993033786137,0.9468302759394713,0.9461421688145826,0.9463407059096715,0.9505138550253492,0.8190770734161539,0.9145743836835791,0.9156090599481405,0.87276316807926,0.8005986106273463,0.7887537249893571,0.9285246949626924,91,1000,0.2,120,8,0.35,0.15,0.15,1
0.7722532062472764,0.9332498543273947,0.9448213050486819,0.9446569762968342,0.9444827878198756,0.9481810547121946,0.8002630419997224,0.9238638793417107,0.9277055955679956,0.866537600931686,0.8098953167852347,0.7991746056786604,0.9285246949626924,92,1000,0.2,120,8,0.35,0.15,0.15,1
0.7717892025823438,0.9330472067358506,0.946385016008307,0.9463687913728205,0.9458772235476633,0.9491884012398711,0.7959715388989499,0.9323409522161307,0.9356806195956512,0.8694199808703822,0.8014121034235526,0.7948042343208213,0.9285246949626924,93,1000,0.2,120,8,0.35,0.15,0.15,1
0.7690511485658807,0.932914799422369,0.9458007624910452,0.9441162509478079,0.9445748146069475,0.9485259099275642,0.797812237685522,0.9178844838152183,0.9208616594895116,0.8574156877113684,0.7922008019509049,0.7800176685059323,0.9285246949626924,94,1000,0.2,120,8,0.35,0.15,0.15,1
0.7804162592268546,0.9402940818684995,0.9504356291884423,0.9504222752998679,0.9504376761348661,0.9536687323280292,0.8087945396047093,0.9315859818870584,0.9343123195762938,0.8799171552045465,0.8193122376984369,0.8115832604230512,0.9285246949626924,95,1000,0.2,120,8,0.35,0.15,0.15,1
0.7806483902371218,0.9369057888814171,0.9475496969859849,0.9461340794563083,0.9461052355108149,0.9503496270123452,0.8076683745629478,0.9328328859568477,0.9352847197672874,0.8743482917247114,0.8119771481134632,0.8013357995398948,0.9285246949626924,96,1000,0.2,120,8,0.35,0.15,0.15,1
0.781569276192256,0.9331758258280777,0.945337858597791,0.945004366449517,0.9450397441118303,0.9506190321825211,0.804185600445451,0.9255672250569215,0.9289341594786563,0.893686952295145,0.8056798260034278,0.7991021764568579,0.9285246949626924,97,1000,0.2,120,8,0.35,0.15,0.15,1
0.7726305404185185,0.9309210460057326,0.9439621150814254,0.9439008241093937,0.9440137184350295,0.9488215587684984,0.8023518660031639,0.9146658937034221,0.9191314062134466,0.8711598544325027,0.7941396430870354,0.7840216450170775,0.9285246949626924,98,1000,0.2,120,8,0.35,0.15,0.15,1
0.7706033139429171,0.9381041416066432,0.9486908540377241,0.9487607489227081,0.9487066049977205,0.9535032645341245,0.7984690263770499,0.912613083278968,0.9126713618309545,0.8588198140382597,0.7897777450945358,0.7684809705269021,0.9285246949626924,99,1000,0.2,120,8,0.35,0.15,0.15,1
0.7757935457892314,0.9344167050161067,0.94501955821445,0.9435878777419849,0.9434391777880043,0.9490115431814695,0.8016897722043258,0.9219922534131002,0.9216826775579077,0.864374616505599,0.7915818185304495,0.7848081569259089,0.9285246949626924,0,1000,0.2,120,8,0.35,0.3,0.15,2
0.7739366108521555,0.9320769383205204,0.9449315921040832,0.9451243444770391,0.944437799508196,0.948599596913245,0.8104949827778019,0.9248924332486621,0.9309382423562806,0.8759821584938381,0.789824899531025,0.7926724762113744,0.9285246949626924,1,1000,0.2,120,8,0.35,0.3,0.15,2
0.7702697483675744,0.9365510033444816,0.9459358576206403,0.9458067566491479,0.9456906951743909,0.9505093366778149,0.8026743908265648,0.9365200469820035,0.9376454252269469,0.8792948717948718,0.8010174788979136,0.7874039456919891,0.9285246949626924,2,1000,0.2,120,8,0.35,0.3,0.15,2
0.7728202089444347,0.932965963546597,0.9436927941462119,0.9437556397540268,0.943658273319384,0.9470323645045253,0.7977702102967463,0.9205557754769357,0.9234260199502841,0.8712342670839982,0.8131448620765114,0.791851904669409,0.9285246949626924,3,1000,0.2,120,8,0.35,0.3,0.15,2
0.7676506235359974,0.9262855611243191,0.9402249904388211,0.9401070910116788,0.9400859891437665,0.9447970295539404,0.7962740489906,0.9151095085307205,0.9186721426981874,0.8639197648903444,0.7822716044650391,0.7982560758133972,0.9285246949626924,4,1000,0.2,120,8,0.35,0.3,0.15,2
0.7745116326830814,0.9328098091529174,0.944040776202637,0.9440765016473237,0.9439303787219251,0.9487865989366897,0.8036736494293348,0.9097766583805109,0.9134455444172209,0.8623366842043461,0.8062300685450247,0.7814989830449577,0.9285246949626924,5,1000,0.2,120,8,0.35,0.3,0.15,2
0.7779335934983367,0.9352664085444325,0.9481120883230593,0.9483072317176076,0.9481826031480647,0.9521406650942581,0.8021419811090981,0.9412764715402951,0.9439569187810638,0.8815893059455586,0.8288915540917455,0.7974831903656714,0.9285246949626924,6,1000,0.2,120,8,0.35,0.3,0.15,2
0.7816487874682514,0.9361561403551908,0.9472155904315349,0.9472477508599473,0.9476891453636612,0.9510022595897333,0.8110766613147911,0.8982054579295864,0.9039551917700775,0.8413603762868475,0.8030637971434261,0.7921677063074272,0.9285246949626924,7,1000,0.2,120,8,0.35,0.3,0.15,2
0.7846409073079492,0.9375337816660181,0.9471402679805989,0.947102910726627,0.9475327147350212,0.9525748682887865,0.8095405928126794,0.9054332409735535,0.909895672533744,0.8684981630890576,0.8206010782164083,0.810015088614438,0.9285246949626924,8,1000,0.2,120,8,0.35,0.3,0.15,2
0.7791722018029077,0.9423173770395973,0.9535670147286992,0.9531511914243751,0.9531926958122949,0.9559290625707876,0.8150210810139347,0.9389041769879604,0.9406624626423973,0.8868739450359144,0.8055005979652132,0.804124717762855,0.9285246949626924,9,1000,0.2,120,8,0.35,0.3,0.15,2
0.7884758745628293,0.9359268606512664,0.9448348812126297,0.9448593557098555,0.9450019246306863,0.9488603390672968,0.8071073343004408,0.9248511557583866,0.9289496391454262,0.8746894798164492,0.8160630104885159,0.7681997485096176,0.9285246949626924,10,1000,0.2,120,8,0.35,0.3,0.15,2
0.7782148054298642,0.9393659366515837,0.9495844102564103,0.949751891402715,0.9497333574660634,0.9524759939668175,0.802763294117647,0.9253955957767722,0.9279118672699849,0.8463397647058823,0.8052345822021116,0.8016920904977376,0.9285246949626924,11,1000,0.2,120,8,0.35,0.3,0.15,2
0.7818247102819202,0.934403855990347,0.9436496199898293,0.9424466468840035,0.941707586016526,0.9461414575927052,0.811363352078389,0.9222854692202276,0.9266020546208038,0.8528867059970258,0.8170040470641384,0.8016130008368981,0.9285246949626924,12,1000,0.2,120,8,0.35,0.3,0.15,2
0.7638569604086846,0.9304851193931654,0.942044970780603,0.9421376601261658,0.9421484964588412,0.9460450288323852,0.7913623785750222,0.9290392430047603,0.9342163976934091,0.8774858740663338,0.8025838848252641,0.7922078060296451,0.9285246949626924,13,1000,0.2,120,8,0.35,0.3,0.15,2
0.7727285664976662,0.9351846543816305,0.9446903772383002,0.944570411923009,0.9448892169923002,0.9498952884198694,0.8063299793824021,0.9383423379145318,0.9411347135324484,0.8656060743941301,0.8210099455956794,0.7920044971458878,0.9285246949626924,14,1000,0.2,120,8,0.35,0.3,0.15,2
0.7808047747780819,0.9392249748271053,0.9489907948714001,0.9489029709739059,0.9487667945935214,0.9524060590200274,0.8037963803923379,0.932730446946669,0.9357554374833973,0.8712098067519013,0.8128067175611087,0.7677682546411476,0.9285246949626924,15,1000,0.2,120,8,0.35,0.3,0.15,2
0.7650224672571404,0.9352591653738465,0.9465801945102015,0.9465588513885198,0.9474552624991501,0.9516557047363574,0.7978081096908975,0.9325073513050788,0.9355057218881149,0.8784267782200493,0.7911774488383161,0.7578764810774394,0.9285246949626924,16,1000,0.2,120,8,0.35,0.3,0.15,2
0.766383050193147,0.9352216364725671,0.9464306287742624,0.9465251843105994,0.9466693739831896,0.9513545356325469,0.794232413096393,0.9242974137606883,0.9306060628849465,0.8413367124654378,0.7815370037526416,0.7878875661475137,0.9285246949626924,17,1000,0.2,120,8,0.35,0.3,0.15,2
0.7752488940732353,0.935524302323038,0.9475246726715462,0.9472455129951076,0.9476443268011967,0.9511302770792127,0.804129585622168,0.9272054438434105,0.9344910619463812,0.8831379665050337,0.8127982176928107,0.7953146319322114,0.9285246949626924,18,1000,0.2,120,8,0.35,0.3,0.15,2
0.7773387490078516,0.93413412800758,0.9447387371543653,0.9440213300773692,0.9440314016670031,0.9473599651987842,0.8094994652373273,0.9164548081962597,0.92131018597965,0.8598210975785961,0.7846223483150812,0.7929807024468927,0.9285246949626924,19,1000,0.2,120,8,0.35,0.3,0.15,2
0.7818129324927814,0.934577130390469,0.9440416014198836,0.9438993738234924,0.9435570341278311,0.9472703604683921,0.8043048633829427,0.9277847742671654,0.9333703753602195,0.8597820400100522,0.8127422139514627,0.7989247472064138,0.9285246949626924,20,1000,0.2,120,8,0.35,0.3,0.15,2
0.76843019857289,0.9376538951682221,0.9485918444792588,0.9484641713977727,0.9485606136793261,0.9529184887906963,0.7979157074817211,0.9494877166710403,0.9501220554659007,0.8721088921747794,0.7802032280469082,0.7689991294660043,0.9285246949626924,21,1000,0.2,120,8,0.35,0.3,0.15,2
0.7706353307573311,0.9317129608184436,0.9406661985094971,0.9406375278648922,0.9405655586957822,0.9446934488844827,0.8007381423236153,0.8985472662394091,0.9008660777612244,0.8345675525733317,0.7809739261941543,0.7779008036654737,0.9285246949626924,22,1000,0.2,120,8,0.35,0.3,0.15,2
0.7681383075898911,0.9268207936222899,0.9391622010204929,0.9391547999350263,0.9394440265644434,0.9450159727110293,0.7965279949953081,0.9148046444538018,0.917263362951958,0.8771788892996275,0.8044960425616948,0.8039717340860107,0.9285246949626924,23,1000,0.2,120,8,0.35,0.3,0.15,2
0.7761526045784013,0.9321940691979939,0.9432968105959793,0.9431878555591906,0.9440911248312313,0.9480060355075054,0.804853185270909,0.9135786694174175,0.9175930270328798,0.8787704943162921,0.8027053254272531,0.8026742785779456,0.9285246949626924,24,1000,0.2,120,8,0.35,0.3,0.15,2
0.7749340089203209,0.936805762620208,0.947409901736953,0.9473736623866342,0.9476805795653396,0.9536954373103446,0.8024554151547911,0.9300246320710089,0.9330246284762208,0.8780760577493965,0.8123117411900245,0.7954360570265525,0.9285246949626924,25,1000,0.2,120,8,0.35,0.3,0.15,2
0.7722617003565855,0.933661548437926,0.9447458982917347,0.943898609329793,0.9441175467861902,0.9499122993069126,0.8058169580284728,0.9343263057125177,0.9356197161979223,0.8919958497423286,0.8047513350206703,0.784170208435096,0.9285246949626924,26,1000,0.2,120,8,0.35,0.3,0.15,2
0.7722653956278138,0.9360970347006213,0.94672119979344,0.9468982789093051,0.947216458854077,0.9505031868907148,0.7980926659086336,0.9298768640704438,0.935614382586897,0.861919116737904,0.7831921274465357,0.7804067679909618,0.9285246949626924,27,1000,0.2,120,8,0.35,0.3,0.15,2
0.7795737116493323,0.9309559444062181,0.942792177249063,0.9423586667357552,0.9428554414657375,0.946537519295586,0.8014152305689481,0.9022721494047741,0.903316611496253,0.8681409036700878,0.8016696933071279,0.7977547429082822,0.9285246949626924,28,1000,0.2,120,8,0.35,0.3,0.15,2
0.7764190602293516,0.9407349551387323,0.949893675754329,0.9498301229415517,0.9501031466050321,0.9535664824804779,0.8082078457701899,0.939994642848788,0.9432685874432118,0.8886057604581417,0.8080718700434655,0.7916064279576231,0.9285246949626924,29,1000,0.2,120,8,0.35,0.3,0.15,2
0.7773326479487465,0.9352873250206565,0.9456533149668858,0.9453593988655516,0.9454526579118728,0.9500644775420983,0.807570368453612,0.9275342346889563,0.9335996558615296,0.8759579147006085,0.8099398067571845,0.8091632290910894,0.9285246949626924,30,1000,0.2,120,8,0.35,0.3,0.15,2
0.7632250064548225,0.9314228239376307,0.9436398547507494,0.9436138780258948,0.9432149778646818,0.9472215924834378,0.7976049066097383,0.9548235235774201,0.9561565034698607,0.8791780216441221,0.7982231329819391,0.7821833909544321,0.9285246949626924,31,1000,0.2,120,8,0.35,0.3,0.15,2
0.775355181475227,0.9346846090509503,0.946464664457304,0.9464674872398063,0.9471351239702805,0.9525200196115248,0.8012541135971389,0.9263355971075629,0.9279196647780305,0.8715993136161002,0.8145615863492575,0.7966402269283522,0.9285246949626924,32,1000,0.2,120,8,0.35,0.3,0.15,2
0.7727155942381514,0.9315648398008437,0.9433971532818973,0.9434120709969215,0.943809053247691,0.947437478621109,0.8019343620538938,0.9223163315723462,0.9265090646497662,0.8589645965565733,0.8055989890160009,0.7965161909467523,0.9285246949626924,33,1000,0.2,120,8,0.35,0.3,0.15,2
0.7877014618527333,0.9354214204316106,0.9467835594445134,0.9467842239748101,0.9470013355160306,0.95166719259493,0.814700948075881,0.9203786379711093,0.9219616440707379,0.8563605422415328,0.7761712916076658,0.7929611242181801,0.9285246949626924,34,1000,0.2,120,8,0.35,0.3,0.15,2
0.7747915698107026,0.9361141906340715,0.9477391174273057,0.9477791095673119,0.9478225625655881,0.9511728656406375,0.8002200336779963,0.9323746371386239,0.9329708661105452,0.8649025133906375,0.7920891317129595,0.7748554995537416,0.9285246949626924,35,1000,0.2,120,8,0.35,0.3,0.15,2
0.7841371047134201,0.9386542692996601,0.951070131543301,0.9509724805246591,0.9501883016379593,0.9537608531344971,0.8116620423782421,0.943277886912454,0.9422997476118864,0.8932409874769995,0.8266391595534273,0.8119457957307434,0.9285246949626924,36,1000,0.2,120,8,0.35,0.3,0.15,2
0.7776429041867245,0.9396237616349352,0.9502317431579738,0.9501551029921008,0.9502279111496801,0.9536012575275628,0.8035219300430531,0.9159674971021665,0.9233079546302009,0.8459844139449336,0.7888093763544062,0.7877097864873759,0.9285246949626924,37,1000,0.2,120,8,0.35,0.3,0.15,2
0.7682388774779748,0.9343441934563217,0.9452817105142085,0.9452371650610809,0.9452651399955396,0.949517427506905,0.797489059558733,0.8916064864418066,0.9053333091598708,0.8305617678754957,0.7689392255758353,0.775693953827127,0.9285246949626924,38,1000,0.2,120,8,0.35,0.3,0.15,2
0.7777282415818476,0.9352978980960531,0.9450977171837828,0.9448778618922445,0.94472614718113,0.9492378883758285,0.8029417123339595,0.9248886964386646,0.924846278442019,0.8659882505061283,0.7946616611489298,0.7929894990706382,0.9285246949626924,39,1000,0.2,120,8,0.35,0.3,0.15,2
0.784130335640986,0.9323665001998247,0.9456798188363759,0.945681631761809,0.944835902047236,0.9471746765741027,0.8108749137853238,0.9353586329091893,0.9369373888072401,0.8835132963979991,0.8077611136357776,0.8037431672854786,0.9285246949626924,40,1000,0.2,120,8,0.35,0.3,0.15,2
0.7700469722181269,0.9347518304236195,0.9447545670582468,0.9447370783899756,0.9442670337919175,0.9492517927594764,0.7926732054745589,0.9245182238274019,0.9298566642426787,0.8795644325039503,0.8072207487123602,0.790296993737005,0.9285246949626924,41,1000,0.2,120,8,0.35,0.3,0.15,2
0.7746397106980024,0.9324200743406635,0.9468387309818888,0.9461546772273861,0.9460422098163682,0.9502035040240309,0.8022157752714174,0.9412826637635708,0.9444539889228948,0.898811210609839,0.799368962379405,0.7857902198418096,0.9285246949626924,42,1000,0.2,120,8,0.35,0.3,0.15,2
0.7732538584562251,0.9333591381391104,0.9445998292761899,0.944637015669306,0.9449698289818386,0.9494952854717962,0.8013224227082291,0.9270109596836703,0.931827235353565,0.8711644541253348,0.7800299257253309,0.7931443597366536,0.9285246949626924,43,1000,0.2,120,8,0.35,0.3,0.15,2
0.7808571172810383,0.9295263201166709,0.9424514460158686,0.9425692964244167,0.9427524592028202,0.949080171318188,0.8032420676205858,0.9129559955987147,0.9137156360886958,0.8641514232717963,0.7817791742672336,0.7834503065071098,0.9285246949626924,44,1000,0.2,120,8,0.35,0.3,0.15,2
0.768112489020115,0.9338136852972465,0.9445740708149549,0.943951320807491,0.9438407362769116,0.947994334457904,0.8003262734702408,0.9073631619554645,0.9144023681981674,0.836721449549098,0.788934299039427,0.7781133179130441,0.9285246949626924,45,1000,0.2,120,8,0.35,0.3,0.15,2
0.7759712234750636,0.9297326301382923,0.9411807578164919,0.9410902451583114,0.9413269175387333,0.9447890513367311,0.8026735410324707,0.9099807786176599,0.9115393888632595,0.854507747056221,0.7715750069238736,0.7938419087593009,0.9285246949626924,46,1000,0.2,120,8,0.35,0.3,0.15,2
0.7721926690745393,0.9330616393856538,0.9449358850009854,0.9444024272711598,0.9444850824280717,0.9485563540742931,0.7995395944181692,0.9363404222398759,0.9389851948159917,0.8933727306877525,0.8195100040644399,0.7788140303231845,0.9285246949626924,47,1000,0.2,120,8,0.35,0.3,0.15,2
0.7713771342383107,0.9345859185520362,0.9471564645550528,0.9471419849170437,0.9472855263951735,0.9525322714932126,0.806366407239819,0.9497054600301659,0.9479681930618401,0.8812264253393666,0.8157819366515837,0.7888916078431373,0.9285246949626924,48,1000,0.2,120,8,0.35,0.3,0.15,2
0.7792738120916863,0.9302440541444555,0.9443251990227255,0.9441381430121976,0.9444905798344836,0.9473936241877648,0.8056102289368868,0.9179254753194442,0.9179694941151836,0.8747884877767634,0.8107860181409,0.8213875774757063,0.9285246949626924,49,1000,0.2,120,8,0.35,0.3,0.15,2
0.7771285143573705,0.9371538901392842,0.9497109414265119,0.9496762367088623,0.9500384732077657,0.9540869083037911,0.8060146640410288,0.9507706370017277,0.9560139334153941,0.8792038372458336,0.7927979347136005,0.7746744774392418,0.9285246949626924,50,1000,0.2,120,8,0.35,0.3,0.15,2
0.7810493827160494,0.933791727582846,0.9445929783950617,0.9447057748538011,0.9447364359974009,0.9504193063677713,0.8066204718973359,0.9034635924301494,0.9079329109811566,0.8615483877517869,0.7937494923651722,0.7968370289148798,0.9285246949626924,51,1000,0.2,120,8,0.35,0.3,0.15,2
0.7843036746833676,0.9363551379675239,0.9443134062292733,0.9443645470993125,0.9442362515062661,0.9482620923276969,0.8126476397010417,0.9106744396847634,0.9172997935938719,0.8309277909637137,0.801200756096578,0.7731354546250906,0.9285246949626924,52,1000,0.2,120,8,0.35,0.3,0.15,2
0.7808196108202194,0.934621539742217,0.946057315158241,0.9457282602185876,0.9460493557172228,0.9511791183870756,0.8073905545313438,0.9380669099731893,0.9428328679486997,0.9010320191810881,0.8148303993571878,0.7930634636322947,0.9285246949626924,53,1000,0.2,120,8,0.35,0.3,0.15,2
0.7817868462398205,0.9385680729357794,0.9475529068474179,0.9475431549274842,0.9470251329406105,0.950806049818073,0.7992528273985261,0.9211571901246988,0.9239291733658294,0.8743118923395841,0.8146928471910229,0.8044828795781241,0.9285246949626924,54,1000,0.2,120,8,0.35,0.3,0.15,2
0.7793322065994194,0.9299129631008214,0.9411369737772649,0.9411145825578798,0.941515298146356,0.9459682428534206,0.8044760919935978,0.9201248984155934,0.9237100137410358,0.8590587119097248,0.7956299124978288,0.7867643466649297,0.9285246949626924,55,1000,0.2,120,8,0.35,0.3,0.15,2
0.7761382438770694,0.935528791979274,0.9462409107106741,0.9461929481561383,0.9461322726353402,0.9497176180524121,0.806396548237039,0.9191525652261848,0.9222627153740213,0.884792884591307,0.8182163323092333,0.7899109129258122,0.9285246949626924,56,1000,0.2,120,8,0.35,0.3,0.15,2
0.7876122623390651,0.9334170506419756,0.9455536954993768,0.9457740249510295,0.9458537416444046,0.9502957055760004,0.8163852588560664,0.925115478350907,0.929385199043912,0.8815720329008234,0.8282245180761297,0.7896673567235316,0.9285246949626924,57,1000,0.2,120,8,0.35,0.3,0.15,2
0.7723057270369437,0.9343510326691716,0.9457670678198814,0.9458195582056004,0.9456120916353548,0.9505345766741554,0.8004318413780847,0.9168273045198541,0.9226657323953772,0.8475391317264942,0.7687577799963842,0.7818505327150407,0.9285246949626924,58,1000,0.2,120,8,0.35,0.3,0.15,2
0.7758041106089206,0.9369250399203849,0.9486350863207819,0.9486815117856006,0.9487860944201705,0.9521955083613466,0.8063221857068729,0.9216628939709565,0.9279946054211506,0.8609674645730085,0.794215667842344,0.7834441578365533,0.9285246949626924,59,1000,0.2,120,8,0.35,0.3,0.15,2
0.7790555214752366,0.9364764959113918,0.9472254134964244,0.9469691994610331,0.9471662128919408,0.9502862682411259,0.8103158550228381,0.9536121253654406,0.9537604648898889,0.8894764310128499,0.8095167917251269,0.7870284811886941,0.9285246949626924,60,1000,0.2,120,8,0.35,0.3,0.15,2
0.7747677874565587,0.9362868603537429,0.9467438065868923,0.9466532028423689,0.946472298714074,0.9509493978086837,0.8079363419708903,0.9378891107242475,0.9403596806865175,0.8806085335783949,0.8079532290527378,0.7990889267662876,0.9285246949626924,61,1000,0.2,120,8,0.35,0.3,0.15,2
0.7693821764169517,0.933207725949257,0.9470193958180074,0.946971876420999,0.9467395170448458,0.9510423555907904,0.7986994540983099,0.9395808484450253,0.9430571923083333,0.8912915229300137,0.7902921395394237,0.7894808815371906,0.9285246949626924,62,1000,0.2,120,8,0.35,0.3,0.15,2
0.780963263541928,0.9394405822074332,0.9512368279475836,0.9512058263806588,0.9513642234541109,0.956055129358773,0.8062649282263884,0.9450749923916573,0.9455490870935692,0.9033386095807202,0.813720755230069,0.7984445586817296,0.9285246949626924,63,1000,0.2,120,8,0.35,0.3,0.15,2
0.7633060225394429,0.9258153823388477,0.9369349015056639,0.936908269898459,0.937168581753611,0.9407810866393004,0.7936401978834942,0.9247818822948815,0.9252413017297181,0.8727702565814933,0.810355453513997,0.7701074444929517,0.9285246949626924,64,1000,0.2,120,8,0.35,0.3,0.15,2
0.773163224528318,0.9385412402710954,0.9510780292254815,0.9506476354050135,0.9504188748137018,0.9541386637385311,0.8091944347609209,0.9416358852083402,0.9443324259838022,0.8645057090950757,0.8239241875253813,0.7856212631552523,0.9285246949626924,65,1000,0.2,120,8,0.35,0.3,0.15,2
0.7851930692992811,0.9364002980697319,0.9460403390794296,0.9455422041399089,0.9451820751772348,0.9494226927023135,0.808785717376121,0.9259563650017615,0.9278387124438319,0.8795437671131274,0.8267850189441934,0.8203685619101186,0.9285246949626924,66,1000,0.2,120,8,0.35,0.3,0.15,2
0.7794714505858563,0.9369706518211584,0.946253418949243,0.9458752816795811,0.9461497329053543,0.9514223341749904,0.8068057467612694,0.9203017374502425,0.9226903380597475,0.8791855446167282,0.8218985528103393,0.8077949377677571,0.9285246949626924,67,1000,0.2,120,8,0.35,0.3,0.15,2
0.7759365435253843,0.9294049490856637,0.9427504667081519,0.9416567308103384,0.9419834067240809,0.945031854117878,0.7993660646566944,0.9230559962695016,0.926215479826649,0.8708393106811643,0.8202850007362826,0.7958349761143597,0.9285246949626924,68,1000,0.2,120,8,0.35,0.3,0.15,2
0.7781962447049673,0.9377586572212427,0.9473436022014655,0.9470429766401413,0.9468883279138831,0.9505791811595649,0.807125577367289,0.9192176720809138,0.9244961558951661,0.8658387130373887,0.8023577715899016,0.7918669993974963,0.9285246949626924,69,1000,0.2,120,8,0.35,0.3,0.15,2
0.7809703179837788,0.9312624221175104,0.9429175267453718,0.9430726797915157,0.9432173007641312,0.9471524930149435,0.8001417149004754,0.9328817284224875,0.9357454772301934,0.8658692651762547,0.8051750708550123,0.7863796104517567,0.9285246949626924,70,1000,0.2,120,8,0.35,0.3,0.15,2
0.7740036778034959,0.9323485530551643,0.9427859400507103,0.9426192993362861,0.9427905255973016,0.9485485086436578,0.7983227826735805,0.9485106534930743,0.9517144870880765,0.8982151101370239,0.8195525950486243,0.7899831368963226,0.9285246949626924,71,1000,0.2,120,8,0.35,0.3,0.15,2
0.7643121738651943,0.9250078734810621,0.940116273851184,0.9402284733954392,0.9395187868868198,0.9438109560610974,0.7966719859007125,0.9011734706421599,0.9086390331872592,0.8511081802638856,0.7969354109176596,0.7991415466521803,0.9285246949626924,72,1000,0.2,120,8,0.35,0.3,0.15,2
0.76746572265625,0.934126953125,0.944007421875,0.94229404296875,0.943051171875,0.94874228515625,0.78972236328125,0.92761748046875,0.93331884765625,0.855355078125,0.77868876953125,0.79389306640625,0.9285246949626924,73,1000,0.2,120,8,0.35,0.3,0.15,2
0.7698721824021959,0.9389928486072542,0.950534290428346,0.9504337159932066,0.9502934121543354,0.9538290288642625,0.8094849998483878,0.9432716153225001,0.944617011049878,0.8914883905578519,0.8295060174034803,0.804969257747659,0.9285246949626924,74,1000,0.2,120,8,0.35,0.3,0.15,2
0.7792259671739604,0.9277386641999418,0.940799385276491,0.9407925332628555,0.9378291352514078,0.9442310694769711,0.8030139071405323,0.9389942712271712,0.940622701210604,0.9030864895421142,0.8239749999388213,0.8013680534652835,0.9285246949626924,75,1000,0.2,120,8,0.35,0.3,0.15,2
0.785331820365441,0.935732500990166,0.9477951329544014,0.9476195719473827,0.9476294424625152,0.9516796118951782,0.8051570854151257,0.9366849577853401,0.93822485397627,0.8664629507339591,0.7982288462642352,0.7947274008087497,0.9285246949626924,76,1000,0.2,120,8,0.35,0.3,0.15,2
0.7742789594222909,0.9388563538765715,0.9488217342231281,0.9484275374570091,0.9485337915369311,0.9516485232444009,0.7973490096258761,0.9349950062539234,0.9388979358139258,0.8868204239518221,0.8005129547792028,0.7864723488922181,0.9285246949626924,77,1000,0.2,120,8,0.35,0.3,0.15,2
0.7676832295550268,0.9316240233086489,0.9435193177244753,0.9427113711579752,0.9421425416682473,0.9464394326293974,0.7954959002441003,0.9160592764602012,0.9184641974350305,0.875835434790813,0.8046079967108725,0.8027072499966112,0.9285246949626924,78,1000,0.2,120,8,0.35,0.3,0.15,2
0.7853573903465008,0.9389883734999395,0.9499427238914441,0.9499585357115359,0.950168214195361,0.9532654649421504,0.8128343070533681,0.9347656354348192,0.9374730904428252,0.8740924408107594,0.8132518962398902,0.8050563647191742,0.9285246949626924,79,1000,0.2,120,8,0.35,0.3,0.15,2
0.7837353705318458,0.936577069547038,0.9447296339868116,0.9447016465886945,0.9442655661259901,0.9466828444803234,0.8073110250205402,0.9349939899725704,0.9389344025746083,0.8672448275608275,0.811094359561173,0.8046997717235472,0.9285246949626924,80,1000,0.2,120,8,0.35,0.3,0.15,2
0.7766467547443533,0.9318615295612158,0.9433698083237196,0.9432011824427977,0.9425938764299042,0.9453288442932538,0.8017523671563074,0.917886683991501,0.9221067071187253,0.8566142237583753,0.7868010668747488,0.7836892678184508,0.9285246949626924,81,1000,0.2,120,8,0.35,0.3,0.15,2
0.7534295501986806,0.9233170816857428,0.936364011045625,0.9355362195160387,0.9359705773254362,0.9410395397494612,0.7883423561898897,0.9238016733297614,0.9294251474649127,0.8716955131391055,0.7838957890372898,0.775097206833935,0.9285246949626924,82,1000,0.2,120,8,0.35,0.3,0.15,2
0.7758355260117561,0.9330330558301797,0.945123490026916,0.9452373129237643,0.9454559701281822,0.94984210859017,0.8000848835474523,0.8995503653617287,0.9039100265661664,0.842788791893543,0.7814677565135764,0.7938806074996686,0.9285246949626924,83,1000,0.2,120,8,0.35,0.3,0.15,2
0.7770252901470174,0.9341804365526457,0.9469116943167013,0.9468775195194884,0.9466781499299167,0.9487250509035099,0.8010238689537013,0.9249147822039178,0.9284193428953685,0.8727885518614006,0.8214965651837927,0.818539897232499,0.9285246949626924,84,1000,0.2,120,8,0.35,0.3,0.15,2
0.7730031401372943,0.931772840288853,0.9417296510188111,0.941215243038702,0.9413475844716743,0.945690483501897,0.8014837891650405,0.9000821190478548,0.9029903616606076,0.8418655585383008,0.7953561628909075,0.7738662321324207,0.9285246949626924,85,1000,0.2,120,8,0.35,0.3,0.15,2
0.7782442351874161,0.9391402353809848,0.9470693283910897,0.9471479656368895,0.9475735433864906,0.952306900681744,0.8088709057410653,0.9188401181861217,0.9173746945733275,0.8765577687159571,0.8156439531860573,0.7885664956940742,0.9285246949626924,86,1000,0.2,120,8,0.35,0.3,0.15,2
0.7756271057026962,0.9319998091147698,0.9457434502505369,0.9453237890718206,0.9447183011214507,0.9479833929849678,0.8039171558100692,0.9188578382247674,0.9200314960629922,0.8756293963254593,0.813573085182534,0.7999911238367932,0.9285246949626924,87,1000,0.2,120,8,0.35,0.3,0.15,2
0.7756420901932713,0.9360154617036507,0.9480756859937962,0.9481462180863756,0.9485307563827249,0.9513738964447626,0.8055239322357433,0.9586371748985922,0.9571234550226676,0.9080836077308518,0.7932884753042233,0.7982936769267478,0.9285246949626924,88,1000,0.2,120,8,0.35,0.3,0.15,2
0.7780724609375,0.93869443359375,0.94981669921875,0.94993291015625,0.95008173828125,0.95382451171875,0.805645703125,0.9237837890625,0.92765107421875,0.88726240234375,0.7743380859375,0.78432802734375,0.9285246949626924,89,1000,0.2,120,8,0.35,0.3,0.15,2
0.7813538845191281,0.9345443372520121,0.9452394441780734,0.9444608604002915,0.9439150966109785,0.9481568531995439,0.8110220552316878,0.924725002228658,0.9259987452826738,0.8742471965737214,0.807393044762732,0.8068655221351103,0.9285246949626924,90,1000,0.2,120,8,0.35,0.3,0.15,2
0.7920133325593096,0.9369993033786137,0.9468302759394713,0.9461421688145826,0.9463407059096715,0.9505138550253492,0.8190770734161539,0.9042076899260807,0.910135550911413,0.8684191532180038,0.794508881922675,0.79063344169666,0.9285246949626924,91,1000,0.2,120,8,0.35,0.3,0.15,2
0.7722532062472764,0.9332498543273947,0.9448213050486819,0.9446569762968342,0.9444827878198756,0.9481810547121946,0.8002630419997224,0.9125290620230841,0.9202185843058696,0.8526862337744691,0.797534894727135,0.7956708266973517,0.9285246949626924,92,1000,0.2,120,8,0.35,0.3,0.15,2
0.7717892025823438,0.9330472067358506,0.946385016008307,0.9463687913728205,0.9458772235476633,0.9491884012398711,0.7959715388989499,0.9395034527569519,0.9405566054354074,0.866107837426062,0.7984530389514868,0.7978208576187797,0.9285246949626924,93,1000,0.2,120,8,0.35,0.3,0.15,2
0.7690511485658807,0.932914799422369,0.9458007624910452,0.9441162509478079,0.9445748146069475,0.9485259099275642,0.797812237685522,0.9080171607157052,0.9111480097482361,0.8432269400794759,0.7853642043851734,0.7781894075233721,0.9285246949626924,94,1000,0.2,120,8,0.35,0.3,0.15,2
0.7804162592268546,0.9402940818684995,0.9504356291884423,0.9504222752998679,0.9504376761348661,0.9536687323280292,0.8087945396047093,0.9259172074504171,0.9295323097821425,0.872846709835792,0.8037002747976837,0.8074245476053457,0.9285246949626924,95,1000,0.2,120,8,0.35,0.3,0.15,2
0.7806483902371218,0.9369057888814171,0.9475496969859849,0.9461340794563083,0.9461052355108149,0.9503496270123452,0.8076683745629478,0.9191181313139815,0.9254263907925401,0.8521801937387768,0.785247473669071,0.7903726391648999,0.9285246949626924,96,1000,0.2,120,8,0.35,0.3,0.15,2
0.781569276192256,0.9331758258280777,0.945337858597791,0.945004366449517,0.9450397441118303,0.9506190321825211,0.804185600445451,0.9294527114094114,0.9329157807830846,0.907288990509942,0.7926845916052653,0.79399221922153,0.9285246949626924,97,1000,0.2,120,8,0.35,0.3,0.15,2
0.7726305404185185,0.9309210460057326,0.9439621150814254,0.9439008241093937,0.9440137184350295,0.9488215587684984,0.8023518660031639,0.9073191300058251,0.9144937226630515,0.8650957889649201,0.7763702488825908,0.7802935425117156,0.9285246949626924,98,1000,0.2,120,8,0.35,0.3,0.15,2
0.7706033139429171,0.9381041416066432,0.9486908540377241,0.9487607489227081,0.9487066049977205,0.9535032645341245,0.7984690263770499,0.9086820374378661,0.913111699606354,0.852757072648645,0.7897659318745385,0.769772549246607,0.9285246949626924,99,1000,0.2,120,8,0.35,0.3,0.15,2
0.7757935457892314,0.9344167050161067,0.94501955821445,0.9435878777419849,0.9434391777880043,0.9490115431814695,0.8016897722043258,0.9224577197422917,0.9185443511274736,0.8620822787237307,0.781655065961037,0.7841279337321675,0.9285246949626924,0,1000,0.2,120,8,0.35,0.5,0.15,3
0.7739366108521555,0.9320769383205204,0.9449315921040832,0.9451243444770391,0.944437799508196,0.948599596913245,0.8104949827778019,0.9214909149939393,0.9294786205821142,0.8794951147905353,0.7768311450819941,0.7945829692154378,0.9285246949626924,1,1000,0.2,120,8,0.35,0.5,0.15,3
0.7702697483675744,0.9365510033444816,0.9459358576206403,0.9458067566491479,0.9456906951743909,0.9505093366778149,0.8026743908265648,0.9391878682911292,0.9447472726548813,0.8838747212931996,0.7907921245421246,0.788853021978022,0.9285246949626924,2,1000,0.2,120,8,0.35,0.5,0.15,3
0.7728202089444347,0.932965963546597,0.9436927941462119,0.9437556397540268,0.943658273319384,0.9470323645045253,0.7977702102967463,0.9259165353285257,0.92992881923528,0.8797957271871181,0.8060610113815461,0.7786482293323761,0.9285246949626924,3,1000,0.2,120,8,0.35,0.5,0.15,3
0.7676506235359974,0.9262855611243191,0.9402249904388211,0.9401070910116788,0.9400859891437665,0.9447970295539404,0.7962740489906,0.9156856476032585,0.9243444796690763,0.8647908461258568,0.7601616867710357,0.798511234179528,0.9285246949626924,4,1000,0.2,120,8,0.35,0.5,0.15,3
0.7745116326830814,0.9328098091529174,0.944040776202637,0.9440765016473237,0.9439303787219251,0.9487865989366897,0.8036736494293348,0.9008537893227578,0.9046316086826106,0.8509792139406542,0.8091123115250968,0.7889876609585019,0.9285246949626924,5,1000,0.2,120,8,0.35,0.5,0.15,3
0.7779335934983367,0.9352664085444325,0.9481120883230593,0.9483072317176076,0.9481826031480647,0.9521406650942581,0.8021419811090981,0.9447215823291027,0.9430409135264326,0.882071910193576,0.8515728734378707,0.7959591666129785,0.9285246949626924,6,1000,0.2,120,8,0.35,0.5,0.15,3
0.7816487874682514,0.9361561403551908,0.9472155904315349,0.9472477508599473,0.9476891453636612,0.9510022595897333,0.8110766613147911,0.8924930970640086,0.9009358487968115,0.8277280919375183,0.8010939463156885,0.7907971999773795,0.9285246949626924,7,1000,0.2,120,8,0.35,0.5,0.15,3
0.7846409073079492,0.9375337816660181,0.9471402679805989,0.947102910726627,0.9475327147350212,0.9525748682887865,0.8095405928126794,0.8929358704059257,0.9033082782207894,0.8583449113112387,0.8118671087079465,0.810374089869231,0.9285246949626924,8,1000,0.2,120,8,0.35,0.5,0.15,3
0.7791722018029077,0.9423173770395973,0.9535670147286992,0.9531511914243751,0.9531926958122949,0.9559290625707876,0.8150210810139347,0.949285827371949,0.9523305541956211,0.894613344245285,0.7950237602878027,0.8070209641001659,0.9285246949626924,9,1000,0.2,120,8,0.35,0.5,0.15,3
0.7884758745628293,0.9359268606512664,0.9448348812126297,0.9448593557098555,0.9450019246306863,0.9488603390672968,0.8071073343004408,0.9316960557954863,0.9318040022568272,0.8807873107492091,0.8196790677086966,0.7441628075392196,0.9285246949626924,10,1000,0.2,120,8,0.35,0.5,0.15,3
0.7782148054298642,0.9393659366515837,0.9495844102564103,0.949751891402715,0.9497333574660634,0.9524759939668175,0.802763294117647,0.9251979969834088,0.9286916440422323,0.8342821840120663,0.7970019426847662,0.8058008325791856,0.9285246949626924,11,1000,0.2,120,8,0.35,0.5,0.15,3
0.7818247102819202,0.934403855990347,0.9436496199898293,0.9424466468840035,0.941707586016526,0.9461414575927052,0.811363352078389,0.9188120016139684,0.9263030143633113,0.8443019108070227,0.8100034050506705,0.799701275664866,0.9285246949626924,12,1000,0.2,120,8,0.35,0.5,0.15,3
0.7638569604086846,0.9304851193931654,0.942044970780603,0.9421376601261658,0.9421484964588412,0.9460450288323852,0.7913623785750222,0.9283235612833314,0.9322602461395565,0.8800185765703007,0.789456248306823,0.7950592128178335,0.9285246949626924,13,1000,0.2,120,8,0.35,0.5,0.15,3
0.7727285664976662,0.9351846543816305,0.9446903772383002,0.944570411923009,0.9448892169923002,0.9498952884198694,0.8063299793824021,0.9342769468957547,0.9372640531800129,0.8722235095136404,0.8239667849415768,0.7899863337757785,0.9285246949626924,14,1000,0.2,120,8,0.35,0.5,0.15,3
0.7808047747780819,0.9392249748271053,0.9489907948714001,0.9489029709739059,0.9487667945935214,0.9524060590200274,0.8037963803923379,0.9398115200481235,0.9405350310778183,0.8783461398338016,0.8238579242219888,0.7452847448113838,0.9285246949626924,15,1000,0.2,120,8,0.35,0.5,0.15,3
0.7650224672571404,0.9352591653738465,0.9465801945102015,0.9465588513885198,0.9474552624991501,0.9516557047363574,0.7978081096908975,0.9467529675630907,0.9435289007114116,0.8871576601912343,0.7784955784005291,0.7334975176307705,0.9285246949626924,16,1000,0.2,120,8,0.35,0.5,0.15,3
0.766383050193147,0.9352216364725671,0.9464306287742624,0.9465251843105994,0.9466693739831896,0.9513545356325469,0.794232413096393,0.9250804298617012,0.9315978431711701,0.8252265748184469,0.7560528327805895,0.7822137326123849,0.9285246949626924,17,1000,0.2,120,8,0.35,0.5,0.15,3
0.7752488940732353,0.935524302323038,0.9475246726715462,0.9472455129951076,0.9476443268011967,0.9511302770792127,0.804129585622168,0.932774654418798,0.9409081388878818,0.8991959901683857,0.8205153097858401,0.7927301826343505,0.9285246949626924,18,1000,0.2,120,8,0.35,0.5,0.15,3
0.7773387490078516,0.93413412800758,0.9447387371543653,0.9440213300773692,0.9440314016670031,0.9473599651987842,0.8094994652373273,0.9111067941006826,0.9194500408480434,0.8487141678988224,0.7575396501052287,0.7859613855253438,0.9285246949626924,19,1000,0.2,120,8,0.35,0.5,0.15,3
0.7818129324927814,0.934577130390469,0.9440416014198836,0.9438993738234924,0.9435570341278311,0.9472703604683921,0.8043048633829427,0.9316802695248433,0.9361383899856364,0.8675411991175198,0.8108499685386069,0.7983123474132572,0.9285246949626924,20,1000,0.2,120,8,0.35,0.5,0.15,3
0.76843019857289,0.9376538951682221,0.9485918444792588,0.9484641713977727,0.9485606136793261,0.9529184887906963,0.7979157074817211,0.9602913146163287,0.9524320543502344,0.8655260680933577,0.7601139668851382,0.7468234937326267,0.9285246949626924,21,1000,0.2,120,8,0.35,0.5,0.15,3
0.7706353307573311,0.9317129608184436,0.9406661985094971,0.9406375278648922,0.9405655586957822,0.9446934488844827,0.8007381423236153,0.8919457040403472,0.897238363545919,0.8237374603718544,0.770340822775336,0.7751168255628248,0.9285246949626924,22,1000,0.2,120,8,0.35,0.5,0.15,3
0.7681383075898911,0.9268207936222899,0.9391622010204929,0.9391547999350263,0.9394440265644434,0.9450159727110293,0.7965279949953081,0.9110424584691984,0.9146923621966577,0.8783737750716639,0.8028823137818729,0.8072552840828751,0.9285246949626924,23,1000,0.2,120,8,0.35,0.5,0.15,3
0.7761526045784013,0.9321940691979939,0.9432968105959793,0.9431878555591906,0.9440911248312313,0.9480060355075054,0.804853185270909,0.9109315374283351,0.9166820930699163,0.885285675643475,0.7780474326002008,0.7962495211993709,0.9285246949626924,24,1000,0.2,120,8,0.35,0.5,0.15,3
0.7749340089203209,0.936805762620208,0.947409901736953,0.9473736623866342,0.9476805795653396,0.9536954373103446,0.8024554151547911,0.9321097063262149,0.9399582946286384,0.8764024409971398,0.8153033821418116,0.8029848205700382,0.9285246949626924,25,1000,0.2,120,8,0.35,0.5,0.15,3
0.7722617003565855,0.933661548437926,0.9447458982917347,0.943898609329793,0.9441175467861902,0.9499122993069126,0.8058169580284728,0.9424178398727447,0.9404392567229236,0.9092391103757548,0.8066408145479063,0.7781443496788196,0.9285246949626924,26,1000,0.2,120,8,0.35,0.5,0.15,3
0.7722653956278138,0.9360970347006213,0.94672119979344,0.9468982789093051,0.947216458854077,0.9505031868907148,0.7980926659086336,0.9340352170213179,0.9389774311406135,0.863837409175433,0.7716420305912416,0.781618198612751,0.9285246949626924,27,1000,0.2,120,8,0.35,0.5,0.15,3
0.7795737116493323,0.9309559444062181,0.942792177249063,0.9423586667357552,0.9428554414657375,0.946537519295586,0.8014152305689481,0.8917484984288382,0.8854769057491708,0.8589817513864906,0.7908757133291479,0.7921892993899723,0.9285246949626924,28,1000,0.2,120,8,0.35,0.5,0.15,3
0.7764190602293516,0.9407349551387323,0.949893675754329,0.9498301229415517,0.9501031466050321,0.9535664824804779,0.8082078457701899,0.9445235605482853,0.9486661902155181,0.8870960887337629,0.7906207745177394,0.77863424615447,0.9285246949626924,29,1000,0.2,120,8,0.35,0.5,0.15,3
0.7773326479487465,0.9352873250206565,0.9456533149668858,0.9453593988655516,0.9454526579118728,0.9500644775420983,0.807570368453612,0.9261145279194148,0.9375878116721201,0.8803668499050366,0.7992640185875061,0.8149619468227814,0.9285246949626924,30,1000,0.2,120,8,0.35,0.5,0.15,3
0.7632250064548225,0.9314228239376307,0.9436398547507494,0.9436138780258948,0.9432149778646818,0.9472215924834378,0.7976049066097383,0.9632068227474244,0.9687226457215548,0.878092706207965,0.7734470444784504,0.7579693443159777,0.9285246949626924,31,1000,0.2,120,8,0.35,0.5,0.15,3
0.775355181475227,0.9346846090509503,0.946464664457304,0.9464674872398063,0.9471351239702805,0.9525200196115248,0.8012541135971389,0.9331837647956388,0.9367432935311267,0.8813126055440811,0.8253750820918687,0.7887231007078274,0.9285246949626924,32,1000,0.2,120,8,0.35,0.5,0.15,3
0.7727155942381514,0.9315648398008437,0.9433971532818973,0.9434120709969215,0.943809053247691,0.947437478621109,0.8019343620538938,0.9221884382957698,0.9320444870966516,0.8507122496294326,0.7962252479951352,0.7971188856371859,0.9285246949626924,33,1000,0.2,120,8,0.35,0.5,0.15,3
0.7877014618527333,0.9354214204316106,0.9467835594445134,0.9467842239748101,0.9470013355160306,0.95166719259493,0.814700948075881,0.9178256075041039,0.9149017691315424,0.8440326508417321,0.7490404182515714,0.7772272302491153,0.9285246949626924,34,1000,0.2,120,8,0.35,0.5,0.15,3
0.7747915698107026,0.9361141906340715,0.9477391174273057,0.9477791095673119,0.9478225625655881,0.9511728656406375,0.8002200336779963,0.9372606960708876,0.9355562233730217,0.8650570983933542,0.7748190644069569,0.7638728503744072,0.9285246949626924,35,1000,0.2,120,8,0.35,0.5,0.15,3
0.7841371047134201,0.9386542692996601,0.951070131543301,0.9509724805246591,0.9501883016379593,0.9537608531344971,0.8116620423782421,0.9554313659480069,0.951808407743122,0.905846497773528,0.8206178578318082,0.8099554015627421,0.9285246949626924,36,1000,0.2,120,8,0.35,0.5,0.15,3
0.7776429041867245,0.9396237616349352,0.9502317431579738,0.9501551029921008,0.9502279111496801,0.9536012575275628,0.8035219300430531,0.9071808985980844,0.918849855135348,0.838598660113736,0.7753100954455009,0.7833304888041,0.9285246949626924,37,1000,0.2,120,8,0.35,0.5,0.15,3
0.7682388774779748,0.9343441934563217,0.9452817105142085,0.9452371650610809,0.9452651399955396,0.949517427506905,0.797489059558733,0.8782694608070194,0.8927121299315813,0.819375303143018,0.7487731967766638,0.7746595635676288,0.9285246949626924,38,1000,0.2,120,8,0.35,0.5,0.15,3
0.7777282415818476,0.9352978980960531,0.9450977171837828,0.9448778618922445,0.94472614718113,0.9492378883758285,0.8029417123339595,0.9268750623044659,0.9248723892912127,0.8586651765040019,0.7862462994665913,0.7981253769207854,0.9285246949626924,39,1000,0.2,120,8,0.35,0.5,0.15,3
0.784130335640986,0.9323665001998247,0.9456798188363759,0.945681631761809,0.944835902047236,0.9471746765741027,0.8108749137853238,0.9438478576861592,0.9437618444461634,0.9029007209803012,0.800983189749639,0.8149348595748247,0.9285246949626924,40,1000,0.2,120,8,0.35,0.5,0.15,3
0.7700469722181269,0.9347518304236195,0.9447545670582468,0.9447370783899756,0.9442670337919175,0.9492517927594764,0.7926732054745589,0.9258141439164983,0.9325084934841033,0.8856755984910504,0.8115159265589267,0.7935285869869262,0.9285246949626924,41,1000,0.2,120,8,0.35,0.5,0.15,3
0.7746397106980024,0.9324200743406635,0.9468387309818888,0.9461546772273861,0.9460422098163682,0.9502035040240309,0.8022157752714174,0.9493016000088164,0.9497832517821607,0.9067066590153404,0.7924479363460036,0.7855237616186805,0.9285246949626924,42,1000,0.2,120,8,0.35,0.5,0.15,3
0.7732538584562251,0.9333591381391104,0.9445998292761899,0.944637015669306,0.9449698289818386,0.9494952854717962,0.8013224227082291,0.9314714626320902,0.9349393145537143,0.8636256242702538,0.7633755237001932,0.8022230398649908,0.9285246949626924,43,1000,0.2,120,8,0.35,0.5,0.15,3
0.7808571172810383,0.9295263201166709,0.9424514460158686,0.9425692964244167,0.9427524592028202,0.949080171318188,0.8032420676205858,0.9141715740588487,0.9102496622966288,0.8716281528586072,0.7731879082983592,0.7763253032414913,0.9285246949626924,44,1000,0.2,120,8,0.35,0.5,0.15,3
0.768112489020115,0.9338136852972465,0.9445740708149549,0.943951320807491,0.9438407362769116,0.947994334457904,0.8003262734702408,0.8952880383286376,0.9081950993964403,0.8217519771649819,0.7817278410599773,0.7704386925647911,0.9285246949626924,45,1000,0.2,120,8,0.35,0.5,0.15,3
0.7759712234750636,0.9297326301382923,0.9411807578164919,0.9410902451583114,0.9413269175387333,0.9447890513367311,0.8026735410324707,0.9083640590485278,0.9148642270731141,0.866102132947041,0.7574754197561457,0.7958288536626011,0.9285246949626924,46,1000,0.2,120,8,0.35,0.5,0.15,3
0.7721926690745393,0.9330616393856538,0.9449358850009854,0.9444024272711598,0.9444850824280717,0.9485563540742931,0.7995395944181692,0.9419575088986599,0.9416135133387525,0.8870530270839492,0.8211738841265149,0.7605669662651493,0.9285246949626924,47,1000,0.2,120,8,0.35,0.5,0.15,3
0.7713771342383107,0.9345859185520362,0.9471564645550528,0.9471419849170437,0.9472855263951735,0.9525322714932126,0.806366407239819,0.9603468355957768,0.9590967601809954,0.8866661357466064,0.8293155716440422,0.7789057737556561,0.9285246949626924,48,1000,0.2,120,8,0.35,0.5,0.15,3
0.7792738120916863,0.9302440541444555,0.9443251990227255,0.9441381430121976,0.9444905798344836,0.9473936241877648,0.8056102289368868,0.9088845302960555,0.9133075121560148,0.8635371499061522,0.7880433874458967,0.816882669093525,0.9285246949626924,49,1000,0.2,120,8,0.35,0.5,0.15,3
0.7771285143573705,0.9371538901392842,0.9497109414265119,0.9496762367088623,0.9500384732077657,0.9540869083037911,0.8060146640410288,0.961993335156052,0.9653445995806209,0.8884125081570506,0.789262379586166,0.7712970643077457,0.9285246949626924,50,1000,0.2,120,8,0.35,0.5,0.15,3
0.7810493827160494,0.933791727582846,0.9445929783950617,0.9447057748538011,0.9447364359974009,0.9504193063677713,0.8066204718973359,0.9058914067576348,0.9113842186484731,0.8561898960363873,0.7808348562378168,0.7952486395386614,0.9285246949626924,51,1000,0.2,120,8,0.35,0.5,0.15,3
0.7843036746833676,0.9363551379675239,0.9443134062292733,0.9443645470993125,0.9442362515062661,0.9482620923276969,0.8126476397010417,0.9135120189420265,0.9171947528087817,0.8169215974988863,0.8013564450650982,0.7544337606995519,0.9285246949626924,52,1000,0.2,120,8,0.35,0.5,0.15,3
0.7808196108202194,0.934621539742217,0.946057315158241,0.9457282602185876,0.9460493557172228,0.9511791183870756,0.8073905545313438,0.9543632830597567,0.9575848182786816,0.9313913656177968,0.8218770283834638,0.7907734742115567,0.9285246949626924,53,1000,0.2,120,8,0.35,0.5,0.15,3
0.7817868462398205,0.9385680729357794,0.9475529068474179,0.9475431549274842,0.9470251329406105,0.950806049818073,0.7992528273985261,0.9179501737353296,0.9193601063193318,0.865420871897707,0.814511851557055,0.808929364991056,0.9285246949626924,54,1000,0.2,120,8,0.35,0.5,0.15,3
0.7793322065994194,0.9299129631008214,0.9411369737772649,0.9411145825578798,0.941515298146356,0.9459682428534206,0.8044760919935978,0.9176609918980619,0.9299867281136008,0.8452726029181865,0.77704539427157,0.7781965549703467,0.9285246949626924,55,1000,0.2,120,8,0.35,0.5,0.15,3
0.7761382438770694,0.935528791979274,0.9462409107106741,0.9461929481561383,0.9461322726353402,0.9497176180524121,0.806396548237039,0.9143798094981268,0.919705386637902,0.8854174572141268,0.8130148992112183,0.7737180610800243,0.9285246949626924,56,1000,0.2,120,8,0.35,0.5,0.15,3
0.7876122623390651,0.9334170506419756,0.9455536954993768,0.9457740249510295,0.9458537416444046,0.9502957055760004,0.8163852588560664,0.9356263559351344,0.9390048065520225,0.8734634952232555,0.8390861885261369,0.7932605201647268,0.9285246949626924,57,1000,0.2,120,8,0.35,0.5,0.15,3
0.7723057270369437,0.9343510326691716,0.9457670678198814,0.9458195582056004,0.9456120916353548,0.9505345766741554,0.8004318413780847,0.903857189302018,0.9172921371129482,0.8230953091059976,0.7353816674784924,0.7658547833807187,0.9285246949626924,58,1000,0.2,120,8,0.35,0.5,0.15,3
0.7758041106089206,0.9369250399203849,0.9486350863207819,0.9486815117856006,0.9487860944201705,0.9521955083613466,0.8063221857068729,0.9187992549866013,0.9184003770188935,0.8588762129655394,0.7736368535968454,0.7782545328750949,0.9285246949626924,59,1000,0.2,120,8,0.35,0.5,0.15,3
0.7790555214752366,0.9364764959113918,0.9472254134964244,0.9469691994610331,0.9471662128919408,0.9502862682411259,0.8103158550228381,0.9644721044433868,0.9609854495923753,0.9047689225605874,0.8176869580199145,0.7860359777428905,0.9285246949626924,60,1000,0.2,120,8,0.35,0.5,0.15,3
0.7747677874565587,0.9362868603537429,0.9467438065868923,0.9466532028423689,0.946472298714074,0.9509493978086837,0.8079363419708903,0.9322313315838182,0.93908414984565,0.8669179639720681,0.7969715698393078,0.8064903223875381,0.9285246949626924,61,1000,0.2,120,8,0.35,0.5,0.15,3
0.7693821764169517,0.933207725949257,0.9470193958180074,0.946971876420999,0.9467395170448458,0.9510423555907904,0.7986994540983099,0.9406816986041773,0.9535875478229402,0.9002265980063756,0.7738960429864846,0.7836754206157047,0.9285246949626924,62,1000,0.2,120,8,0.35,0.5,0.15,3
0.780963263541928,0.9394405822074332,0.9512368279475836,0.9512058263806588,0.9513642234541109,0.956055129358773,0.8062649282263884,0.9550103466483568,0.9522916786909883,0.9147443950712094,0.8106481111821855,0.7933409631080357,0.9285246949626924,63,1000,0.2,120,8,0.35,0.5,0.15,3
0.7633060225394429,0.9258153823388477,0.9369349015056639,0.936908269898459,0.937168581753611,0.9407810866393004,0.7936401978834942,0.9248487034184137,0.9310637458023745,0.8791515770366207,0.8130769132437142,0.7541231538485674,0.9285246949626924,64,1000,0.2,120,8,0.35,0.5,0.15,3
0.773163224528318,0.9385412402710954,0.9510780292254815,0.9506476354050135,0.9504188748137018,0.9541386637385311,0.8091944347609209,0.9504803162645541,0.9516061017940094,0.8613579228700263,0.8357042445414281,0.7730661531092613,0.9285246949626924,65,1000,0.2,120,8,0.35,0.5,0.15,3
0.7851930692992811,0.9364002980697319,0.9460403390794296,0.9455422041399089,0.9451820751772348,0.9494226927023135,0.808785717376121,0.9318155830670433,0.9287973179904939,0.8827394408527051,0.822197020384323,0.8272464553034471,0.9285246949626924,66,1000,0.2,120,8,0.35,0.5,0.15,3
0.7794714505858563,0.9369706518211584,0.946253418949243,0.9458752816795811,0.9461497329053543,0.9514223341749904,0.8068057467612694,0.9254264025699657,0.9309421782858897,0.8923572926538086,0.8308503492590471,0.8146165944535106,0.9285246949626924,67,1000,0.2,120,8,0.35,0.5,0.15,3
0.7759365435253843,0.9294049490856637,0.9427504667081519,0.9416567308103384,0.9419834067240809,0.945031854117878,0.7993660646566944,0.9424000397434253,0.935498182252898,0.8746859913134489,0.8152217714800547,0.7875198321275716,0.9285246949626924,68,1000,0.2,120,8,0.35,0.5,0.15,3
0.7781962447049673,0.9377586572212427,0.9473436022014655,0.9470429766401413,0.9468883279138831,0.9505791811595649,0.807125577367289,0.9116157959076189,0.920682450857597,0.8512037403986507,0.7816153786932982,0.7722529158993248,0.9285246949626924,69,1000,0.2,120,8,0.35,0.5,0.15,3
0.7809703179837788,0.9312624221175104,0.9429175267453718,0.9430726797915157,0.9432173007641312,0.9471524930149435,0.8001417149004754,0.9333561593272579,0.9398912134323726,0.8503978442015718,0.7902039233729239,0.7853773081209796,0.9285246949626924,70,1000,0.2,120,8,0.35,0.5,0.15,3
0.7740036778034959,0.9323485530551643,0.9427859400507103,0.9426192993362861,0.9427905255973016,0.9485485086436578,0.7983227826735805,0.9515063813246883,0.9510689006669141,0.906534657561137,0.8364548222193343,0.7920731704937444,0.9285246949626924,71,1000,0.2,120,8,0.35,0.5,0.15,3
0.7643121738651943,0.9250078734810621,0.940116273851184,0.9402284733954392,0.9395187868868198,0.9438109560610974,0.7966719859007125,0.9004253435940305,0.909810786688568,0.8504280558960567,0.785404224712857,0.7984879599156884,0.9285246949626924,72,1000,0.2,120,8,0.35,0.5,0.15,3
0.76746572265625,0.934126953125,0.944007421875,0.94229404296875,0.943051171875,0.94874228515625,0.78972236328125,0.9163375,0.92892802734375,0.835889453125,0.74901552734375,0.77782041015625,0.9285246949626924,73,1000,0.2,120,8,0.35,0.5,0.15,3
0.7698721824021959,0.9389928486072542,0.950534290428346,0.9504337159932066,0.9502934121543354,0.9538290288642625,0.8094849998483878,0.9320052771055859,0.9404175029939659,0.880553497643606,0.8165590353420566,0.7800592218300765,0.9285246949626924,74,1000,0.2,120,8,0.35,0.5,0.15,3
0.7792259671739604,0.9277386641999418,0.940799385276491,0.9407925332628555,0.9378291352514078,0.9442310694769711,0.8030139071405323,0.9402652218706486,0.9442793272301468,0.9107202200475236,0.8305852353789042,0.8116510660999072,0.9285246949626924,75,1000,0.2,120,8,0.35,0.5,0.15,3
0.785331820365441,0.935732500990166,0.9477951329544014,0.9476195719473827,0.9476294424625152,0.9516796118951782,0.8051570854151257,0.9419119226143947,0.9389620760434069,0.8749838885402266,0.7952440216541853,0.7999887686954025,0.9285246949626924,76,1000,0.2,120,8,0.35,0.5,0.15,3
0.7742789594222909,0.9388563538765715,0.9488217342231281,0.9484275374570091,0.9485337915369311,0.9516485232444009,0.7973490096258761,0.9441015483743713,0.9473964032504747,0.8785485536138911,0.7777896490132263,0.7577253369213164,0.9285246949626924,77,1000,0.2,120,8,0.35,0.5,0.15,3
0.7676832295550268,0.9316240233086489,0.9435193177244753,0.9427113711579752,0.9421425416682473,0.9464394326293974,0.7954959002441003,0.914453232766334,0.9216896449530743,0.8738388267036044,0.7936164127152944,0.8006128301524683,0.9285246949626924,78,1000,0.2,120,8,0.35,0.5,0.15,3
0.7853573903465008,0.9389883734999395,0.9499427238914441,0.9499585357115359,0.950168214195361,0.9532654649421504,0.8128343070533681,0.9291660905009655,0.9349641179714987,0.8694397390912191,0.8081082424170046,0.8073670510739467,0.9285246949626924,79,1000,0.2,120,8,0.35,0.5,0.15,3
0.7837353705318458,0.936577069547038,0.9447296339868116,0.9447016465886945,0.9442655661259901,0.9466828444803234,0.8073110250205402,0.9532181440461992,0.9578021699627235,0.8801232917518717,0.8045345589166688,0.8098972930278646,0.9285246949626924,80,1000,0.2,120,8,0.35,0.5,0.15,3
0.7766467547443533,0.9318615295612158,0.9433698083237196,0.9432011824427977,0.9425938764299042,0.9453288442932538,0.8017523671563074,0.9021513803350909,0.9061350938368018,0.8467602096212249,0.7750432529274435,0.7847371988985054,0.9285246949626924,81,1000,0.2,120,8,0.35,0.5,0.15,3
0.7534295501986806,0.9233170816857428,0.936364011045625,0.9355362195160387,0.9359705773254362,0.9410395397494612,0.7883423561898897,0.9270262394204684,0.9392742762521487,0.8832791638684901,0.7807578229742212,0.7771862749138727,0.9285246949626924,82,1000,0.2,120,8,0.35,0.5,0.15,3
0.7758355260117561,0.9330330558301797,0.945123490026916,0.9452373129237643,0.9454559701281822,0.94984210859017,0.8000848835474523,0.893202076481366,0.9043520306737564,0.8235289807262174,0.7649793619059092,0.7940109420442143,0.9285246949626924,83,1000,0.2,120,8,0.35,0.5,0.15,3
0.7770252901470174,0.9341804365526457,0.9469116943167013,0.9468775195194884,0.9466781499299167,0.9487250509035099,0.8010238689537013,0.9335556256100151,0.9373798153086352,0.8814965492421963,0.8258308859661744,0.8248496807097517,0.9285246949626924,84,1000,0.2,120,8,0.35,0.5,0.15,3
0.7730031401372943,0.931772840288853,0.9417296510188111,0.941215243038702,0.9413475844716743,0.945690483501897,0.8014837891650405,0.8894947053521015,0.8921270715495636,0.825825103267922,0.7861366405483848,0.7604796386365662,0.9285246949626924,85,1000,0.2,120,8,0.35,0.5,0.15,3
0.7782442351874161,0.9391402353809848,0.9470693283910897,0.9471479656368895,0.9475735433864906,0.952306900681744,0.8088709057410653,0.9224383087879756,0.9243489206794102,0.8830648544586538,0.8237282718265189,0.7860176147430591,0.9285246949626924,86,1000,0.2,120,8,0.35,0.5,0.15,3
0.7756271057026962,0.9319998091147698,0.9457434502505369,0.9453237890718206,0.9447183011214507,0.9479833929849678,0.8039171558100692,0.915345072774994,0.9206241947029349,0.870681937485087,0.7963651634454784,0.8034156048675734,0.9285246949626924,87,1000,0.2,120,8,0.35,0.5,0.15,3
0.7756420901932713,0.9360154617036507,0.9480756859937962,0.9481462180863756,0.9485307563827249,0.9513738964447626,0.8055239322357433,0.9657660701503221,0.965544643283226,0.9265600572655691,0.7856399904557385,0.7982525411596277,0.9285246949626924,88,1000,0.2,120,8,0.35,0.5,0.15,3
0.7780724609375,0.93869443359375,0.94981669921875,0.94993291015625,0.95008173828125,0.95382451171875,0.805645703125,0.9264244140625,0.9268560546875,0.89546396484375,0.759822265625,0.7807595703125,0.9285246949626924,89,1000,0.2,120,8,0.35,0.5,0.15,3
0.7813538845191281,0.9345443372520121,0.9452394441780734,0.9444608604002915,0.9439150966109785,0.9481568531995439,0.8110220552316878,0.9108238640292039,0.9156466898813236,0.8559397390474328,0.7915261762141332,0.803554260934326,0.9285246949626924,90,1000,0.2,120,8,0.35,0.5,0.15,3
0.7920133325593096,0.9369993033786137,0.9468302759394713,0.9461421688145826,0.9463407059096715,0.9505138550253492,0.8190770734161539,0.8978365068307597,0.9065744610859553,0.8645344247068385,0.7800256395371338,0.7935305158868378,0.9285246949626924,91,1000,0.2,120,8,0.35,0.5,0.15,3
0.7722532062472764,0.9332498543273947,0.9448213050486819,0.9446569762968342,0.9444827878198756,0.9481810547121946,0.8002630419997224,0.8985391753944567,0.9123810694824495,0.8299504809805902,0.7824707813812818,0.7913915126712934,0.9285246949626924,92,1000,0.2,120,8,0.35,0.5,0.15,3
0.7717892025823438,0.9330472067358506,0.946385016008307,0.9463687913728205,0.9458772235476633,0.9491884012398711,0.7959715388989499,0.9477745401474742,0.942298822245984,0.8645912203089171,0.7987233529677176,0.8038960178563702,0.9285246949626924,93,1000,0.2,120,8,0.35,0.5,0.15,3
0.7690511485658807,0.932914799422369,0.9458007624910452,0.9441162509478079,0.9445748146069475,0.9485259099275642,0.797812237685522,0.8982722653683429,0.9041302269698512,0.8291405758486596,0.766421506566834,0.7659757162686733,0.9285246949626924,94,1000,0.2,120,8,0.35,0.5,0.15,3
0.7804162592268546,0.9402940818684995,0.9504356291884423,0.9504222752998679,0.9504376761348661,0.9536687323280292,0.8087945396047093,0.9181419301963977,0.9207792744530169,0.8769233498492668,0.7881516697624295,0.8012878022267658,0.9285246949626924,95,1000,0.2,120,8,0.35,0.5,0.15,3
0.7806483902371218,0.9369057888814171,0.9475496969859849,0.9461340794563083,0.9461052355108149,0.9503496270123452,0.8076683745629478,0.903264986964604,0.9154307331353241,0.8316959718199575,0.7537122797732767,0.7671507035117061,0.9285246949626924,96,1000,0.2,120,8,0.35,0.5,0.15,3
0.781569276192256,0.9331758258280777,0.945337858597791,0.945004366449517,0.9450397441118303,0.9506190321825211,0.804185600445451,0.92714931796097,0.9350109459256277,0.9156179304759718,0.7734646190690984,0.7843262343439424,0.9285246949626924,97,1000,0.2,120,8,0.35,0.5,0.15,3
0.7726305404185185,0.9309210460057326,0.9439621150814254,0.9439008241093937,0.9440137184350295,0.9488215587684984,0.8023518660031639,0.8959884531261705,0.9095213846503427,0.8500955189585254,0.7544397827709831,0.7641358418957652,0.9285246949626924,98,1000,0.2,120,8,0.35,0.5,0.15,3
0.7706033139429171,0.9381041416066432,0.9486908540377241,0.9487607489227081,0.9487066049977205,0.9535032645341245,0.7984690263770499,0.9010675311581061,0.9091078055752688,0.8520620615388038,0.7929591436833089,0.7663929838923792,0.9285246949626924,99,1000,0.2,120,8,0.35,0.5,0.15,3
0.7757935457892314,0.9344167050161067,0.94501955821445,0.9435878777419849,0.9434391777880043,0.9490115431814695,0.8016897722043258,0.9266853620187145,0.914628489799049,0.8694755714066574,0.7777486002454365,0.7819049125632765,0.9285246949626924,0,1000,0.2,120,8,0.35,0.7,0.15,4
0.7739366108521555,0.9320769383205204,0.9449315921040832,0.9451243444770391,0.944437799508196,0.948599596913245,0.8104949827778019,0.9186361519380917,0.9256609816529865,0.8832511280886771,0.772008693348596,0.8021047417182191,0.9285246949626924,1,1000,0.2,120,8,0.35,0.7,0.15,4
0.7702697483675744,0.9365510033444816,0.9459358576206403,0.9458067566491479,0.9456906951743909,0.9505093366778149,0.8026743908265648,0.9413986104475235,0.9466510391782131,0.885181856187291,0.7863189799331104,0.7993633540372671,0.9285246949626924,2,1000,0.2,120,8,0.35,0.7,0.15,4
0.7728202089444347,0.932965963546597,0.9436927941462119,0.9437556397540268,0.943658273319384,0.9470323645045253,0.7977702102967463,0.9233339644120764,0.9360048781567255,0.8931293227869421,0.7983428036123931,0.7546481899924025,0.9285246949626924,3,1000,0.2,120,8,0.35,0.7,0.15,4
0.7676506235359974,0.9262855611243191,0.9402249904388211,0.9401070910116788,0.9400859891437665,0.9447970295539404,0.7962740489906,0.9158464283491399,0.9250814962850549,0.8634266781236257,0.7440381173300639,0.7977157518377742,0.9285246949626924,4,1000,0.2,120,8,0.35,0.7,0.15,4
0.7745116326830814,0.9328098091529174,0.944040776202637,0.9440765016473237,0.9439303787219251,0.9487865989366897,0.8036736494293348,0.898629245922736,0.9056247955669994,0.8582250369187331,0.8250428339296847,0.7985328945936372,0.9285246949626924,5,1000,0.2,120,8,0.35,0.7,0.15,4
0.7779335934983367,0.9352664085444325,0.9481120883230593,0.9483072317176076,0.9481826031480647,0.9521406650942581,0.8021419811090981,0.9469827708122837,0.9460263030118277,0.8881528808546947,0.8844199163721674,0.7906610283614948,0.9285246949626924,6,1000,0.2,120,8,0.35,0.7,0.15,4
0.7816487874682514,0.9361561403551908,0.9472155904315349,0.9472477508599473,0.9476891453636612,0.9510022595897333,0.8110766613147911,0.8923171490321137,0.8974945846067601,0.8206180801601137,0.8122738750611613,0.7961088832119122,0.9285246949626924,7,1000,0.2,120,8,0.35,0.7,0.15,4
0.7846409073079492,0.9375337816660181,0.9471402679805989,0.947102910726627,0.9475327147350212,0.9525748682887865,0.8095405928126794,0.892402698289028,0.9024564937126861,0.8545858131818493,0.8026448544636686,0.804962764499382,0.9285246949626924,8,1000,0.2,120,8,0.35,0.7,0.15,4
0.7791722018029077,0.9423173770395973,0.9535670147286992,0.9531511914243751,0.9531926958122949,0.9559290625707876,0.8150210810139347,0.9529962806807304,0.9539005112541681,0.9141158274450201,0.8092454434076467,0.8118203717370707,0.9285246949626924,9,1000,0.2,120,8,0.35,0.7,0.15,4
0.7884758745628293,0.9359268606512664,0.9448348812126297,0.9448593557098555,0.9450019246306863,0.9488603390672968,0.8071073343004408,0.9446265495167332,0.9412263852192343,0.9072469284754706,0.8191454042813855,0.7151589364895751,0.9285246949626924,10,1000,0.2,120,8,0.35,0.7,0.15,4
0.7782148054298642,0.9393659366515837,0.9495844102564103,0.949751891402715,0.9497333574660634,0.9524759939668175,0.802763294117647,0.9304472518853696,0.9311074268476621,0.8282710105580694,0.8049229803921568,0.810491173453997,0.9285246949626924,11,1000,0.2,120,8,0.35,0.7,0.15,4
0.7818247102819202,0.934403855990347,0.9436496199898293,0.9424466468840035,0.941707586016526,0.9461414575927052,0.811363352078389,0.9112786355234355,0.9269313049538305,0.8287055150467402,0.7997861797987199,0.7859451276429991,0.9285246949626924,12,1000,0.2,120,8,0.35,0.7,0.15,4
0.7638569604086846,0.9304851193931654,0.942044970780603,0.9421376601261658,0.9421484964588412,0.9460450288323852,0.7913623785750222,0.9273140407910523,0.9331258949649754,0.8823857347420566,0.7729772824025698,0.7978348620302643,0.9285246949626924,13,1000,0.2,120,8,0.35,0.7,0.15,4
0.7727285664976662,0.9351846543816305,0.9446903772383002,0.944570411923009,0.9448892169923002,0.9498952884198694,0.8063299793824021,0.9354125584141888,0.9363853097510454,0.8864635026825327,0.8192467461036829,0.7815229160812052,0.9285246949626924,14,1000,0.2,120,8,0.35,0.7,0.15,4
0.7808047747780819,0.9392249748271053,0.9489907948714001,0.9489029709739059,0.9487667945935214,0.9524060590200274,0.8037963803923379,0.9506702048842718,0.9444435892304613,0.8877446783652045,0.8152781215080133,0.716897495499272,0.9285246949626924,15,1000,0.2,120,8,0.35,0.7,0.15,4
0.7650224672571404,0.9352591653738465,0.9465801945102015,0.9465588513885198,0.9474552624991501,0.9516557047363574,0.7978081096908975,0.9720495886668603,0.9582800882002089,0.8893588024055726,0.7605174268037159,0.7010125138295702,0.9285246949626924,16,1000,0.2,120,8,0.35,0.7,0.15,4
0.766383050193147,0.9352216364725671,0.9464306287742624,0.9465251843105994,0.9466693739831896,0.9513545356325469,0.794232413096393,0.9197753929995813,0.9290982881236541,0.8079781609800486,0.7398122425855875,0.7692142013792274,0.9285246949626924,17,1000,0.2,120,8,0.35,0.7,0.15,4
0.7752488940732353,0.935524302323038,0.9475246726715462,0.9472455129951076,0.9476443268011967,0.9511302770792127,0.804129585622168,0.9374197915321432,0.9450276168323197,0.9168870230302238,0.8430762057975123,0.7798881383705125,0.9285246949626924,18,1000,0.2,120,8,0.35,0.7,0.15,4
0.7773387490078516,0.93413412800758,0.9447387371543653,0.9440213300773692,0.9440314016670031,0.9473599651987842,0.8094994652373273,0.899207985685947,0.9134300386710305,0.8309445911496294,0.7364740488061486,0.7718658084639315,0.9285246949626924,19,1000,0.2,120,8,0.35,0.7,0.15,4
0.7818129324927814,0.934577130390469,0.9440416014198836,0.9438993738234924,0.9435570341278311,0.9472703604683921,0.8043048633829427,0.9341156763500039,0.9374486477784769,0.88051564042309,0.8135837187822844,0.7886044776248011,0.9285246949626924,20,1000,0.2,120,8,0.35,0.7,0.15,4
0.76843019857289,0.9376538951682221,0.9485918444792588,0.9484641713977727,0.9485606136793261,0.9529184887906963,0.7979157074817211,0.9704414228045337,0.9579875029659439,0.8610895267217795,0.7334869600607173,0.7146356367390488,0.9285246949626924,21,1000,0.2,120,8,0.35,0.7,0.15,4
0.7706353307573311,0.9317129608184436,0.9406661985094971,0.9406375278648922,0.9405655586957822,0.9446934488844827,0.8007381423236153,0.8838067516637507,0.8928206462967913,0.8086205216867584,0.7636909885726028,0.7728927051835648,0.9285246949626924,22,1000,0.2,120,8,0.35,0.7,0.15,4
0.7681383075898911,0.9268207936222899,0.9391622010204929,0.9391547999350263,0.9394440265644434,0.9450159727110293,0.7965279949953081,0.9128060592297184,0.9173466251634569,0.8902677089472502,0.8102333445388364,0.8094095842498669,0.9285246949626924,23,1000,0.2,120,8,0.35,0.7,0.15,4
0.7761526045784013,0.9321940691979939,0.9432968105959793,0.9431878555591906,0.9440911248312313,0.9480060355075054,0.804853185270909,0.9090781375460804,0.9117347776327631,0.8876487289613937,0.7547768488301742,0.7873219026595896,0.9285246949626924,24,1000,0.2,120,8,0.35,0.7,0.15,4
0.7749340089203209,0.936805762620208,0.947409901736953,0.9473736623866342,0.9476805795653396,0.9536954373103446,0.8024554151547911,0.9387283913158081,0.9415611814960906,0.8883666730498444,0.837433092006464,0.8183470017864154,0.9285246949626924,25,1000,0.2,120,8,0.35,0.7,0.15,4
0.7722617003565855,0.933661548437926,0.9447458982917347,0.943898609329793,0.9441175467861902,0.9499122993069126,0.8058169580284728,0.9443257234213498,0.9409193703732869,0.9377020859600548,0.8215845781944127,0.7682951811936245,0.9285246949626924,26,1000,0.2,120,8,0.35,0.7,0.15,4
0.7722653956278138,0.9360970347006213,0.94672119979344,0.9468982789093051,0.947216458854077,0.9505031868907148,0.7980926659086336,0.9438948192721428,0.9401170991415154,0.8767643785866158,0.765913724843686,0.7878340052997665,0.9285246949626924,27,1000,0.2,120,8,0.35,0.7,0.15,4
0.7795737116493323,0.9309559444062181,0.942792177249063,0.9423586667357552,0.9428554414657375,0.946537519295586,0.8014152305689481,0.8754979295529851,0.8703207074023953,0.8539889996581724,0.7838571007957634,0.780298639236909,0.9285246949626924,28,1000,0.2,120,8,0.35,0.7,0.15,4
0.7764190602293516,0.9407349551387323,0.949893675754329,0.9498301229415517,0.9501031466050321,0.9535664824804779,0.8082078457701899,0.947156810912057,0.9524146364857088,0.8836333377001524,0.7849452743999913,0.761596926227271,0.9285246949626924,29,1000,0.2,120,8,0.35,0.7,0.15,4
0.7773326479487465,0.9352873250206565,0.9456533149668858,0.9453593988655516,0.9454526579118728,0.9500644775420983,0.807570368453612,0.9296268979620138,0.941756481358456,0.88317643604405,0.7893815617859098,0.825535275936377,0.9285246949626924,30,1000,0.2,120,8,0.35,0.7,0.15,4
0.7632250064548225,0.9314228239376307,0.9436398547507494,0.9436138780258948,0.9432149778646818,0.9472215924834378,0.7976049066097383,0.9625610453034081,0.9693984341545127,0.8586875023615205,0.7437747369266229,0.7190339728330688,0.9285246949626924,31,1000,0.2,120,8,0.35,0.7,0.15,4
0.775355181475227,0.9346846090509503,0.946464664457304,0.9464674872398063,0.9471351239702805,0.9525200196115248,0.8012541135971389,0.9425318470702098,0.943720043829052,0.9017247298426805,0.8577483092262841,0.7657054508222133,0.9285246949626924,32,1000,0.2,120,8,0.35,0.7,0.15,4
0.7727155942381514,0.9315648398008437,0.9433971532818973,0.9434120709969215,0.943809053247691,0.947437478621109,0.8019343620538938,0.9286937022538102,0.942579339439778,0.8478916612823534,0.7834491277412489,0.7925060811067615,0.9285246949626924,33,1000,0.2,120,8,0.35,0.7,0.15,4
0.7877014618527333,0.9354214204316106,0.9467835594445134,0.9467842239748101,0.9470013355160306,0.95166719259493,0.814700948075881,0.9094562281488199,0.9148939846337811,0.8211039822832426,0.7282039758657786,0.75149225024768,0.9285246949626924,34,1000,0.2,120,8,0.35,0.7,0.15,4
0.7747915698107026,0.9361141906340715,0.9477391174273057,0.9477791095673119,0.9478225625655881,0.9511728656406375,0.8002200336779963,0.9405283230872702,0.9376167799328671,0.8734193010527547,0.7651736524090842,0.7491672790463105,0.9285246949626924,35,1000,0.2,120,8,0.35,0.7,0.15,4
0.7841371047134201,0.9386542692996601,0.951070131543301,0.9509724805246591,0.9501883016379593,0.9537608531344971,0.8116620423782421,0.9644140138698946,0.9616279411859127,0.9260163683806577,0.8137566998517218,0.8062732202670616,0.9285246949626924,36,1000,0.2,120,8,0.35,0.7,0.15,4
0.7776429041867245,0.9396237616349352,0.9502317431579738,0.9501551029921008,0.9502279111496801,0.9536012575275628,0.8035219300430531,0.9135658104682802,0.9262090796783589,0.8447004946533168,0.7725324789723458,0.7737148009158696,0.9285246949626924,37,1000,0.2,120,8,0.35,0.7,0.15,4
0.7682388774779748,0.9343441934563217,0.9452817105142085,0.9452371650610809,0.9452651399955396,0.949517427506905,0.797489059558733,0.8788364649664144,0.895709736758791,0.8236497171704884,0.7407357154331182,0.7773639696880376,0.9285246949626924,38,1000,0.2,120,8,0.35,0.7,0.15,4
0.7777282415818476,0.9352978980960531,0.9450977171837828,0.9448778618922445,0.94472614718113,0.9492378883758285,0.8029417123339595,0.9367148727299941,0.9288708436065936,0.8562774412649066,0.787988737585092,0.8117967845993747,0.9285246949626924,39,1000,0.2,120,8,0.35,0.7,0.15,4
0.784130335640986,0.9323665001998247,0.9456798188363759,0.945681631761809,0.944835902047236,0.9471746765741027,0.8108749137853238,0.9545308229553424,0.9498520652846535,0.9287430665673989,0.8126856234207405,0.8391305652782075,0.9285246949626924,40,1000,0.2,120,8,0.35,0.7,0.15,4
0.7700469722181269,0.9347518304236195,0.9447545670582468,0.9447370783899756,0.9442670337919175,0.9492517927594764,0.7926732054745589,0.9307555231705803,0.9342805156988154,0.9032150718320181,0.8349909952898815,0.7991741049685502,0.9285246949626924,41,1000,0.2,120,8,0.35,0.7,0.15,4
0.7746397106980024,0.9324200743406635,0.9468387309818888,0.9461546772273861,0.9460422098163682,0.9502035040240309,0.8022157752714174,0.9561687046588075,0.9521336533980704,0.9294839172586211,0.8020016640847376,0.790424703707902,0.9285246949626924,42,1000,0.2,120,8,0.35,0.7,0.15,4
0.7732538584562251,0.9333591381391104,0.9445998292761899,0.944637015669306,0.9449698289818386,0.9494952854717962,0.8013224227082291,0.9344687447875274,0.932294861605785,0.8636479949764029,0.7625258293350602,0.819437788832308,0.9285246949626924,43,1000,0.2,120,8,0.35,0.7,0.15,4
0.7808571172810383,0.9295263201166709,0.9424514460158686,0.9425692964244167,0.9427524592028202,0.949080171318188,0.8032420676205858,0.9191286868832783,0.9085030366410078,0.8901055025287413,0.773624828843172,0.7673657907637552,0.9285246949626924,44,1000,0.2,120,8,0.35,0.7,0.15,4
0.768112489020115,0.9338136852972465,0.9445740708149549,0.943951320807491,0.9438407362769116,0.947994334457904,0.8003262734702408,0.8839705071253364,0.8930957933094591,0.8100053661978249,0.7851570418186303,0.7535682662074102,0.9285246949626924,45,1000,0.2,120,8,0.35,0.7,0.15,4
0.7759712234750636,0.9297326301382923,0.9411807578164919,0.9410902451583114,0.9413269175387333,0.9447890513367311,0.8026735410324707,0.9169572461144561,0.9206810688491084,0.8749792677752481,0.7561675660151462,0.7962749165884981,0.9285246949626924,46,1000,0.2,120,8,0.35,0.7,0.15,4
0.7721926690745393,0.9330616393856538,0.9449358850009854,0.9444024272711598,0.9444850824280717,0.9485563540742931,0.7995395944181692,0.9424103321447926,0.9452474535668539,0.8801189425990246,0.8212602919622622,0.7304417114678786,0.9285246949626924,47,1000,0.2,120,8,0.35,0.7,0.15,4
0.7713771342383107,0.9345859185520362,0.9471564645550528,0.9471419849170437,0.9472855263951735,0.9525322714932126,0.806366407239819,0.9709547149321267,0.9661662021116139,0.8922148295625942,0.8449257797888386,0.7637370980392156,0.9285246949626924,48,1000,0.2,120,8,0.35,0.7,0.15,4
0.7792738120916863,0.9302440541444555,0.9443251990227255,0.9441381430121976,0.9444905798344836,0.9473936241877648,0.8056102289368868,0.8976943031180108,0.9034346023446072,0.8508114210919163,0.7687027126177061,0.8060260681027106,0.9285246949626924,49,1000,0.2,120,8,0.35,0.7,0.15,4
0.7771285143573705,0.9371538901392842,0.9497109414265119,0.9496762367088623,0.9500384732077657,0.9540869083037911,0.8060146640410288,0.9660133143063037,0.9703766875048788,0.890832897842001,0.7883573651486189,0.7675918309901401,0.9285246949626924,50,1000,0.2,120,8,0.35,0.7,0.15,4
0.7810493827160494,0.933791727582846,0.9445929783950617,0.9447057748538011,0.9447364359974009,0.9504193063677713,0.8066204718973359,0.9093687053281352,0.9166972262833009,0.8547498375568551,0.7777074195906433,0.7902808235867447,0.9285246949626924,51,1000,0.2,120,8,0.35,0.7,0.15,4
0.7843036746833676,0.9363551379675239,0.9443134062292733,0.9443645470993125,0.9442362515062661,0.9482620923276969,0.8126476397010417,0.9126739590197074,0.9139265654550419,0.8002855414512517,0.7931652345744996,0.7235420146881703,0.9285246949626924,52,1000,0.2,120,8,0.35,0.7,0.15,4
0.7808196108202194,0.934621539742217,0.946057315158241,0.9457282602185876,0.9460493557172228,0.9511791183870756,0.8073905545313438,0.9611126949104519,0.9632451456388427,0.9623160264995029,0.8326736218591876,0.7879327302989032,0.9285246949626924,53,1000,0.2,120,8,0.35,0.7,0.15,4
0.7817868462398205,0.9385680729357794,0.9475529068474179,0.9475431549274842,0.9470251329406105,0.950806049818073,0.7992528273985261,0.9273259621171067,0.9233574183001214,0.865993797193807,0.8265827780508858,0.8115776938874283,0.9285246949626924,54,1000,0.2,120,8,0.35,0.7,0.15,4
0.7793322065994194,0.9299129631008214,0.9411369737772649,0.9411145825578798,0.941515298146356,0.9459682428534206,0.8044760919935978,0.9109476002816447,0.9265078499156306,0.8248238945135115,0.7565351342465073,0.7596763024516737,0.9285246949626924,55,1000,0.2,120,8,0.35,0.7,0.15,4
0.7761382438770694,0.935528791979274,0.9462409107106741,0.9461929481561383,0.9461322726353402,0.9497176180524121,0.806396548237039,0.9122953645828317,0.9197577794685595,0.8868910055763692,0.8007150080419143,0.7477343953154646,0.9285246949626924,56,1000,0.2,120,8,0.35,0.7,0.15,4
0.7876122623390651,0.9334170506419756,0.9455536954993768,0.9457740249510295,0.9458537416444046,0.9502957055760004,0.8163852588560664,0.9497916871747468,0.9468100463529415,0.8702968013110194,0.855494623360302,0.8002804175105157,0.9285246949626924,57,1000,0.2,120,8,0.35,0.7,0.15,4
0.7723057270369437,0.9343510326691716,0.9457670678198814,0.9458195582056004,0.9456120916353548,0.9505345766741554,0.8004318413780847,0.8880124817723057,0.9065874570432886,0.7943717447804213,0.7077430324050884,0.7382814973981274,0.9285246949626924,58,1000,0.2,120,8,0.35,0.7,0.15,4
0.7758041106089206,0.9369250399203849,0.9486350863207819,0.9486815117856006,0.9487860944201705,0.9521955083613466,0.8063221857068729,0.9234233516077198,0.9085358180482754,0.8663993442277755,0.7674751014617003,0.7669912939719592,0.9285246949626924,59,1000,0.2,120,8,0.35,0.7,0.15,4
0.7790555214752366,0.9364764959113918,0.9472254134964244,0.9469691994610331,0.9471662128919408,0.9502862682411259,0.8103158550228381,0.9749342902262795,0.9671042618254415,0.9247550659492803,0.8316326116718482,0.7844763846567485,0.9285246949626924,60,1000,0.2,120,8,0.35,0.7,0.15,4
0.7747677874565587,0.9362868603537429,0.9467438065868923,0.9466532028423689,0.946472298714074,0.9509493978086837,0.8079363419708903,0.926937686465742,0.9372825914612443,0.8682023933949871,0.7997847352105566,0.8303444883800698,0.9285246949626924,61,1000,0.2,120,8,0.35,0.7,0.15,4
0.7693821764169517,0.933207725949257,0.9470193958180074,0.946971876420999,0.9467395170448458,0.9510423555907904,0.7986994540983099,0.9503650851468554,0.9546961115515464,0.9222582664943018,0.7689165053721202,0.7748744283268935,0.9285246949626924,62,1000,0.2,120,8,0.35,0.7,0.15,4
0.780963263541928,0.9394405822074332,0.9512368279475836,0.9512058263806588,0.9513642234541109,0.956055129358773,0.8062649282263884,0.9696293299145882,0.9623435629532671,0.9348294230987193,0.8169742251377651,0.7792961567726312,0.9285246949626924,63,1000,0.2,120,8,0.35,0.7,0.15,4
0.7633060225394429,0.9258153823388477,0.9369349015056639,0.936908269898459,0.937168581753611,0.9407810866393004,0.7936401978834942,0.9174455039842822,0.9327694276121926,0.8743382287715101,0.8071658585507215,0.7279098081400912,0.9285246949626924,64,1000,0.2,120,8,0.35,0.7,0.15,4
0.773163224528318,0.9385412402710954,0.9510780292254815,0.9506476354050135,0.9504188748137018,0.9541386637385311,0.8091944347609209,0.9629059640113028,0.9556656912962871,0.8838774798761535,0.8580322904684572,0.7517076067147914,0.9285246949626924,65,1000,0.2,120,8,0.35,0.7,0.15,4
0.7851930692992811,0.9364002980697319,0.9460403390794296,0.9455422041399089,0.9451820751772348,0.9494226927023135,0.808785717376121,0.9338157522668133,0.9312556399923357,0.8833594537087972,0.8255391987193355,0.8408764045898721,0.9285246949626924,66,1000,0.2,120,8,0.35,0.7,0.15,4
0.7794714505858563,0.9369706518211584,0.946253418949243,0.9458752816795811,0.9461497329053543,0.9514223341749904,0.8068057467612694,0.9305140585101049,0.9363299303996117,0.9067198713850555,0.8491651664372198,0.8271096062052326,0.9285246949626924,67,1000,0.2,120,8,0.35,0.7,0.15,4
0.7759365435253843,0.9294049490856637,0.9427504667081519,0.9416567308103384,0.9419834067240809,0.945031854117878,0.7993660646566944,0.9625565670864269,0.946592694018377,0.8895072409037433,0.813185316783601,0.7705270437383521,0.9285246949626924,68,1000,0.2,120,8,0.35,0.7,0.15,4
0.7781962447049673,0.9377586572212427,0.9473436022014655,0.9470429766401413,0.9468883279138831,0.9505791811595649,0.807125577367289,0.9062943380547926,0.9167229616936551,0.8331162951676657,0.763273461633,0.7461104400030872,0.9285246949626924,69,1000,0.2,120,8,0.35,0.7,0.15,4
0.7809703179837788,0.9312624221175104,0.9429175267453718,0.9430726797915157,0.9432173007641312,0.9471524930149435,0.8001417149004754,0.9299840429334126,0.9487410807721297,0.8505812778155232,0.777513067328913,0.7838178786043949,0.9285246949626924,70,1000,0.2,120,8,0.35,0.7,0.15,4
0.7740036778034959,0.9323485530551643,0.9427859400507103,0.9426192993362861,0.9427905255973016,0.9485485086436578,0.7983227826735805,0.9540753606288482,0.9527104287817784,0.9256082873900591,0.8576135098398024,0.7936114750278938,0.9285246949626924,71,1000,0.2,120,8,0.35,0.7,0.15,4
0.7643121738651943,0.9250078734810621,0.940116273851184,0.9402284733954392,0.9395187868868198,0.9438109560610974,0.7966719859007125,0.8998739072252213,0.9114407045897224,0.8523403263894499,0.7918236972462134,0.7967114020884335,0.9285246949626924,72,1000,0.2,120,8,0.35,0.7,0.15,4
0.76746572265625,0.934126953125,0.944007421875,0.94229404296875,0.943051171875,0.94874228515625,0.78972236328125,0.90747646484375,0.9269623046875,0.821960546875,0.72476396484375,0.74832998046875,0.9285246949626924,73,1000,0.2,120,8,0.35,0.7,0.15,4
0.7698721824021959,0.9389928486072542,0.950534290428346,0.9504337159932066,0.9502934121543354,0.9538290288642625,0.8094849998483878,0.911595271660556,0.9181850487545833,0.8570532050770775,0.7976162157612849,0.7416350841257615,0.9285246949626924,74,1000,0.2,120,8,0.35,0.7,0.15,4
0.7792259671739604,0.9277386641999418,0.940799385276491,0.9407925332628555,0.9378291352514078,0.9442310694769711,0.8030139071405323,0.9470894359079775,0.9451352416191309,0.9255006986606761,0.845417201980232,0.8346054096647653,0.9285246949626924,75,1000,0.2,120,8,0.35,0.7,0.15,4
0.785331820365441,0.935732500990166,0.9477951329544014,0.9476195719473827,0.9476294424625152,0.9516796118951782,0.8051570854151257,0.9426492405117757,0.937159700814145,0.877221716398251,0.8042351026375454,0.8096836269907416,0.9285246949626924,76,1000,0.2,120,8,0.35,0.7,0.15,4
0.7742789594222909,0.9388563538765715,0.9488217342231281,0.9484275374570091,0.9485337915369311,0.9516485232444009,0.7973490096258761,0.9530755174945483,0.9596683581220384,0.867470929822996,0.7637866136296394,0.7195768935142353,0.9285246949626924,77,1000,0.2,120,8,0.35,0.7,0.15,4
0.7676832295550268,0.9316240233086489,0.9435193177244753,0.9427113711579752,0.9421425416682473,0.9464394326293974,0.7954959002441003,0.9169698132244031,0.9265199659345933,0.8766474771636853,0.7859086902381623,0.7874012215840024,0.9285246949626924,78,1000,0.2,120,8,0.35,0.7,0.15,4
0.7853573903465008,0.9389883734999395,0.9499427238914441,0.9499585357115359,0.950168214195361,0.9532654649421504,0.8128343070533681,0.9231727232157588,0.9310769636905613,0.8617619710209604,0.8210103929816732,0.8109366922222344,0.9285246949626924,79,1000,0.2,120,8,0.35,0.7,0.15,4
0.7837353705318458,0.936577069547038,0.9447296339868116,0.9447016465886945,0.9442655661259901,0.9466828444803234,0.8073110250205402,0.9658266121612895,0.9680270608118708,0.8862854582902547,0.8067229991334559,0.8176127117406458,0.9285246949626924,80,1000,0.2,120,8,0.35,0.7,0.15,4
0.7766467547443533,0.9318615295612158,0.9433698083237196,0.9432011824427977,0.9425938764299042,0.9453288442932538,0.8017523671563074,0.8936731161041703,0.8961061327793639,0.8381135140029012,0.773886016489744,0.7907994646371398,0.9285246949626924,81,1000,0.2,120,8,0.35,0.7,0.15,4
0.7534295501986806,0.9233170816857428,0.936364011045625,0.9355362195160387,0.9359705773254362,0.9410395397494612,0.7883423561898897,0.9306289169420395,0.9398952168758531,0.8989958566784089,0.7826604052163667,0.7863604471587093,0.9285246949626924,82,1000,0.2,120,8,0.35,0.7,0.15,4
0.7758355260117561,0.9330330558301797,0.945123490026916,0.9452373129237643,0.9454559701281822,0.94984210859017,0.8000848835474523,0.8906464837664612,0.9004502990122615,0.8137799763346076,0.7683522323308027,0.7962218419006802,0.9285246949626924,83,1000,0.2,120,8,0.35,0.7,0.15,4
0.7770252901470174,0.9341804365526457,0.9469116943167013,0.9468775195194884,0.9466781499299167,0.9487250509035099,0.8010238689537013,0.946341981516516,0.9489925708175528,0.9082953690858172,0.8559703669635922,0.8360487517929314,0.9285246949626924,84,1000,0.2,120,8,0.35,0.7,0.15,4
0.7730031401372943,0.931772840288853,0.9417296510188111,0.941215243038702,0.9413475844716743,0.945690483501897,0.8014837891650405,0.8895751404146566,0.8847196164475835,0.8086681657437766,0.7679170092421076,0.7297296708304029,0.9285246949626924,85,1000,0.2,120,8,0.35,0.7,0.15,4
0.7782442351874161,0.9391402353809848,0.9470693283910897,0.9471479656368895,0.9475735433864906,0.952306900681744,0.8088709057410653,0.9339669583074299,0.9331872202572667,0.9041334897492546,0.829866952804774,0.7743620333913649,0.9285246949626924,86,1000,0.2,120,8,0.35,0.7,0.15,4
0.7756271057026962,0.9319998091147698,0.9457434502505369,0.9453237890718206,0.9447183011214507,0.9479833929849678,0.8039171558100692,0.9118318301121451,0.9249252207110474,0.8657924123120974,0.7882862324027679,0.8148378907182057,0.9285246949626924,87,1000,0.2,120,8,0.35,0.7,0.15,4
0.7756420901932713,0.9360154617036507,0.9480756859937962,0.9481462180863756,0.9485307563827249,0.9513738964447626,0.8055239322357433,0.9683687902648532,0.9664148890479599,0.9471127654497733,0.8023971367215462,0.8078032927702219,0.9285246949626924,88,1000,0.2,120,8,0.35,0.7,0.15,4
0.7780724609375,0.93869443359375,0.94981669921875,0.94993291015625,0.95008173828125,0.95382451171875,0.805645703125,0.93119453125,0.926099609375,0.912411328125,0.760183984375,0.78065224609375,0.9285246949626924,89,1000,0.2,120,8,0.35,0.7,0.15,4
0.7813538845191281,0.9345443372520121,0.9452394441780734,0.9444608604002915,0.9439150966109785,0.9481568531995439,0.8110220552316878,0.8872780548331282,0.9013109020656547,0.8467171646095181,0.782547307619245,0.7996901748493804,0.9285246949626924,90,1000,0.2,120,8,0.35,0.7,0.15,4
0.7920133325593096,0.9369993033786137,0.9468302759394713,0.9461421688145826,0.9463407059096715,0.9505138550253492,0.8190770734161539,0.8890992298463563,0.9000225434420837,0.8671677502999342,0.7694889508107899,0.7988196137621425,0.9285246949626924,91,1000,0.2,120,8,0.35,0.7,0.15,4
0.7722532062472764,0.9332498543273947,0.9448213050486819,0.9446569762968342,0.9444827878198756,0.9481810547121946,0.8002630419997224,0.8848358007778743,0.906778619012102,0.8234708049672909,0.7817372951642109,0.7818668248862555,0.9285246949626924,92,1000,0.2,120,8,0.35,0.7,0.15,4
0.7717892025823438,0.9330472067358506,0.946385016008307,0.9463687913728205,0.9458772235476633,0.9491884012398711,0.7959715388989499,0.9529204537026164,0.9475546383915051,0.8713849001180536,0.811112214214635,0.8173142742797807,0.9285246949626924,93,1000,0.2,120,8,0.35,0.7,0.15,4
0.7690511485658807,0.932914799422369,0.9458007624910452,0.9441162509478079,0.9445748146069475,0.9485259099275642,0.797812237685522,0.8863442061164551,0.8972172840081156,0.815395063842732,0.7389544571709697,0.7434954852555621,0.9285246949626924,94,1000,0.2,120,8,0.35,0.7,0.15,4
0.7804162592268546,0.9402940818684995,0.9504356291884423,0.9504222752998679,0.9504376761348661,0.9536687323280292,0.8087945396047093,0.9121575361159328,0.9118606314108413,0.8836578035835988,0.779159921490832,0.7826067843212482,0.9285246949626924,95,1000,0.2,120,8,0.35,0.7,0.15,4
0.7806483902371218,0.9369057888814171,0.9475496969859849,0.9461340794563083,0.9461052355108149,0.9503496270123452,0.8076683745629478,0.8941690044536824,0.9099507772655763,0.8096359647969982,0.7336127750523694,0.7263726494030238,0.9285246949626924,96,1000,0.2,120,8,0.35,0.7,0.15,4
0.781569276192256,0.9331758258280777,0.945337858597791,0.945004366449517,0.9450397441118303,0.9506190321825211,0.804185600445451,0.9085662394813943,0.9177524148138577,0.8984238097820005,0.7589559321225713,0.7717173663176199,0.9285246949626924,97,1000,0.2,120,8,0.35,0.7,0.15,4
0.7726305404185185,0.9309210460057326,0.9439621150814254,0.9439008241093937,0.9440137184350295,0.9488215587684984,0.8023518660031639,0.8836301213570837,0.9005451827166365,0.8363488843268625,0.7361917626660096,0.7414577985759968,0.9285246949626924,98,1000,0.2,120,8,0.35,0.7,0.15,4
0.7706033139429171,0.9381041416066432,0.9486908540377241,0.9487607489227081,0.9487066049977205,0.9535032645341245,0.7984690263770499,0.894428796850123,0.9038191254259773,0.8630926557112834,0.8069272918951171,0.7666291498488252,0.9285246949626924,99,1000,0.2,120,8,0.35,0.7,0.15,4
