covariates_only,core1_ptau217,core2_ptau217_ab,core3,core4_hypothesis,core5_hypothesis,gfap_nfl_only,full_panel,full_panel_enet,broad_no_ptau,discovery_only,extras_only,oracle_core5,rep,n_train,prevalence,n_extra,n_informative,d_extra,rho_core_extra,rho_extra,condition
0.7757935457892314,0.9344167050161067,0.94501955821445,0.9435878777419849,0.9434391777880043,0.9490115431814695,0.8016897722043258,0.9070431622948305,0.9106295060592116,0.8416860331339162,0.7368983931584598,0.710915592882344,0.9285246949626924,0,1000,0.2,120,8,0.0,0.15,0.15,0
0.7739366108521555,0.9320769383205204,0.9449315921040832,0.9451243444770391,0.944437799508196,0.948599596913245,0.8104949827778019,0.9076430647391036,0.9120452611710976,0.8484530243861285,0.7482472873155255,0.715247155696566,0.9285246949626924,1,1000,0.2,120,8,0.0,0.15,0.15,0
0.7702697483675744,0.9365510033444816,0.9459358576206403,0.9458067566491479,0.9456906951743909,0.9505093366778149,0.8026743908265648,0.9185129996814779,0.9201277074374901,0.846468386685778,0.7358119326325848,0.7029383659818442,0.9285246949626924,2,1000,0.2,120,8,0.0,0.15,0.15,0
0.7728202089444347,0.932965963546597,0.9436927941462119,0.9437556397540268,0.943658273319384,0.9470323645045253,0.7977702102967463,0.9084204754727558,0.9112687879108261,0.8381013545244658,0.7447112077126018,0.7202526609804013,0.9285246949626924,3,1000,0.2,120,8,0.0,0.15,0.15,0
0.7676506235359974,0.9262855611243191,0.9402249904388211,0.9401070910116788,0.9400859891437665,0.9447970295539404,0.7962740489906,0.899821205228346,0.9039322943664111,0.8380641688443697,0.7347622008241538,0.7202842866876543,0.9285246949626924,4,1000,0.2,120,8,0.0,0.15,0.15,0
0.7745116326830814,0.9328098091529174,0.944040776202637,0.9440765016473237,0.9439303787219251,0.9487865989366897,0.8036736494293348,0.9040707387231316,0.9091699114838661,0.8433649113076791,0.7294553070294497,0.6943722370736605,0.9285246949626924,5,1000,0.2,120,8,0.0,0.15,0.15,0
0.7779335934983367,0.9352664085444325,0.9481120883230593,0.9483072317176076,0.9481826031480647,0.9521406650942581,0.8021419811090981,0.9215995944317251,0.9249922610470607,0.8457052150328964,0.7384076770413158,0.7160261930165575,0.9285246949626924,6,1000,0.2,120,8,0.0,0.15,0.15,0
0.7816487874682514,0.9361561403551908,0.9472155904315349,0.9472477508599473,0.9476891453636612,0.9510022595897333,0.8110766613147911,0.8947914366712482,0.9006407989948637,0.8258122352235371,0.7383531795304282,0.7111062154699529,0.9285246949626924,7,1000,0.2,120,8,0.0,0.15,0.15,0
0.7846409073079492,0.9375337816660181,0.9471402679805989,0.947102910726627,0.9475327147350212,0.9525748682887865,0.8095405928126794,0.9049604076673906,0.910352956616395,0.8393651770347552,0.7448551384462766,0.7103478908945214,0.9285246949626924,8,1000,0.2,120,8,0.0,0.15,0.15,0
0.7791722018029077,0.9423173770395973,0.9535670147286992,0.9531511914243751,0.9531926958122949,0.9559290625707876,0.8150210810139347,0.9163690480539947,0.9192960816837531,0.8587651470312427,0.758840215413619,0.7288443317525618,0.9285246949626924,9,1000,0.2,120,8,0.0,0.15,0.15,0
0.7884758745628293,0.9359268606512664,0.9448348812126297,0.9448593557098555,0.9450019246306863,0.9488603390672968,0.8071073343004408,0.8991578086729062,0.9039588892120097,0.8342576103996318,0.7389012880848298,0.6964323644781922,0.9285246949626924,10,1000,0.2,120,8,0.0,0.15,0.15,0
0.7782148054298642,0.9393659366515837,0.9495844102564103,0.949751891402715,0.9497333574660634,0.9524759939668175,0.802763294117647,0.9107027209653092,0.9143513966817496,0.8309412488687783,0.7243900331825037,0.7057645852187029,0.9285246949626924,11,1000,0.2,120,8,0.0,0.15,0.15,0
0.7818247102819202,0.934403855990347,0.9436496199898293,0.9424466468840035,0.941707586016526,0.9461414575927052,0.811363352078389,0.909290792808146,0.9121849377894576,0.8343133343620555,0.7512360215462998,0.7141590773724461,0.9285246949626924,12,1000,0.2,120,8,0.0,0.15,0.15,0
0.7638569604086846,0.9304851193931654,0.942044970780603,0.9421376601261658,0.9421484964588412,0.9460450288323852,0.7913623785750222,0.9064858353651457,0.9094803397964317,0.8358492008204652,0.726310615735903,0.7028033205619413,0.9285246949626924,13,1000,0.2,120,8,0.0,0.15,0.15,0
0.7727285664976662,0.9351846543816305,0.9446903772383002,0.944570411923009,0.9448892169923002,0.9498952884198694,0.8063299793824021,0.9139155155541997,0.9161875403642696,0.8310163758167564,0.750123773737999,0.7141621409910157,0.9285246949626924,14,1000,0.2,120,8,0.0,0.15,0.15,0
0.7808047747780819,0.9392249748271053,0.9489907948714001,0.9489029709739059,0.9487667945935214,0.9524060590200274,0.8037963803923379,0.910183289460856,0.9135203015300305,0.8325723244597646,0.7324975853362116,0.6957100295680366,0.9285246949626924,15,1000,0.2,120,8,0.0,0.15,0.15,0
0.7650224672571404,0.9352591653738465,0.9465801945102015,0.9465588513885198,0.9474552624991501,0.9516557047363574,0.7978081096908975,0.9074021422699656,0.9110635016780909,0.8456691425975487,0.7256028804136201,0.6911810607512161,0.9285246949626924,16,1000,0.2,120,8,0.0,0.15,0.15,0
0.766383050193147,0.9352216364725671,0.9464306287742624,0.9465251843105994,0.9466693739831896,0.9513545356325469,0.794232413096393,0.9199612954008207,0.9228355631093029,0.8391165123746926,0.7316287266337277,0.7092668937804416,0.9285246949626924,17,1000,0.2,120,8,0.0,0.15,0.15,0
0.7752488940732353,0.935524302323038,0.9475246726715462,0.9472455129951076,0.9476443268011967,0.9511302770792127,0.804129585622168,0.91380288290545,0.917684450885925,0.851429222634686,0.751419244798666,0.7201665449650331,0.9285246949626924,18,1000,0.2,120,8,0.0,0.15,0.15,0
0.7773387490078516,0.93413412800758,0.9447387371543653,0.9440213300773692,0.9440314016670031,0.9473599651987842,0.8094994652373273,0.9009215117146145,0.905582139817681,0.8364473590936189,0.7369872156664351,0.7121580356371578,0.9285246949626924,19,1000,0.2,120,8,0.0,0.15,0.15,0
0.7818129324927814,0.934577130390469,0.9440416014198836,0.9438993738234924,0.9435570341278311,0.9472703604683921,0.8043048633829427,0.9034479395803384,0.9069114806054983,0.8231755154432508,0.7251469440175758,0.6959620034363728,0.9285246949626924,20,1000,0.2,120,8,0.0,0.15,0.15,0
0.76843019857289,0.9376538951682221,0.9485918444792588,0.9484641713977727,0.9485606136793261,0.9529184887906963,0.7979157074817211,0.9083662795356943,0.9133702786494466,0.8333232831702523,0.7232640782160653,0.6853593152637294,0.9285246949626924,21,1000,0.2,120,8,0.0,0.15,0.15,0
0.7706353307573311,0.9317129608184436,0.9406661985094971,0.9406375278648922,0.9405655586957822,0.9446934488844827,0.8007381423236153,0.8966577342330715,0.9001813954626852,0.8241410923379068,0.7314776664942853,0.7046653477520021,0.9285246949626924,22,1000,0.2,120,8,0.0,0.15,0.15,0
0.7681383075898911,0.9268207936222899,0.9391622010204929,0.9391547999350263,0.9394440265644434,0.9450159727110293,0.7965279949953081,0.8998071238174331,0.9037723527388496,0.8475602321759464,0.7440287847690336,0.7202960356280463,0.9285246949626924,23,1000,0.2,120,8,0.0,0.15,0.15,0
0.7761526045784013,0.9321940691979939,0.9432968105959793,0.9431878555591906,0.9440911248312313,0.9480060355075054,0.804853185270909,0.9036762768307842,0.9092860544150366,0.849122984719905,0.7483696523257389,0.7229435440211336,0.9285246949626924,24,1000,0.2,120,8,0.0,0.15,0.15,0
0.7749340089203209,0.936805762620208,0.947409901736953,0.9473736623866342,0.9476805795653396,0.9536954373103446,0.8024554151547911,0.9089655861219417,0.9117344473678816,0.8359628236730204,0.7369709091287118,0.7066344923415954,0.9285246949626924,25,1000,0.2,120,8,0.0,0.15,0.15,0
0.7722617003565855,0.933661548437926,0.9447458982917347,0.943898609329793,0.9441175467861902,0.9499122993069126,0.8058169580284728,0.9091208419105626,0.9132828660874127,0.8422592334131747,0.7317189486697765,0.7022969526058234,0.9285246949626924,26,1000,0.2,120,8,0.0,0.15,0.15,0
0.7722653956278138,0.9360970347006213,0.94672119979344,0.9468982789093051,0.947216458854077,0.9505031868907148,0.7980926659086336,0.9139755279765123,0.9180501901951895,0.8368154852098693,0.7307927102753891,0.7048707909162099,0.9285246949626924,27,1000,0.2,120,8,0.0,0.15,0.15,0
0.7795737116493323,0.9309559444062181,0.942792177249063,0.9423586667357552,0.9428554414657375,0.946537519295586,0.8014152305689481,0.8944822155249182,0.89733744008477,0.8416832057404544,0.7376384733199736,0.7170164474913027,0.9285246949626924,28,1000,0.2,120,8,0.0,0.15,0.15,0
0.7764190602293516,0.9407349551387323,0.949893675754329,0.9498301229415517,0.9501031466050321,0.9535664824804779,0.8082078457701899,0.9216161831194372,0.9247035631683768,0.8501278464252128,0.7431930258780816,0.7157619943262544,0.9285246949626924,29,1000,0.2,120,8,0.0,0.15,0.15,0
0.7773326479487465,0.9352873250206565,0.9456533149668858,0.9453593988655516,0.9454526579118728,0.9500644775420983,0.807570368453612,0.9116312914993072,0.9157235526835169,0.8401809167393306,0.7494013214700337,0.725568938287884,0.9285246949626924,30,1000,0.2,120,8,0.0,0.15,0.15,0
0.7632250064548225,0.9314228239376307,0.9436398547507494,0.9436138780258948,0.9432149778646818,0.9472215924834378,0.7976049066097383,0.9313109469067231,0.935192105752034,0.8504497318887125,0.7395079614725811,0.6963084712461272,0.9285246949626924,31,1000,0.2,120,8,0.0,0.15,0.15,0
0.775355181475227,0.9346846090509503,0.946464664457304,0.9464674872398063,0.9471351239702805,0.9525200196115248,0.8012541135971389,0.9043758092990437,0.9064532798834599,0.8355169502735714,0.7502099322814477,0.722598349879219,0.9285246949626924,32,1000,0.2,120,8,0.0,0.15,0.15,0
0.7727155942381514,0.9315648398008437,0.9433971532818973,0.9434120709969215,0.943809053247691,0.947437478621109,0.8019343620538938,0.9091956786135077,0.9134586294705637,0.8502910379689104,0.7574260765459314,0.7295310896583178,0.9285246949626924,33,1000,0.2,120,8,0.0,0.15,0.15,0
0.7877014618527333,0.9354214204316106,0.9467835594445134,0.9467842239748101,0.9470013355160306,0.95166719259493,0.814700948075881,0.907429220878099,0.9108787027153468,0.8383723716402772,0.7339284297073143,0.7199664583079388,0.9285246949626924,34,1000,0.2,120,8,0.0,0.15,0.15,0
0.7747915698107026,0.9361141906340715,0.9477391174273057,0.9477791095673119,0.9478225625655881,0.9511728656406375,0.8002200336779963,0.9091902514544257,0.9129309585692966,0.8442832966290087,0.7250809552430272,0.6921982833373902,0.9285246949626924,35,1000,0.2,120,8,0.0,0.15,0.15,0
0.7841371047134201,0.9386542692996601,0.951070131543301,0.9509724805246591,0.9501883016379593,0.9537608531344971,0.8116620423782421,0.9129793344953708,0.9159523719854081,0.8556271375534864,0.7665325139080829,0.7373708915058851,0.9285246949626924,36,1000,0.2,120,8,0.0,0.15,0.15,0
0.7776429041867245,0.9396237616349352,0.9502317431579738,0.9501551029921008,0.9502279111496801,0.9536012575275628,0.8035219300430531,0.9116515749406702,0.9158559758351592,0.8362729258493622,0.7402043796710585,0.7214077894509922,0.9285246949626924,37,1000,0.2,120,8,0.0,0.15,0.15,0
0.7682388774779748,0.9343441934563217,0.9452817105142085,0.9452371650610809,0.9452651399955396,0.949517427506905,0.797489059558733,0.8938583224552752,0.8997059610199017,0.8169975311876656,0.7218954256011004,0.6944694626785132,0.9285246949626924,38,1000,0.2,120,8,0.0,0.15,0.15,0
0.7777282415818476,0.9352978980960531,0.9450977171837828,0.9448778618922445,0.94472614718113,0.9492378883758285,0.8029417123339595,0.9024770459913003,0.905760315411293,0.8243593062512382,0.7364723233249186,0.7065422043050675,0.9285246949626924,39,1000,0.2,120,8,0.0,0.15,0.15,0
0.784130335640986,0.9323665001998247,0.9456798188363759,0.945681631761809,0.944835902047236,0.9471746765741027,0.8108749137853238,0.9103827649610664,0.913444695299608,0.8427751497073536,0.7391403752191625,0.7169929731010211,0.9285246949626924,40,1000,0.2,120,8,0.0,0.15,0.15,0
0.7700469722181269,0.9347518304236195,0.9447545670582468,0.9447370783899756,0.9442670337919175,0.9492517927594764,0.7926732054745589,0.9081085770779835,0.9117194497146562,0.8424895304917862,0.732153522369228,0.7034647787502715,0.9285246949626924,41,1000,0.2,120,8,0.0,0.15,0.15,0
0.7746397106980024,0.9324200743406635,0.9468387309818888,0.9461546772273861,0.9460422098163682,0.9502035040240309,0.8022157752714174,0.9201177336016021,0.9227181611942367,0.8561390282185949,0.7432034457731933,0.7036316445313484,0.9285246949626924,42,1000,0.2,120,8,0.0,0.15,0.15,0
0.7732538584562251,0.9333591381391104,0.9445998292761899,0.944637015669306,0.9449698289818386,0.9494952854717962,0.8013224227082291,0.9101366771651999,0.914432343331469,0.8456889294439702,0.7309600761388946,0.7022483540851068,0.9285246949626924,43,1000,0.2,120,8,0.0,0.15,0.15,0
0.7808571172810383,0.9295263201166709,0.9424514460158686,0.9425692964244167,0.9427524592028202,0.949080171318188,0.8032420676205858,0.8986847625472746,0.9025996628344953,0.8362588152489785,0.7294997917687973,0.7100201853641894,0.9285246949626924,44,1000,0.2,120,8,0.0,0.15,0.15,0
0.768112489020115,0.9338136852972465,0.9445740708149549,0.943951320807491,0.9438407362769116,0.947994334457904,0.8003262734702408,0.8969941435375421,0.900983239863543,0.8219477098199063,0.728298227819061,0.6989467756457901,0.9285246949626924,45,1000,0.2,120,8,0.0,0.15,0.15,0
0.7759712234750636,0.9297326301382923,0.9411807578164919,0.9410902451583114,0.9413269175387333,0.9447890513367311,0.8026735410324707,0.8967679988212671,0.899793032317845,0.8256293830680856,0.7221166843095765,0.7036871646156374,0.9285246949626924,46,1000,0.2,120,8,0.0,0.15,0.15,0
0.7721926690745393,0.9330616393856538,0.9449358850009854,0.9444024272711598,0.9444850824280717,0.9485563540742931,0.7995395944181692,0.910244101173761,0.913156949730269,0.8515090002709627,0.7503086818898413,0.7111434162232733,0.9285246949626924,47,1000,0.2,120,8,0.0,0.15,0.15,0
0.7713771342383107,0.9345859185520362,0.9471564645550528,0.9471419849170437,0.9472855263951735,0.9525322714932126,0.806366407239819,0.9202309019607843,0.9234790708898944,0.8447409230769231,0.7307002594268477,0.7007310769230769,0.9285246949626924,48,1000,0.2,120,8,0.0,0.15,0.15,0
0.7792738120916863,0.9302440541444555,0.9443251990227255,0.9441381430121976,0.9444905798344836,0.9473936241877648,0.8056102289368868,0.9074042192540887,0.9102626718988878,0.853173062903241,0.7517204330952977,0.7367013345715887,0.9285246949626924,49,1000,0.2,120,8,0.0,0.15,0.15,0
0.7771285143573705,0.9371538901392842,0.9497109414265119,0.9496762367088623,0.9500384732077657,0.9540869083037911,0.8060146640410288,0.9213914111495779,0.9270781780965356,0.8491841603438709,0.7430543458574104,0.7092667556491782,0.9285246949626924,50,1000,0.2,120,8,0.0,0.15,0.15,0
0.7810493827160494,0.933791727582846,0.9445929783950617,0.9447057748538011,0.9447364359974009,0.9504193063677713,0.8066204718973359,0.8898380644899285,0.8952728029564653,0.8406954597141001,0.73906341374269,0.7151851851851851,0.9285246949626924,51,1000,0.2,120,8,0.0,0.15,0.15,0
0.7843036746833676,0.9363551379675239,0.9443134062292733,0.9443645470993125,0.9442362515062661,0.9482620923276969,0.8126476397010417,0.9020318297227781,0.9078059197084399,0.8208639772087116,0.7301820506582343,0.7066504513649833,0.9285246949626924,52,1000,0.2,120,8,0.0,0.15,0.15,0
0.7808196108202194,0.934621539742217,0.946057315158241,0.9457282602185876,0.9460493557172228,0.9511791183870756,0.8073905545313438,0.910723221018826,0.9157582469272918,0.8469434436094473,0.7472357201076155,0.714131434249533,0.9285246949626924,53,1000,0.2,120,8,0.0,0.15,0.15,0
0.7817868462398205,0.9385680729357794,0.9475529068474179,0.9475431549274842,0.9470251329406105,0.950806049818073,0.7992528273985261,0.9141840797761661,0.9170013119257887,0.8393215160217706,0.7403902386792156,0.7169168798030034,0.9285246949626924,54,1000,0.2,120,8,0.0,0.15,0.15,0
0.7793322065994194,0.9299129631008214,0.9411369737772649,0.9411145825578798,0.941515298146356,0.9459682428534206,0.8044760919935978,0.902967311533785,0.9055422048313854,0.836130975644557,0.7451909282798581,0.71281118948361,0.9285246949626924,55,1000,0.2,120,8,0.0,0.15,0.15,0
0.7761382438770694,0.935528791979274,0.9462409107106741,0.9461929481561383,0.9461322726353402,0.9497176180524121,0.806396548237039,0.9039257061956448,0.908645972782695,0.8415029230191369,0.7378349433213588,0.7017710510348547,0.9285246949626924,56,1000,0.2,120,8,0.0,0.15,0.15,0
0.7876122623390651,0.9334170506419756,0.9455536954993768,0.9457740249510295,0.9458537416444046,0.9502957055760004,0.8163852588560664,0.9021270167756834,0.9053957953533543,0.8452552160977663,0.7554116450815737,0.7101507926489975,0.9285246949626924,57,1000,0.2,120,8,0.0,0.15,0.15,0
0.7723057270369437,0.9343510326691716,0.9457670678198814,0.9458195582056004,0.9456120916353548,0.9505345766741554,0.8004318413780847,0.9202690233026605,0.9240947759495386,0.8485305954655216,0.7348373796031765,0.7138188665224189,0.9285246949626924,58,1000,0.2,120,8,0.0,0.15,0.15,0
0.7758041106089206,0.9369250399203849,0.9486350863207819,0.9486815117856006,0.9487860944201705,0.9521955083613466,0.8063221857068729,0.9064176938175419,0.9096756985754,0.8365369410832776,0.7377806522126046,0.707083392869229,0.9285246949626924,59,1000,0.2,120,8,0.0,0.15,0.15,0
0.7790555214752366,0.9364764959113918,0.9472254134964244,0.9469691994610331,0.9471662128919408,0.9502862682411259,0.8103158550228381,0.9128644362170949,0.9162268953464655,0.8434418285009673,0.7496516532130959,0.7206950247541581,0.9285246949626924,60,1000,0.2,120,8,0.0,0.15,0.15,0
0.7747677874565587,0.9362868603537429,0.9467438065868923,0.9466532028423689,0.946472298714074,0.9509493978086837,0.8079363419708903,0.9146712944686414,0.9176213766591811,0.8510227706625075,0.7403334096454157,0.7092083942751377,0.9285246949626924,61,1000,0.2,120,8,0.0,0.15,0.15,0
0.7693821764169517,0.933207725949257,0.9470193958180074,0.946971876420999,0.9467395170448458,0.9510423555907904,0.7986994540983099,0.9146711614873857,0.9170519880296829,0.844619380581327,0.7282690416842246,0.7003990581826925,0.9285246949626924,62,1000,0.2,120,8,0.0,0.15,0.15,0
0.780963263541928,0.9394405822074332,0.9512368279475836,0.9512058263806588,0.9513642234541109,0.956055129358773,0.8062649282263884,0.9216036163577026,0.9242115359521982,0.8608570926451424,0.7465983754979565,0.7254290900960361,0.9285246949626924,63,1000,0.2,120,8,0.0,0.15,0.15,0
0.7633060225394429,0.9258153823388477,0.9369349015056639,0.936908269898459,0.937168581753611,0.9407810866393004,0.7936401978834942,0.9048738359082386,0.9077044368063919,0.8372436925701496,0.7391519295422578,0.7074747464574151,0.9285246949626924,64,1000,0.2,120,8,0.0,0.15,0.15,0
0.773163224528318,0.9385412402710954,0.9510780292254815,0.9506476354050135,0.9504188748137018,0.9541386637385311,0.8091944347609209,0.914919077459146,0.9196586730023228,0.838023026676724,0.7432608749343579,0.7022689001798099,0.9285246949626924,65,1000,0.2,120,8,0.0,0.15,0.15,0
0.7851930692992811,0.9364002980697319,0.9460403390794296,0.9455422041399089,0.9451820751772348,0.9494226927023135,0.808785717376121,0.9132327740727234,0.9152536103676966,0.8498479519874406,0.7602300189750975,0.7336318537495905,0.9285246949626924,66,1000,0.2,120,8,0.0,0.15,0.15,0
0.7794714505858563,0.9369706518211584,0.946253418949243,0.9458752816795811,0.9461497329053543,0.9514223341749904,0.8068057467612694,0.905969932656367,0.9087186687878558,0.8462793555454786,0.7532681468930542,0.7237343187429671,0.9285246949626924,67,1000,0.2,120,8,0.0,0.15,0.15,0
0.7759365435253843,0.9294049490856637,0.9427504667081519,0.9416567308103384,0.9419834067240809,0.945031854117878,0.7993660646566944,0.894553052722583,0.8992805014955245,0.8353714703958983,0.7456865122531672,0.7239557850434881,0.9285246949626924,68,1000,0.2,120,8,0.0,0.15,0.15,0
0.7781962447049673,0.9377586572212427,0.9473436022014655,0.9470429766401413,0.9468883279138831,0.9505791811595649,0.807125577367289,0.9170111575442708,0.9205374375659967,0.8518988406548665,0.7485322101499862,0.7193152597631283,0.9285246949626924,69,1000,0.2,120,8,0.0,0.15,0.15,0
0.7809703179837788,0.9312624221175104,0.9429175267453718,0.9430726797915157,0.9432173007641312,0.9471524930149435,0.8001417149004754,0.9109267434799395,0.9147997184815754,0.8485719922324008,0.7326079140145914,0.706190352991221,0.9285246949626924,70,1000,0.2,120,8,0.0,0.15,0.15,0
0.7740036778034959,0.9323485530551643,0.9427859400507103,0.9426192993362861,0.9427905255973016,0.9485485086436578,0.7983227826735805,0.9251336345354491,0.9277643723713598,0.8564285850876464,0.7528635274990351,0.7225364785109579,0.9285246949626924,71,1000,0.2,120,8,0.0,0.15,0.15,0
0.7643121738651943,0.9250078734810621,0.940116273851184,0.9402284733954392,0.9395187868868198,0.9438109560610974,0.7966719859007125,0.8914073296157234,0.895994729938624,0.8300964252639811,0.7363434617325405,0.7056649842588918,0.9285246949626924,72,1000,0.2,120,8,0.0,0.15,0.15,0
0.76746572265625,0.934126953125,0.944007421875,0.94229404296875,0.943051171875,0.94874228515625,0.78972236328125,0.91225732421875,0.9151009765625,0.8391505859375,0.73467236328125,0.70241259765625,0.9285246949626924,73,1000,0.2,120,8,0.0,0.15,0.15,0
0.7698721824021959,0.9389928486072542,0.950534290428346,0.9504337159932066,0.9502934121543354,0.9538290288642625,0.8094849998483878,0.9230847750420086,0.9264106365120826,0.8513795059723701,0.752131052191727,0.7135500984278464,0.9285246949626924,74,1000,0.2,120,8,0.0,0.15,0.15,0
0.7792259671739604,0.9277386641999418,0.940799385276491,0.9407925332628555,0.9378291352514078,0.9442310694769711,0.8030139071405323,0.9157755378218917,0.9171516179317197,0.8518313719444301,0.7556823504364488,0.72238626269152,0.9285246949626924,75,1000,0.2,120,8,0.0,0.15,0.15,0
0.785331820365441,0.935732500990166,0.9477951329544014,0.9476195719473827,0.9476294424625152,0.9516796118951782,0.8051570854151257,0.9143036126372877,0.9179309790333967,0.8367603666043483,0.737943764704552,0.7097509860692532,0.9285246949626924,76,1000,0.2,120,8,0.0,0.15,0.15,0
0.7742789594222909,0.9388563538765715,0.9488217342231281,0.9484275374570091,0.9485337915369311,0.9516485232444009,0.7973490096258761,0.9130762375958635,0.9166333032769306,0.8528979772980233,0.7423494127260688,0.7150635411138715,0.9285246949626924,77,1000,0.2,120,8,0.0,0.15,0.15,0
0.7676832295550268,0.9316240233086489,0.9435193177244753,0.9427113711579752,0.9421425416682473,0.9464394326293974,0.7954959002441003,0.9000104443062489,0.9022644055605057,0.8429318718195942,0.7443421067131144,0.7180446893433262,0.9285246949626924,78,1000,0.2,120,8,0.0,0.15,0.15,0
0.7853573903465008,0.9389883734999395,0.9499427238914441,0.9499585357115359,0.950168214195361,0.9532654649421504,0.8128343070533681,0.9160167452085275,0.918455399274974,0.8389538624839132,0.7470261993020014,0.7249727368865996,0.9285246949626924,79,1000,0.2,120,8,0.0,0.15,0.15,0
0.7837353705318458,0.936577069547038,0.9447296339868116,0.9447016465886945,0.9442655661259901,0.9466828444803234,0.8073110250205402,0.9177555927343553,0.9225944105001745,0.8388628942882078,0.7491743233344399,0.724011231371917,0.9285246949626924,80,1000,0.2,120,8,0.0,0.15,0.15,0
0.7766467547443533,0.9318615295612158,0.9433698083237196,0.9432011824427977,0.9425938764299042,0.9453288442932538,0.8017523671563074,0.9043965162709874,0.9094080307735425,0.8255710159534282,0.7279140696514356,0.7009669926021472,0.9285246949626924,81,1000,0.2,120,8,0.0,0.15,0.15,0
0.7534295501986806,0.9233170816857428,0.936364011045625,0.9355362195160387,0.9359705773254362,0.9410395397494612,0.7883423561898897,0.899613209171069,0.9048759306714896,0.8273338974133939,0.7152273978049366,0.6877499751497681,0.9285246949626924,82,1000,0.2,120,8,0.0,0.15,0.15,0
0.7758355260117561,0.9330330558301797,0.945123490026916,0.9452373129237643,0.9454559701281822,0.94984210859017,0.8000848835474523,0.89814374884162,0.9037089557320771,0.8339769456363281,0.7296680797315226,0.7119631968074094,0.9285246949626924,83,1000,0.2,120,8,0.0,0.15,0.15,0
0.7770252901470174,0.9341804365526457,0.9469116943167013,0.9468775195194884,0.9466781499299167,0.9487250509035099,0.8010238689537013,0.9133148796070716,0.9160797502270681,0.8444611321960864,0.7520322546319305,0.7296753613461722,0.9285246949626924,84,1000,0.2,120,8,0.0,0.15,0.15,0
0.7730031401372943,0.931772840288853,0.9417296510188111,0.941215243038702,0.9413475844716743,0.945690483501897,0.8014837891650405,0.8971748670146903,0.9016028568315322,0.8160967201909838,0.7295490881714891,0.6986780715396579,0.9285246949626924,85,1000,0.2,120,8,0.0,0.15,0.15,0
0.7782442351874161,0.9391402353809848,0.9470693283910897,0.9471479656368895,0.9475735433864906,0.952306900681744,0.8088709057410653,0.9034900497541561,0.9071928298442202,0.838443388402821,0.7414973234066982,0.709467182901648,0.9285246949626924,86,1000,0.2,120,8,0.0,0.15,0.15,0
0.7756271057026962,0.9319998091147698,0.9457434502505369,0.9453237890718206,0.9447183011214507,0.9479833929849678,0.8039171558100692,0.8978281078501551,0.9009879265091864,0.843720448580291,0.746370794559771,0.7134837508947746,0.9285246949626924,87,1000,0.2,120,8,0.0,0.15,0.15,0
0.7756420901932713,0.9360154617036507,0.9480756859937962,0.9481462180863756,0.9485307563827249,0.9513738964447626,0.8055239322357433,0.9236218563588642,0.9254074922452875,0.8623659269863995,0.7405793366738249,0.7197516583154379,0.9285246949626924,88,1000,0.2,120,8,0.0,0.15,0.15,0
0.7780724609375,0.93869443359375,0.94981669921875,0.94993291015625,0.95008173828125,0.95382451171875,0.805645703125,0.906842578125,0.9116900390625,0.83857998046875,0.71081435546875,0.6952275390625,0.9285246949626924,89,1000,0.2,120,8,0.0,0.15,0.15,0
0.7813538845191281,0.9345443372520121,0.9452394441780734,0.9444608604002915,0.9439150966109785,0.9481568531995439,0.8110220552316878,0.914011457999382,0.9158944166255832,0.8514951721235037,0.7497951056609484,0.7287109706563455,0.9285246949626924,90,1000,0.2,120,8,0.0,0.15,0.15,0
0.7920133325593096,0.9369993033786137,0.9468302759394713,0.9461421688145826,0.9463407059096715,0.9505138550253492,0.8190770734161539,0.8978586632609621,0.9007417082704439,0.842621811989628,0.7440791052285305,0.7181815279229072,0.9285246949626924,91,1000,0.2,120,8,0.0,0.15,0.15,0
0.7722532062472764,0.9332498543273947,0.9448213050486819,0.9446569762968342,0.9444827878198756,0.9481810547121946,0.8002630419997224,0.9033195954496789,0.9078958611967232,0.8384817531287228,0.7469666845688342,0.724350988427776,0.9285246949626924,92,1000,0.2,120,8,0.0,0.15,0.15,0
0.7717892025823438,0.9330472067358506,0.946385016008307,0.9463687913728205,0.9458772235476633,0.9491884012398711,0.7959715388989499,0.9116149461342102,0.9138580985654332,0.8337043431031392,0.7283751684271684,0.7095983398334889,0.9285246949626924,93,1000,0.2,120,8,0.0,0.15,0.15,0
0.7690511485658807,0.932914799422369,0.9458007624910452,0.9441162509478079,0.9445748146069475,0.9485259099275642,0.797812237685522,0.9042650350564893,0.9076463402208278,0.8333048880409998,0.7251551987923082,0.6966368035312644,0.9285246949626924,94,1000,0.2,120,8,0.0,0.15,0.15,0
0.7804162592268546,0.9402940818684995,0.9504356291884423,0.9504222752998679,0.9504376761348661,0.9536687323280292,0.8087945396047093,0.9211892485796142,0.9234051168202071,0.85364284332945,0.7574620944511766,0.7347993758567933,0.9285246949626924,95,1000,0.2,120,8,0.0,0.15,0.15,0
0.7806483902371218,0.9369057888814171,0.9475496969859849,0.9461340794563083,0.9461052355108149,0.9503496270123452,0.8076683745629478,0.9127842765254288,0.9160532898291818,0.842919023034893,0.7522517720076105,0.7346148314386405,0.9285246949626924,96,1000,0.2,120,8,0.0,0.15,0.15,0
0.781569276192256,0.9331758258280777,0.945337858597791,0.945004366449517,0.9450397441118303,0.9506190321825211,0.804185600445451,0.9129574918160316,0.9153674027912206,0.8638744462146094,0.7394681276103043,0.7183824640618709,0.9285246949626924,97,1000,0.2,120,8,0.0,0.15,0.15,0
0.7726305404185185,0.9309210460057326,0.9439621150814254,0.9439008241093937,0.9440137184350295,0.9488215587684984,0.8023518660031639,0.8891367171385193,0.892675767209023,0.831295208686168,0.7334289689908926,0.7031279209728211,0.9285246949626924,98,1000,0.2,120,8,0.0,0.15,0.15,0
0.7706033139429171,0.9381041416066432,0.9486908540377241,0.9487607489227081,0.9487066049977205,0.9535032645341245,0.7984690263770499,0.8957870218193127,0.896704909013103,0.8265410763871354,0.7167393622692251,0.6796890681741911,0.9285246949626924,99,1000,0.2,120,8,0.0,0.15,0.15,0
0.7757935457892314,0.9344167050161067,0.94501955821445,0.9435878777419849,0.9434391777880043,0.9490115431814695,0.8016897722043258,0.9131753336401288,0.915419926369075,0.8503586631385182,0.7568848749808252,0.7345622411412793,0.9285246949626924,0,1000,0.2,120,8,0.2,0.15,0.15,1
0.7739366108521555,0.9320769383205204,0.9449315921040832,0.9451243444770391,0.944437799508196,0.948599596913245,0.8104949827778019,0.9139965097841518,0.9183621836776542,0.8558434732599398,0.7669591324607499,0.7445124393698789,0.9285246949626924,1,1000,0.2,120,8,0.2,0.15,0.15,1
0.7702697483675744,0.9365510033444816,0.9459358576206403,0.9458067566491479,0.9456906951743909,0.9505093366778149,0.8026743908265648,0.922287585602803,0.9241135132982959,0.8595949792960662,0.7645416268514095,0.7355596034400382,0.9285246949626924,2,1000,0.2,120,8,0.2,0.15,0.15,1
0.7728202089444347,0.932965963546597,0.9436927941462119,0.9437556397540268,0.943658273319384,0.9470323645045253,0.7977702102967463,0.9117034946190292,0.9138674882164486,0.8495191917602425,0.7725406984320562,0.749815962686035,0.9285246949626924,3,1000,0.2,120,8,0.2,0.15,0.15,1
0.7676506235359974,0.9262855611243191,0.9402249904388211,0.9401070910116788,0.9400859891437665,0.9447970295539404,0.7962740489906,0.9018263666677993,0.9067538464204118,0.8487557496540213,0.7599688660330493,0.750643292379254,0.9285246949626924,4,1000,0.2,120,8,0.2,0.15,0.15,1
0.7745116326830814,0.9328098091529174,0.944040776202637,0.9440765016473237,0.9439303787219251,0.9487865989366897,0.8036736494293348,0.9109568669917292,0.9159478873133577,0.8546399983054817,0.7585872597402838,0.7261709087703917,0.9285246949626924,5,1000,0.2,120,8,0.2,0.15,0.15,1
0.7779335934983367,0.9352664085444325,0.9481120883230593,0.9483072317176076,0.9481826031480647,0.9521406650942581,0.8021419811090981,0.9281105287472639,0.9304548029434734,0.8575348135030194,0.7701385626132362,0.7469864242266154,0.9285246949626924,6,1000,0.2,120,8,0.2,0.15,0.15,1
0.7816487874682514,0.9361561403551908,0.9472155904315349,0.9472477508599473,0.9476891453636612,0.9510022595897333,0.8110766613147911,0.9019711785518464,0.9074312718367588,0.837664385767781,0.7631353958953655,0.741113960527254,0.9285246949626924,7,1000,0.2,120,8,0.2,0.15,0.15,1
0.7846409073079492,0.9375337816660181,0.9471402679805989,0.947102910726627,0.9475327147350212,0.9525748682887865,0.8095405928126794,0.9118973172308573,0.9169719383456663,0.8546619945976717,0.7767783788731625,0.7522058138253329,0.9285246949626924,8,1000,0.2,120,8,0.2,0.15,0.15,1
0.7791722018029077,0.9423173770395973,0.9535670147286992,0.9531511914243751,0.9531926958122949,0.9559290625707876,0.8150210810139347,0.9209423249764346,0.9240714245699156,0.8702236706539134,0.7818747609965925,0.7572924719711418,0.9285246949626924,9,1000,0.2,120,8,0.2,0.15,0.15,1
0.7884758745628293,0.9359268606512664,0.9448348812126297,0.9448593557098555,0.9450019246306863,0.9488603390672968,0.8071073343004408,0.9093948143315891,0.9140981958614421,0.8527625190784178,0.7685816899520946,0.7240556152107608,0.9285246949626924,10,1000,0.2,120,8,0.2,0.15,0.15,1
0.7782148054298642,0.9393659366515837,0.9495844102564103,0.949751891402715,0.9497333574660634,0.9524759939668175,0.802763294117647,0.9168881327300151,0.9199317526395173,0.8422069864253394,0.7584668959276019,0.7443464494720965,0.9285246949626924,11,1000,0.2,120,8,0.2,0.15,0.15,1
0.7818247102819202,0.934403855990347,0.9436496199898293,0.9424466468840035,0.941707586016526,0.9461414575927052,0.811363352078389,0.9136349226893562,0.9160905279467386,0.84451041956365,0.7743933278777491,0.7476975924050685,0.9285246949626924,12,1000,0.2,120,8,0.2,0.15,0.15,1
0.7638569604086846,0.9304851193931654,0.942044970780603,0.9421376601261658,0.9421484964588412,0.9460450288323852,0.7913623785750222,0.9124344014861256,0.9156470838654747,0.851138008436859,0.7581431169936917,0.7393776848949263,0.9285246949626924,13,1000,0.2,120,8,0.2,0.15,0.15,1
0.7727285664976662,0.9351846543816305,0.9446903772383002,0.944570411923009,0.9448892169923002,0.9498952884198694,0.8063299793824021,0.9240866099465578,0.9262646268487387,0.8454943954048775,0.774708144532448,0.7426070497512298,0.9285246949626924,14,1000,0.2,120,8,0.2,0.15,0.15,1
0.7808047747780819,0.9392249748271053,0.9489907948714001,0.9489029709739059,0.9487667945935214,0.9524060590200274,0.8037963803923379,0.9157733298756374,0.9202410992946853,0.8464558024755682,0.7597640438306377,0.7289158504964912,0.9285246949626924,15,1000,0.2,120,8,0.2,0.15,0.15,1
0.7650224672571404,0.9352591653738465,0.9465801945102015,0.9465588513885198,0.9474552624991501,0.9516557047363574,0.7978081096908975,0.9146568721375108,0.917890693085524,0.8556875652848428,0.7517653948612716,0.7163260587733558,0.9285246949626924,16,1000,0.2,120,8,0.2,0.15,0.15,1
0.766383050193147,0.9352216364725671,0.9464306287742624,0.9465251843105994,0.9466693739831896,0.9513545356325469,0.794232413096393,0.9181030735562858,0.9217654711858798,0.8400582574407336,0.7566212689794168,0.7419479142382288,0.9285246949626924,17,1000,0.2,120,8,0.2,0.15,0.15,1
0.7752488940732353,0.935524302323038,0.9475246726715462,0.9472455129951076,0.9476443268011967,0.9511302770792127,0.804129585622168,0.9210861039306981,0.9257424274067484,0.8590823926551141,0.7723423374564069,0.7438697483897381,0.9285246949626924,18,1000,0.2,120,8,0.2,0.15,0.15,1
0.7773387490078516,0.93413412800758,0.9447387371543653,0.9440213300773692,0.9440314016670031,0.9473599651987842,0.8094994652373273,0.9042602436782375,0.908893755963059,0.8444609549648869,0.7644067310757736,0.7454538393868106,0.9285246949626924,19,1000,0.2,120,8,0.2,0.15,0.15,1
0.7818129324927814,0.934577130390469,0.9440416014198836,0.9438993738234924,0.9435570341278311,0.9472703604683921,0.8043048633829427,0.9140381678855358,0.9169928118801303,0.8404811570737042,0.7601667641376816,0.7377649546539292,0.9285246949626924,20,1000,0.2,120,8,0.2,0.15,0.15,1
0.76843019857289,0.9376538951682221,0.9485918444792588,0.9484641713977727,0.9485606136793261,0.9529184887906963,0.7979157074817211,0.9245455034719221,0.929122779863323,0.8549676024645226,0.7510058674619848,0.7239151127215815,0.9285246949626924,21,1000,0.2,120,8,0.2,0.15,0.15,1
0.7706353307573311,0.9317129608184436,0.9406661985094971,0.9406375278648922,0.9405655586957822,0.9446934488844827,0.8007381423236153,0.8948935143978809,0.8989277861552187,0.826478139949998,0.7500871577844067,0.7313042773578655,0.9285246949626924,22,1000,0.2,120,8,0.2,0.15,0.15,1
0.7681383075898911,0.9268207936222899,0.9391622010204929,0.9391547999350263,0.9394440265644434,0.9450159727110293,0.7965279949953081,0.9047798741893377,0.9090767885989005,0.8600592047884243,0.7692225666107431,0.7526796798524146,0.9285246949626924,23,1000,0.2,120,8,0.2,0.15,0.15,1
0.7761526045784013,0.9321940691979939,0.9432968105959793,0.9431878555591906,0.9440911248312313,0.9480060355075054,0.804853185270909,0.9060039173362113,0.9118954450779295,0.8562787983782678,0.7706956357055843,0.7536511094785643,0.9285246949626924,24,1000,0.2,120,8,0.2,0.15,0.15,1
0.7749340089203209,0.936805762620208,0.947409901736953,0.9473736623866342,0.9476805795653396,0.9536954373103446,0.8024554151547911,0.9171318759673744,0.9193747322732984,0.8541301054856564,0.7672296007676913,0.7405626853805506,0.9285246949626924,25,1000,0.2,120,8,0.2,0.15,0.15,1
0.7722617003565855,0.933661548437926,0.9447458982917347,0.943898609329793,0.9441175467861902,0.9499122993069126,0.8058169580284728,0.9171556554803404,0.9205733727601778,0.8618660531188329,0.7620721077602718,0.7357746720237454,0.9285246949626924,26,1000,0.2,120,8,0.2,0.15,0.15,1
0.7722653956278138,0.9360970347006213,0.94672119979344,0.9468982789093051,0.947216458854077,0.9505031868907148,0.7980926659086336,0.915654385399216,0.9202808439866076,0.8446832868250131,0.7522836757008371,0.7308163725449789,0.9285246949626924,27,1000,0.2,120,8,0.2,0.15,0.15,1
0.7795737116493323,0.9309559444062181,0.942792177249063,0.9423586667357552,0.9428554414657375,0.946537519295586,0.8014152305689481,0.9011468497031,0.9046821143825071,0.8538334500206664,0.7650899215483545,0.750115683139062,0.9285246949626924,28,1000,0.2,120,8,0.2,0.15,0.15,1
0.7764190602293516,0.9407349551387323,0.949893675754329,0.9498301229415517,0.9501031466050321,0.9535664824804779,0.8082078457701899,0.9280670860372521,0.9306446789530239,0.8652969865829485,0.7755397505298667,0.7473403342799974,0.9285246949626924,29,1000,0.2,120,8,0.2,0.15,0.15,1
0.7773326479487465,0.9352873250206565,0.9456533149668858,0.9453593988655516,0.9454526579118728,0.9500644775420983,0.807570368453612,0.9180651004311803,0.9218008854476764,0.8532941264426099,0.7722357456985597,0.756335901459567,0.9285246949626924,30,1000,0.2,120,8,0.2,0.15,0.15,1
0.7632250064548225,0.9314228239376307,0.9436398547507494,0.9436138780258948,0.9432149778646818,0.9472215924834378,0.7976049066097383,0.9347249182913927,0.9381790355235649,0.8571714062381924,0.7652445984155772,0.7339902689614348,0.9285246949626924,31,1000,0.2,120,8,0.2,0.15,0.15,1
0.775355181475227,0.9346846090509503,0.946464664457304,0.9464674872398063,0.9471351239702805,0.9525200196115248,0.8012541135971389,0.9094088305007685,0.9109037371790922,0.8473841225881878,0.7725295761903552,0.7492770513330785,0.9285246949626924,32,1000,0.2,120,8,0.2,0.15,0.15,1
0.7727155942381514,0.9315648398008437,0.9433971532818973,0.9434120709969215,0.943809053247691,0.947437478621109,0.8019343620538938,0.9098883546805518,0.9142332104443008,0.8556823191820911,0.7749568621489111,0.752846908137281,0.9285246949626924,33,1000,0.2,120,8,0.2,0.15,0.15,1
0.7877014618527333,0.9354214204316106,0.9467835594445134,0.9467842239748101,0.9470013355160306,0.95166719259493,0.814700948075881,0.9138145975661482,0.917578022502135,0.8481040381037874,0.758255364942951,0.7525280631144294,0.9285246949626924,34,1000,0.2,120,8,0.2,0.15,0.15,1
0.7747915698107026,0.9361141906340715,0.9477391174273057,0.9477791095673119,0.9478225625655881,0.9511728656406375,0.8002200336779963,0.917329805565137,0.9205903185950761,0.8528260407281492,0.7543012700196231,0.7252961052654652,0.9285246949626924,35,1000,0.2,120,8,0.2,0.15,0.15,1
0.7841371047134201,0.9386542692996601,0.951070131543301,0.9509724805246591,0.9501883016379593,0.9537608531344971,0.8116620423782421,0.9221365851218372,0.9252079444422244,0.8711989772229718,0.7921504297171886,0.767042426636438,0.9285246949626924,36,1000,0.2,120,8,0.2,0.15,0.15,1
0.7776429041867245,0.9396237616349352,0.9502317431579738,0.9501551029921008,0.9502279111496801,0.9536012575275628,0.8035219300430531,0.9202104145928378,0.924917201600286,0.8445908402621447,0.7622447157833838,0.744434327287505,0.9285246949626924,37,1000,0.2,120,8,0.2,0.15,0.15,1
0.7682388774779748,0.9343441934563217,0.9452817105142085,0.9452371650610809,0.9452651399955396,0.949517427506905,0.797489059558733,0.8984964106307091,0.9044969853352859,0.8309209582360546,0.7452514741913197,0.7252383815320984,0.9285246949626924,38,1000,0.2,120,8,0.2,0.15,0.15,1
0.7777282415818476,0.9352978980960531,0.9450977171837828,0.9448778618922445,0.94472614718113,0.9492378883758285,0.8029417123339595,0.9111996226836692,0.9152289440995839,0.8429614905742261,0.7643122154803168,0.7401314336671349,0.9285246949626924,39,1000,0.2,120,8,0.2,0.15,0.15,1
0.784130335640986,0.9323665001998247,0.9456798188363759,0.945681631761809,0.944835902047236,0.9471746765741027,0.8108749137853238,0.9166797600170173,0.9192799986785788,0.8564906356358292,0.7678589270059818,0.7496780042994534,0.9285246949626924,40,1000,0.2,120,8,0.2,0.15,0.15,1
0.7700469722181269,0.9347518304236195,0.9447545670582468,0.9447370783899756,0.9442670337919175,0.9492517927594764,0.7926732054745589,0.9121980920937639,0.9170392290369733,0.8573566571592794,0.7607948804903549,0.7368261232634559,0.9285246949626924,41,1000,0.2,120,8,0.2,0.15,0.15,1
0.7746397106980024,0.9324200743406635,0.9468387309818888,0.9461546772273861,0.9460422098163682,0.9502035040240309,0.8022157752714174,0.9277017564989043,0.9295002511083402,0.8700321481649412,0.767782839303257,0.7351266522771355,0.9285246949626924,42,1000,0.2,120,8,0.2,0.15,0.15,1
0.7732538584562251,0.9333591381391104,0.9445998292761899,0.944637015669306,0.9449698289818386,0.9494952854717962,0.8013224227082291,0.9175508982623456,0.9223262590880994,0.8591957338670906,0.7551972644943533,0.735532236383795,0.9285246949626924,43,1000,0.2,120,8,0.2,0.15,0.15,1
0.7808571172810383,0.9295263201166709,0.9424514460158686,0.9425692964244167,0.9427524592028202,0.949080171318188,0.8032420676205858,0.9042885638808764,0.9076533034996673,0.8479586618801664,0.7519696481891569,0.7372872353504354,0.9285246949626924,44,1000,0.2,120,8,0.2,0.15,0.15,1
0.768112489020115,0.9338136852972465,0.9445740708149549,0.943951320807491,0.9438407362769116,0.947994334457904,0.8003262734702408,0.9011882042643595,0.9055771137555371,0.8294033267283792,0.7537011444222184,0.728662783571735,0.9285246949626924,45,1000,0.2,120,8,0.2,0.15,0.15,1
0.7759712234750636,0.9297326301382923,0.9411807578164919,0.9410902451583114,0.9413269175387333,0.9447890513367311,0.8026735410324707,0.8982639691859061,0.9018070620753341,0.8356254670906218,0.7449580805249458,0.7366126952522516,0.9285246949626924,46,1000,0.2,120,8,0.2,0.15,0.15,1
0.7721926690745393,0.9330616393856538,0.9449358850009854,0.9444024272711598,0.9444850824280717,0.9485563540742931,0.7995395944181692,0.9175464292972214,0.9203177345058626,0.8666344128731894,0.7740162785434526,0.7372729340637009,0.9285246949626924,47,1000,0.2,120,8,0.2,0.15,0.15,1
0.7713771342383107,0.9345859185520362,0.9471564645550528,0.9471419849170437,0.9472855263951735,0.9525322714932126,0.806366407239819,0.9273799819004525,0.9298906546003016,0.8590112820512821,0.7626559517345399,0.7356020030165913,0.9285246949626924,48,1000,0.2,120,8,0.2,0.15,0.15,1
0.7792738120916863,0.9302440541444555,0.9443251990227255,0.9441381430121976,0.9444905798344836,0.9473936241877648,0.8056102289368868,0.9148357568974637,0.9168885987404132,0.8654846712898815,0.7828952890244528,0.7736731126034215,0.9285246949626924,49,1000,0.2,120,8,0.2,0.15,0.15,1
0.7771285143573705,0.9371538901392842,0.9497109414265119,0.9496762367088623,0.9500384732077657,0.9540869083037911,0.8060146640410288,0.926214597823274,0.9317376469470808,0.8575578991975039,0.7608219115396936,0.7310680477798402,0.9285246949626924,50,1000,0.2,120,8,0.2,0.15,0.15,1
0.7810493827160494,0.933791727582846,0.9445929783950617,0.9447057748538011,0.9447364359974009,0.9504193063677713,0.8066204718973359,0.8969740903183886,0.9014354897660819,0.852625893437297,0.7630448952241715,0.7436570012995452,0.9285246949626924,51,1000,0.2,120,8,0.2,0.15,0.15,1
0.7843036746833676,0.9363551379675239,0.9443134062292733,0.9443645470993125,0.9442362515062661,0.9482620923276969,0.8126476397010417,0.9013922239666613,0.907938255331682,0.8267990771782734,0.7572657233294697,0.7324162858938207,0.9285246949626924,52,1000,0.2,120,8,0.2,0.15,0.15,1
0.7808196108202194,0.934621539742217,0.946057315158241,0.9457282602185876,0.9460493557172228,0.9511791183870756,0.8073905545313438,0.9161287492000519,0.9206059347727691,0.8613059637276624,0.7720387943155226,0.7468478429575108,0.9285246949626924,53,1000,0.2,120,8,0.2,0.15,0.15,1
0.7817868462398205,0.9385680729357794,0.9475529068474179,0.9475431549274842,0.9470251329406105,0.950806049818073,0.7992528273985261,0.9201979912800282,0.9220905463815452,0.8559716515588298,0.7669900630861453,0.7476738501584346,0.9285246949626924,54,1000,0.2,120,8,0.2,0.15,0.15,1
0.7793322065994194,0.9299129631008214,0.9411369737772649,0.9411145825578798,0.941515298146356,0.9459682428534206,0.8044760919935978,0.904942294628899,0.907397477294722,0.8422180916399911,0.7673028874785974,0.7408829933745255,0.9285246949626924,55,1000,0.2,120,8,0.2,0.15,0.15,1
0.7761382438770694,0.935528791979274,0.9462409107106741,0.9461929481561383,0.9461322726353402,0.9497176180524121,0.806396548237039,0.9107151043522648,0.9151592491645077,0.8587001955100114,0.7691769317448546,0.7396012751490403,0.9285246949626924,56,1000,0.2,120,8,0.2,0.15,0.15,1
0.7876122623390651,0.9334170506419756,0.9455536954993768,0.9457740249510295,0.9458537416444046,0.9502957055760004,0.8163852588560664,0.9116904580103403,0.9148325175921144,0.8604738127706143,0.7803558754208406,0.7401604325551939,0.9285246949626924,57,1000,0.2,120,8,0.2,0.15,0.15,1
0.7723057270369437,0.9343510326691716,0.9457670678198814,0.9458195582056004,0.9456120916353548,0.9505345766741554,0.8004318413780847,0.918105114348434,0.922597120648048,0.852619759645852,0.7539813045943193,0.7397844305263356,0.9285246949626924,58,1000,0.2,120,8,0.2,0.15,0.15,1
0.7758041106089206,0.9369250399203849,0.9486350863207819,0.9486815117856006,0.9487860944201705,0.9521955083613466,0.8063221857068729,0.9118619068031355,0.9153721933525353,0.8498863177737837,0.7634889288301635,0.7375210506393528,0.9285246949626924,59,1000,0.2,120,8,0.2,0.15,0.15,1
0.7790555214752366,0.9364764959113918,0.9472254134964244,0.9469691994610331,0.9471662128919408,0.9502862682411259,0.8103158550228381,0.9240034210802825,0.9269254006712363,0.8577009652885513,0.7681753581781434,0.742618563455322,0.9285246949626924,60,1000,0.2,120,8,0.2,0.15,0.15,1
0.7747677874565587,0.9362868603537429,0.9467438065868923,0.9466532028423689,0.946472298714074,0.9509493978086837,0.8079363419708903,0.924809206311198,0.9271560050867531,0.8667822605957843,0.768232689022062,0.7431533500734537,0.9285246949626924,61,1000,0.2,120,8,0.2,0.15,0.15,1
0.7693821764169517,0.933207725949257,0.9470193958180074,0.946971876420999,0.9467395170448458,0.9510423555907904,0.7986994540983099,0.9213909184623332,0.9244278745545057,0.8615866621908917,0.7593692014312957,0.7385330409795281,0.9285246949626924,62,1000,0.2,120,8,0.2,0.15,0.15,1
0.780963263541928,0.9394405822074332,0.9512368279475836,0.9512058263806588,0.9513642234541109,0.956055129358773,0.8062649282263884,0.9313351178672596,0.9332654887466804,0.8775068280701943,0.777064841422001,0.7540023670842707,0.9285246949626924,63,1000,0.2,120,8,0.2,0.15,0.15,1
0.7633060225394429,0.9258153823388477,0.9369349015056639,0.936908269898459,0.937168581753611,0.9407810866393004,0.7936401978834942,0.9081134014508512,0.9105455935052192,0.8464533865526459,0.7632459803704718,0.7272258116248612,0.9285246949626924,64,1000,0.2,120,8,0.2,0.15,0.15,1
0.773163224528318,0.9385412402710954,0.9510780292254815,0.9506476354050135,0.9504188748137018,0.9541386637385311,0.8091944347609209,0.9232165075262234,0.9282175582053995,0.8531270965503308,0.7730093678474357,0.7357402186627344,0.9285246949626924,65,1000,0.2,120,8,0.2,0.15,0.15,1
0.7851930692992811,0.9364002980697319,0.9460403390794296,0.9455422041399089,0.9451820751772348,0.9494226927023135,0.808785717376121,0.9178416328782194,0.9200175689624268,0.8614461519800236,0.7875231394206106,0.769303936096569,0.9285246949626924,66,1000,0.2,120,8,0.2,0.15,0.15,1
0.7794714505858563,0.9369706518211584,0.946253418949243,0.9458752816795811,0.9461497329053543,0.9514223341749904,0.8068057467612694,0.9127892762683966,0.9162898619286067,0.8580380166740433,0.7768095050032288,0.7562847973028354,0.9285246949626924,67,1000,0.2,120,8,0.2,0.15,0.15,1
0.7759365435253843,0.9294049490856637,0.9427504667081519,0.9416567308103384,0.9419834067240809,0.945031854117878,0.7993660646566944,0.9032948249626712,0.9071482350594013,0.8519217964978284,0.7740586270942489,0.7513731076350129,0.9285246949626924,68,1000,0.2,120,8,0.2,0.15,0.15,1
0.7781962447049673,0.9377586572212427,0.9473436022014655,0.9470429766401413,0.9468883279138831,0.9505791811595649,0.807125577367289,0.9211630663383296,0.9252116832728565,0.8614243350032506,0.7707938220290895,0.7471846946130887,0.9285246949626924,69,1000,0.2,120,8,0.2,0.15,0.15,1
0.7809703179837788,0.9312624221175104,0.9429175267453718,0.9430726797915157,0.9432173007641312,0.9471524930149435,0.8001417149004754,0.916944555751775,0.9200781401840441,0.857219117156738,0.7626100857671606,0.7344385444245299,0.9285246949626924,70,1000,0.2,120,8,0.2,0.15,0.15,1
0.7740036778034959,0.9323485530551643,0.9427859400507103,0.9426192993362861,0.9427905255973016,0.9485485086436578,0.7983227826735805,0.9323916767060868,0.9351847624042938,0.8718037276786325,0.7719122782985788,0.7434663766259665,0.9285246949626924,71,1000,0.2,120,8,0.2,0.15,0.15,1
0.7643121738651943,0.9250078734810621,0.940116273851184,0.9402284733954392,0.9395187868868198,0.9438109560610974,0.7966719859007125,0.8974748858394028,0.9014844097269785,0.8392763968453001,0.7674954212829461,0.7445498339641875,0.9285246949626924,72,1000,0.2,120,8,0.2,0.15,0.15,1
0.76746572265625,0.934126953125,0.944007421875,0.94229404296875,0.943051171875,0.94874228515625,0.78972236328125,0.91799287109375,0.92081435546875,0.84954267578125,0.75864072265625,0.7409888671875,0.9285246949626924,73,1000,0.2,120,8,0.2,0.15,0.15,1
0.7698721824021959,0.9389928486072542,0.950534290428346,0.9504337159932066,0.9502934121543354,0.9538290288642625,0.8094849998483878,0.9301273872793254,0.9334628558596217,0.8711210166644333,0.7901040560118544,0.758292812510539,0.9285246949626924,74,1000,0.2,120,8,0.2,0.15,0.15,1
0.7792259671739604,0.9277386641999418,0.940799385276491,0.9407925332628555,0.9378291352514078,0.9442310694769711,0.8030139071405323,0.9233788258095776,0.9237442339081683,0.8696719598472001,0.7801177078056671,0.7490866999968188,0.9285246949626924,75,1000,0.2,120,8,0.2,0.15,0.15,1
0.785331820365441,0.935732500990166,0.9477951329544014,0.9476195719473827,0.9476294424625152,0.9516796118951782,0.8051570854151257,0.9194107896613349,0.9230639343930817,0.8454803438274159,0.7617299812297301,0.7409851291585654,0.9285246949626924,76,1000,0.2,120,8,0.2,0.15,0.15,1
0.7742789594222909,0.9388563538765715,0.9488217342231281,0.9484275374570091,0.9485337915369311,0.9516485232444009,0.7973490096258761,0.9247423681001379,0.927156859982561,0.8696917966371268,0.7740775071657908,0.749370009189119,0.9285246949626924,77,1000,0.2,120,8,0.2,0.15,0.15,1
0.7676832295550268,0.9316240233086489,0.9435193177244753,0.9427113711579752,0.9421425416682473,0.9464394326293974,0.7954959002441003,0.9054159335254527,0.9076994430971084,0.8575162581571153,0.767739303094645,0.7507835423868663,0.9285246949626924,78,1000,0.2,120,8,0.2,0.15,0.15,1
0.7853573903465008,0.9389883734999395,0.9499427238914441,0.9499585357115359,0.950168214195361,0.9532654649421504,0.8128343070533681,0.922107635085977,0.9259133732249514,0.8520000872105357,0.7738470727901557,0.7568496608217276,0.9285246949626924,79,1000,0.2,120,8,0.2,0.15,0.15,1
0.7837353705318458,0.936577069547038,0.9447296339868116,0.9447016465886945,0.9442655661259901,0.9466828444803234,0.8073110250205402,0.9227695980544788,0.9276698137801813,0.8474530886660141,0.771439509064237,0.7530864580117365,0.9285246949626924,80,1000,0.2,120,8,0.2,0.15,0.15,1
0.7766467547443533,0.9318615295612158,0.9433698083237196,0.9432011824427977,0.9425938764299042,0.9453288442932538,0.8017523671563074,0.9110152279673123,0.9154079613393563,0.8420358647993863,0.7529655156183644,0.7304172012402074,0.9285246949626924,81,1000,0.2,120,8,0.2,0.15,0.15,1
0.7534295501986806,0.9233170816857428,0.936364011045625,0.9355362195160387,0.9359705773254362,0.9410395397494612,0.7883423561898897,0.9060863915281316,0.9107537742047319,0.8419731811448562,0.7415703891909977,0.7215998215632129,0.9285246949626924,82,1000,0.2,120,8,0.2,0.15,0.15,1
0.7758355260117561,0.9330330558301797,0.945123490026916,0.9452373129237643,0.9454559701281822,0.94984210859017,0.8000848835474523,0.8998599831815678,0.9050155253454281,0.8413626349619583,0.7550534190883831,0.743554180040857,0.9285246949626924,83,1000,0.2,120,8,0.2,0.15,0.15,1
0.7770252901470174,0.9341804365526457,0.9469116943167013,0.9468775195194884,0.9466781499299167,0.9487250509035099,0.8010238689537013,0.9199814559380255,0.9225311150070601,0.8580012267058404,0.7798969694626765,0.7642513886126786,0.9285246949626924,84,1000,0.2,120,8,0.2,0.15,0.15,1
0.7730031401372943,0.931772840288853,0.9417296510188111,0.941215243038702,0.9413475844716743,0.945690483501897,0.8014837891650405,0.89938395855415,0.9027483630672306,0.8317306415983993,0.7553956870164733,0.728767421818506,0.9285246949626924,85,1000,0.2,120,8,0.2,0.15,0.15,1
0.7782442351874161,0.9391402353809848,0.9470693283910897,0.9471479656368895,0.9475735433864906,0.952306900681744,0.8088709057410653,0.908222821660483,0.9112198178347712,0.8535377394387057,0.7670321835124038,0.7405417735489281,0.9285246949626924,86,1000,0.2,120,8,0.2,0.15,0.15,1
0.7756271057026962,0.9319998091147698,0.9457434502505369,0.9453237890718206,0.9447183011214507,0.9479833929849678,0.8039171558100692,0.9055157241708423,0.9087128608923885,0.8577419231686948,0.7746013839179193,0.7474005249343832,0.9285246949626924,87,1000,0.2,120,8,0.2,0.15,0.15,1
0.7756420901932713,0.9360154617036507,0.9480756859937962,0.9481462180863756,0.9485307563827249,0.9513738964447626,0.8055239322357433,0.9320982104509663,0.934186972083035,0.8730432832259604,0.7625878310665712,0.7500523979957051,0.9285246949626924,88,1000,0.2,120,8,0.2,0.15,0.15,1
0.7780724609375,0.93869443359375,0.94981669921875,0.94993291015625,0.95008173828125,0.95382451171875,0.805645703125,0.913227734375,0.9173740234375,0.85722490234375,0.7418595703125,0.73134111328125,0.9285246949626924,89,1000,0.2,120,8,0.2,0.15,0.15,1
0.7813538845191281,0.9345443372520121,0.9452394441780734,0.9444608604002915,0.9439150966109785,0.9481568531995439,0.8110220552316878,0.915188601353043,0.9180705087587487,0.8644222715169458,0.7768482195106092,0.7610562770240114,0.9285246949626924,90,1000,0.2,120,8,0.2,0.15,0.15,1
0.7920133325593096,0.9369993033786137,0.9468302759394713,0.9461421688145826,0.9463407059096715,0.9505138550253492,0.8190770734161539,0.9037310847943032,0.9055088238708928,0.8534833971902938,0.7613815356631448,0.7422776616742134,0.9285246949626924,91,1000,0.2,120,8,0.2,0.15,0.15,1
0.7722532062472764,0.9332498543273947,0.9448213050486819,0.9446569762968342,0.9444827878198756,0.9481810547121946,0.8002630419997224,0.9115748919586789,0.9155777470257462,0.8479286264165622,0.7707131558505482,0.7526151470896991,0.9285246949626924,92,1000,0.2,120,8,0.2,0.15,0.15,1
0.7717892025823438,0.9330472067358506,0.946385016008307,0.9463687913728205,0.9458772235476633,0.9491884012398711,0.7959715388989499,0.9203570308298978,0.9228668274193249,0.8464188559623218,0.7556111163476337,0.7425218916688815,0.9285246949626924,93,1000,0.2,120,8,0.2,0.15,0.15,1
0.7690511485658807,0.932914799422369,0.9458007624910452,0.9441162509478079,0.9445748146069475,0.9485259099275642,0.797812237685522,0.9079002353344375,0.9111854455215663,0.838831626566665,0.74839210405848,0.7274399600449268,0.9285246949626924,94,1000,0.2,120,8,0.2,0.15,0.15,1
0.7804162592268546,0.9402940818684995,0.9504356291884423,0.9504222752998679,0.9504376761348661,0.9536687323280292,0.8087945396047093,0.923399950717328,0.9257579355239169,0.8616472811092968,0.7804965775055794,0.7660319768121909,0.9285246949626924,95,1000,0.2,120,8,0.2,0.15,0.15,1
0.7806483902371218,0.9369057888814171,0.9475496969859849,0.9461340794563083,0.9461052355108149,0.9503496270123452,0.8076683745629478,0.9206856471641234,0.923059021505081,0.8529404728891031,0.7694115569321894,0.7552960388009149,0.9285246949626924,96,1000,0.2,120,8,0.2,0.15,0.15,1
0.781569276192256,0.9331758258280777,0.945337858597791,0.945004366449517,0.9450397441118303,0.9506190321825211,0.804185600445451,0.91587326490832,0.9182946159427897,0.8743704602672321,0.7623305573404612,0.7493335925131638,0.9285246949626924,97,1000,0.2,120,8,0.2,0.15,0.15,1
0.7726305404185185,0.9309210460057326,0.9439621150814254,0.9439008241093937,0.9440137184350295,0.9488215587684984,0.8023518660031639,0.9000595548740759,0.9032536873617536,0.8472238594723662,0.753757141381391,0.7329086191892153,0.9285246949626924,98,1000,0.2,120,8,0.2,0.15,0.15,1
0.7706033139429171,0.9381041416066432,0.9486908540377241,0.9487607489227081,0.9487066049977205,0.9535032645341245,0.7984690263770499,0.9009515647151326,0.9013282095460465,0.836529153894853,0.7436920112410664,0.7119020455673304,0.9285246949626924,99,1000,0.2,120,8,0.2,0.15,0.15,1
0.7757935457892314,0.9344167050161067,0.94501955821445,0.9435878777419849,0.9434391777880043,0.9490115431814695,0.8016897722043258,0.9247195697192822,0.9262802001840773,0.8704461957355423,0.8001621222580151,0.7841681047706703,0.9285246949626924,0,1000,0.2,120,8,0.35,0.15,0.15,2
0.7739366108521555,0.9320769383205204,0.9449315921040832,0.9451243444770391,0.944437799508196,0.948599596913245,0.8104949827778019,0.9259279604249254,0.9302645934859345,0.8736851763088629,0.8035664308058851,0.7926937400073695,0.9285246949626924,1,1000,0.2,120,8,0.35,0.15,0.15,2
0.7702697483675744,0.9365510033444816,0.9459358576206403,0.9458067566491479,0.9456906951743909,0.9505093366778149,0.8026743908265648,0.9305581103678929,0.931942088708393,0.8798660216594999,0.8079511068641504,0.787117474916388,0.9285246949626924,2,1000,0.2,120,8,0.35,0.15,0.15,2
0.7728202089444347,0.932965963546597,0.9436927941462119,0.9437556397540268,0.943658273319384,0.9470323645045253,0.7977702102967463,0.9206200963337603,0.9222362807988965,0.8705885997674024,0.8144348198106272,0.7949603526828632,0.9285246949626924,3,1000,0.2,120,8,0.35,0.15,0.15,2
0.7676506235359974,0.9262855611243191,0.9402249904388211,0.9401070910116788,0.9400859891437665,0.9447970295539404,0.7962740489906,0.9123341289124727,0.9165763787432947,0.871082784273378,0.80084347457162,0.7986395877430671,0.9285246949626924,4,1000,0.2,120,8,0.35,0.15,0.15,2
0.7745116326830814,0.9328098091529174,0.944040776202637,0.9440765016473237,0.9439303787219251,0.9487865989366897,0.8036736494293348,0.922473051935914,0.9271600155356879,0.8754501674459402,0.805201449047463,0.7787102509283003,0.9285246949626924,5,1000,0.2,120,8,0.35,0.15,0.15,2
0.7779335934983367,0.9352664085444325,0.9481120883230593,0.9483072317176076,0.9481826031480647,0.9521406650942581,0.8021419811090981,0.9364547503028798,0.9397713041196372,0.8794212206017998,0.81549619259229,0.7955466843497159,0.9285246949626924,6,1000,0.2,120,8,0.35,0.15,0.15,2
0.7816487874682514,0.9361561403551908,0.9472155904315349,0.9472477508599473,0.9476891453636612,0.9510022595897333,0.8110766613147911,0.9142342351202697,0.9190281059523839,0.861606398646705,0.8065678085913585,0.7919090459810529,0.9285246949626924,7,1000,0.2,120,8,0.35,0.15,0.15,2
0.7846409073079492,0.9375337816660181,0.9471402679805989,0.947102910726627,0.9475327147350212,0.9525748682887865,0.8095405928126794,0.9229864562351457,0.9281461580069064,0.8775061509892191,0.8228203142488293,0.8065060493814,0.9285246949626924,8,1000,0.2,120,8,0.35,0.15,0.15,2
0.7791722018029077,0.9423173770395973,0.9535670147286992,0.9531511914243751,0.9531926958122949,0.9559290625707876,0.8150210810139347,0.92956179258036,0.9323194961016565,0.8878442318887175,0.8177220813573689,0.8023897174340351,0.9285246949626924,9,1000,0.2,120,8,0.35,0.15,0.15,2
0.7884758745628293,0.9359268606512664,0.9448348812126297,0.9448593557098555,0.9450019246306863,0.9488603390672968,0.8071073343004408,0.9244325025700709,0.9282762920022417,0.8816550610126334,0.815591329222878,0.7784383460055183,0.9285246949626924,10,1000,0.2,120,8,0.35,0.15,0.15,2
0.7782148054298642,0.9393659366515837,0.9495844102564103,0.949751891402715,0.9497333574660634,0.9524759939668175,0.802763294117647,0.9292611764705883,0.9315631493212669,0.8652666787330316,0.8092829924585219,0.8008282352941176,0.9285246949626924,11,1000,0.2,120,8,0.35,0.15,0.15,2
0.7818247102819202,0.934403855990347,0.9436496199898293,0.9424466468840035,0.941707586016526,0.9461414575927052,0.811363352078389,0.9243885248706422,0.927670859449993,0.8664680107385959,0.8179339447813131,0.7999866917706471,0.9285246949626924,12,1000,0.2,120,8,0.35,0.15,0.15,2
0.7638569604086846,0.9304851193931654,0.942044970780603,0.9421376601261658,0.9421484964588412,0.9460450288323852,0.7913623785750222,0.9229746700723712,0.9274103099965169,0.8747512481133171,0.8059386005650373,0.7923904756376021,0.9285246949626924,13,1000,0.2,120,8,0.35,0.15,0.15,2
0.7727285664976662,0.9351846543816305,0.9446903772383002,0.944570411923009,0.9448892169923002,0.9498952884198694,0.8063299793824021,0.9377802949002013,0.9401508375924194,0.8692877167142853,0.8159685961472393,0.7915259387661753,0.9285246949626924,14,1000,0.2,120,8,0.35,0.15,0.15,2
0.7808047747780819,0.9392249748271053,0.9489907948714001,0.9489029709739059,0.9487667945935214,0.9524060590200274,0.8037963803923379,0.9254781665843688,0.930930155726572,0.8684442420876589,0.8031708571493981,0.7781476578254645,0.9285246949626924,15,1000,0.2,120,8,0.35,0.15,0.15,2
0.7650224672571404,0.9352591653738465,0.9465801945102015,0.9465588513885198,0.9474552624991501,0.9516557047363574,0.7978081096908975,0.9278513637965029,0.9319761876433176,0.8771837586763169,0.797102434622445,0.7678270113912393,0.9285246949626924,16,1000,0.2,120,8,0.35,0.15,0.15,2
0.766383050193147,0.9352216364725671,0.9464306287742624,0.9465251843105994,0.9466693739831896,0.9513545356325469,0.794232413096393,0.9230096335346273,0.9265922154622869,0.8557977935370338,0.7991922169663516,0.7909712999380827,0.9285246949626924,17,1000,0.2,120,8,0.35,0.15,0.15,2
0.7752488940732353,0.935524302323038,0.9475246726715462,0.9472455129951076,0.9476443268011967,0.9511302770792127,0.804129585622168,0.9318144250344406,0.9365259811763479,0.8782074772644669,0.8148125620056589,0.7941178908792291,0.9285246949626924,18,1000,0.2,120,8,0.35,0.15,0.15,2
0.7773387490078516,0.93413412800758,0.9447387371543653,0.9440213300773692,0.9440314016670031,0.9473599651987842,0.8094994652373273,0.9153104238241129,0.9199953593213918,0.8632956991600682,0.8038851350697012,0.7941634363334146,0.9285246949626924,19,1000,0.2,120,8,0.35,0.15,0.15,2
0.7818129324927814,0.934577130390469,0.9440416014198836,0.9438993738234924,0.9435570341278311,0.9472703604683921,0.8043048633829427,0.9276141619758423,0.9306593328724876,0.8662114775338687,0.8116262899449955,0.7969506930478076,0.9285246949626924,20,1000,0.2,120,8,0.35,0.15,0.15,2
0.76843019857289,0.9376538951682221,0.9485918444792588,0.9484641713977727,0.9485606136793261,0.9529184887906963,0.7979157074817211,0.9407387714471135,0.9453092713441893,0.8809591901833935,0.7948639279939534,0.7787672987204407,0.9285246949626924,21,1000,0.2,120,8,0.35,0.15,0.15,2
0.7706353307573311,0.9317129608184436,0.9406661985094971,0.9406375278648922,0.9405655586957822,0.9446934488844827,0.8007381423236153,0.9026730110057243,0.9060527338971178,0.8462544484601767,0.7913477260619377,0.7816301328864873,0.9285246949626924,22,1000,0.2,120,8,0.35,0.15,0.15,2
0.7681383075898911,0.9268207936222899,0.9391622010204929,0.9391547999350263,0.9394440265644434,0.9450159727110293,0.7965279949953081,0.9164492435506357,0.9209152143334874,0.8808705702068915,0.8085373273745506,0.8006128098766317,0.9285246949626924,23,1000,0.2,120,8,0.35,0.15,0.15,2
0.7761526045784013,0.9321940691979939,0.9432968105959793,0.9431878555591906,0.9440911248312313,0.9480060355075054,0.804853185270909,0.9159150418492125,0.9210326298505366,0.8755638398898458,0.8137864310521272,0.8050813796133193,0.9285246949626924,24,1000,0.2,120,8,0.35,0.15,0.15,2
0.7749340089203209,0.936805762620208,0.947409901736953,0.9473736623866342,0.9476805795653396,0.9536954373103446,0.8024554151547911,0.9297209210546642,0.9323797040595554,0.8785254062620625,0.8121940847470324,0.7913672426780238,0.9285246949626924,25,1000,0.2,120,8,0.35,0.15,0.15,2
0.7722617003565855,0.933661548437926,0.9447458982917347,0.943898609329793,0.9441175467861902,0.9499122993069126,0.8058169580284728,0.930494145962394,0.9333346004954604,0.8853381195857104,0.8059502111886594,0.7855501077640934,0.9285246949626924,26,1000,0.2,120,8,0.35,0.15,0.15,2
0.7722653956278138,0.9360970347006213,0.94672119979344,0.9468982789093051,0.947216458854077,0.9505031868907148,0.7980926659086336,0.9235944345178206,0.9280535116408184,0.8669651927044568,0.7946020932380701,0.7789234152219187,0.9285246949626924,27,1000,0.2,120,8,0.35,0.15,0.15,2
0.7795737116493323,0.9309559444062181,0.942792177249063,0.9423586667357552,0.9428554414657375,0.946537519295586,0.8014152305689481,0.9138249987246737,0.9177953806276533,0.8760177003236316,0.8085101618399082,0.7993799303410765,0.9285246949626924,28,1000,0.2,120,8,0.35,0.15,0.15,2
0.7764190602293516,0.9407349551387323,0.949893675754329,0.9498301229415517,0.9501031466050321,0.9535664824804779,0.8082078457701899,0.93809546646205,0.9403180603837498,0.8877972166207371,0.8188614221170026,0.7963945280638304,0.9285246949626924,29,1000,0.2,120,8,0.35,0.15,0.15,2
0.7773326479487465,0.9352873250206565,0.9456533149668858,0.9453593988655516,0.9454526579118728,0.9500644775420983,0.807570368453612,0.928954619353954,0.9320028246935235,0.8766822944165819,0.8145889106374967,0.8065711505512839,0.9285246949626924,30,1000,0.2,120,8,0.35,0.15,0.15,2
0.7632250064548225,0.9314228239376307,0.9436398547507494,0.9436138780258948,0.9432149778646818,0.9472215924834378,0.7976049066097383,0.9415269827325625,0.9448437381923978,0.876964785007179,0.8085957179337011,0.7892345958021613,0.9285246949626924,31,1000,0.2,120,8,0.35,0.15,0.15,2
0.775355181475227,0.9346846090509503,0.946464664457304,0.9464674872398063,0.9471351239702805,0.9525200196115248,0.8012541135971389,0.9208515147294251,0.9222354568542075,0.8699155725221007,0.8143393652301916,0.7973862202075991,0.9285246949626924,32,1000,0.2,120,8,0.35,0.15,0.15,2
0.7727155942381514,0.9315648398008437,0.9433971532818973,0.9434120709969215,0.943809053247691,0.947437478621109,0.8019343620538938,0.9183361521796967,0.9218997757591881,0.8728345558891718,0.8104120900003801,0.7957858880316218,0.9285246949626924,33,1000,0.2,120,8,0.35,0.15,0.15,2
0.7877014618527333,0.9354214204316106,0.9467835594445134,0.9467842239748101,0.9470013355160306,0.95166719259493,0.814700948075881,0.9250347169613574,0.9295985211732644,0.8684628730720552,0.7988640519108284,0.7991500847371061,0.9285246949626924,34,1000,0.2,120,8,0.35,0.15,0.15,2
0.7747915698107026,0.9361141906340715,0.9477391174273057,0.9477791095673119,0.9478225625655881,0.9511728656406375,0.8002200336779963,0.9290362547976148,0.9321805406706605,0.8715985050630434,0.8016691719435142,0.7797049310693167,0.9285246949626924,35,1000,0.2,120,8,0.35,0.15,0.15,2
0.7841371047134201,0.9386542692996601,0.951070131543301,0.9509724805246591,0.9501883016379593,0.9537608531344971,0.8116620423782421,0.934534910430825,0.9372784344864682,0.8923353916711443,0.8309400209044094,0.8145452869296459,0.9285246949626924,36,1000,0.2,120,8,0.35,0.15,0.15,2
0.7776429041867245,0.9396237616349352,0.9502317431579738,0.9501551029921008,0.9502279111496801,0.9536012575275628,0.8035219300430531,0.9321998842340469,0.9360514455956518,0.8645485289951855,0.8033076323484777,0.7903571146785471,0.9285246949626924,37,1000,0.2,120,8,0.35,0.15,0.15,2
0.7682388774779748,0.9343441934563217,0.9452817105142085,0.9452371650610809,0.9452651399955396,0.949517427506905,0.797489059558733,0.9090674268050948,0.9148535595033679,0.8540437524075989,0.7879587694303952,0.7777579581378012,0.9285246949626924,38,1000,0.2,120,8,0.35,0.15,0.15,2
0.7777282415818476,0.9352978980960531,0.9450977171837828,0.9448778618922445,0.94472614718113,0.9492378883758285,0.8029417123339595,0.9239995686371234,0.9283781347942984,0.8672781652828402,0.8048386800878373,0.7894311436037496,0.9285246949626924,39,1000,0.2,120,8,0.35,0.15,0.15,2
0.784130335640986,0.9323665001998247,0.9456798188363759,0.945681631761809,0.944835902047236,0.9471746765741027,0.8108749137853238,0.9280178963941316,0.930396857434767,0.878875732421875,0.8121123361115409,0.8000974749574566,0.9285246949626924,40,1000,0.2,120,8,0.35,0.15,0.15,2
0.7700469722181269,0.9347518304236195,0.9447545670582468,0.9447370783899756,0.9442670337919175,0.9492517927594764,0.7926732054745589,0.9235687552337771,0.9279938768166598,0.8787014302311074,0.8039617988863724,0.7870267104723612,0.9285246949626924,41,1000,0.2,120,8,0.35,0.15,0.15,2
0.7746397106980024,0.9324200743406635,0.9468387309818888,0.9461546772273861,0.9460422098163682,0.9502035040240309,0.8022157752714174,0.9387065401521449,0.9399636562004081,0.8926151713519233,0.8086588886055064,0.7871302842955742,0.9285246949626924,42,1000,0.2,120,8,0.35,0.15,0.15,2
0.7732538584562251,0.9333591381391104,0.9445998292761899,0.944637015669306,0.9449698289818386,0.9494952854717962,0.8013224227082291,0.9301601271598033,0.9342557324934507,0.8806948655304703,0.8006872123941562,0.7909959870092917,0.9285246949626924,43,1000,0.2,120,8,0.35,0.15,0.15,2
0.7808571172810383,0.9295263201166709,0.9424514460158686,0.9425692964244167,0.9427524592028202,0.949080171318188,0.8032420676205858,0.9170621266629682,0.9202100868424005,0.8684620396822592,0.7939606996261059,0.7847427230494268,0.9285246949626924,44,1000,0.2,120,8,0.35,0.15,0.15,2
0.768112489020115,0.9338136852972465,0.9445740708149549,0.943951320807491,0.9438407362769116,0.947994334457904,0.8003262734702408,0.9141081308503735,0.9179462783100326,0.8517793109896274,0.7972432631825402,0.7793545948952767,0.9285246949626924,45,1000,0.2,120,8,0.35,0.15,0.15,2
0.7759712234750636,0.9297326301382923,0.9411807578164919,0.9410902451583114,0.9413269175387333,0.9447890513367311,0.8026735410324707,0.9098693859991593,0.91317019255657,0.8576657425642719,0.7911123463993296,0.7901629976374128,0.9285246949626924,46,1000,0.2,120,8,0.35,0.15,0.15,2
0.7721926690745393,0.9330616393856538,0.9449358850009854,0.9444024272711598,0.9444850824280717,0.9485563540742931,0.7995395944181692,0.9298103761762243,0.9326389337927382,0.8895832948443196,0.8159169584133905,0.7858691627561829,0.9285246949626924,47,1000,0.2,120,8,0.35,0.15,0.15,2
0.7713771342383107,0.9345859185520362,0.9471564645550528,0.9471419849170437,0.9472855263951735,0.9525322714932126,0.806366407239819,0.9382979185520361,0.9399023589743589,0.8818053212669683,0.8094032699849171,0.7881991915535445,0.9285246949626924,48,1000,0.2,120,8,0.35,0.15,0.15,2
0.7792738120916863,0.9302440541444555,0.9443251990227255,0.9441381430121976,0.9444905798344836,0.9473936241877648,0.8056102289368868,0.9268016124438175,0.9283608899588353,0.8853785888567135,0.8267129923910503,0.8230802481743419,0.9285246949626924,49,1000,0.2,120,8,0.35,0.15,0.15,2
0.7771285143573705,0.9371538901392842,0.9497109414265119,0.9496762367088623,0.9500384732077657,0.9540869083037911,0.8060146640410288,0.9353061763630302,0.9412298198315638,0.8741987632430703,0.7981016038770842,0.7765116163707825,0.9285246949626924,50,1000,0.2,120,8,0.35,0.15,0.15,2
0.7810493827160494,0.933791727582846,0.9445929783950617,0.9447057748538011,0.9447364359974009,0.9504193063677713,0.8066204718973359,0.9100798001949317,0.9131106846978557,0.8739931570825211,0.805581647985705,0.7957612491877842,0.9285246949626924,51,1000,0.2,120,8,0.35,0.15,0.15,2
0.7843036746833676,0.9363551379675239,0.9443134062292733,0.9443645470993125,0.9442362515062661,0.9482620923276969,0.8126476397010417,0.9091947047225687,0.9153617615477612,0.8464465323189113,0.799224590106912,0.778595604703344,0.9285246949626924,52,1000,0.2,120,8,0.35,0.15,0.15,2
0.7808196108202194,0.934621539742217,0.946057315158241,0.9457282602185876,0.9460493557172228,0.9511791183870756,0.8073905545313438,0.9272689575685111,0.9316805262860054,0.8842342013103763,0.8107489533092396,0.7948126963955672,0.9285246949626924,53,1000,0.2,120,8,0.35,0.15,0.15,2
0.7817868462398205,0.9385680729357794,0.9475529068474179,0.9475431549274842,0.9470251329406105,0.950806049818073,0.7992528273985261,0.9313871491734614,0.9329460910940494,0.8797786236159709,0.8121662222554221,0.7988291064774105,0.9285246949626924,54,1000,0.2,120,8,0.35,0.15,0.15,2
0.7793322065994194,0.9299129631008214,0.9411369737772649,0.9411145825578798,0.941515298146356,0.9459682428534206,0.8044760919935978,0.9154602549070696,0.91707591224348,0.8615161240043178,0.8034143992406759,0.7882778380046651,0.9285246949626924,55,1000,0.2,120,8,0.35,0.15,0.15,2
0.7761382438770694,0.935528791979274,0.9462409107106741,0.9461929481561383,0.9461322726353402,0.9497176180524121,0.806396548237039,0.923500303377604,0.9273580144658147,0.8844575319509588,0.8168273444347064,0.7948692586992324,0.9285246949626924,56,1000,0.2,120,8,0.35,0.15,0.15,2
0.7876122623390651,0.9334170506419756,0.9455536954993768,0.9457740249510295,0.9458537416444046,0.9502957055760004,0.8163852588560664,0.9253531503712049,0.9290621937028937,0.8829760911998387,0.8196683253454053,0.7896005484193185,0.9285246949626924,57,1000,0.2,120,8,0.35,0.15,0.15,2
0.7723057270369437,0.9343510326691716,0.9457670678198814,0.9458195582056004,0.9456120916353548,0.9505345766741554,0.8004318413780847,0.9250888306216819,0.9290245539852582,0.8689126026441336,0.7944190532999084,0.7873514675620932,0.9285246949626924,58,1000,0.2,120,8,0.35,0.15,0.15,2
0.7758041106089206,0.9369250399203849,0.9486350863207819,0.9486815117856006,0.9487860944201705,0.9521955083613466,0.8063221857068729,0.9216318099664342,0.9254456167793462,0.8716808174090479,0.8056755381418282,0.7865977805018062,0.9285246949626924,59,1000,0.2,120,8,0.35,0.15,0.15,2
0.7790555214752366,0.9364764959113918,0.9472254134964244,0.9469691994610331,0.9471662128919408,0.9502862682411259,0.8103158550228381,0.938225666137177,0.9415585732519114,0.8808463735621882,0.8046132819501702,0.7862089439462022,0.9285246949626924,60,1000,0.2,120,8,0.35,0.15,0.15,2
0.7747677874565587,0.9362868603537429,0.9467438065868923,0.9466532028423689,0.946472298714074,0.9509493978086837,0.8079363419708903,0.9369018737177952,0.9387273976015894,0.8905749454759608,0.8144326102291628,0.7969326385428329,0.9285246949626924,61,1000,0.2,120,8,0.35,0.15,0.15,2
0.7693821764169517,0.933207725949257,0.9470193958180074,0.946971876420999,0.9467395170448458,0.9510423555907904,0.7986994540983099,0.9317555750775524,0.9349331847756994,0.884866310033116,0.8052336092600925,0.792500124988394,0.9285246949626924,62,1000,0.2,120,8,0.35,0.15,0.15,2
0.780963263541928,0.9394405822074332,0.9512368279475836,0.9512058263806588,0.9513642234541109,0.956055129358773,0.8062649282263884,0.9426656423190727,0.9446960954274084,0.8980882799024816,0.8199997188925443,0.8006430781625261,0.9285246949626924,63,1000,0.2,120,8,0.35,0.15,0.15,2
0.7633060225394429,0.9258153823388477,0.9369349015056639,0.936908269898459,0.937168581753611,0.9407810866393004,0.7936401978834942,0.919312621754866,0.9214802408969293,0.8677962470932812,0.8080270763066241,0.777270184724575,0.9285246949626924,64,1000,0.2,120,8,0.35,0.15,0.15,2
0.773163224528318,0.9385412402710954,0.9510780292254815,0.9506476354050135,0.9504188748137018,0.9541386637385311,0.8091944347609209,0.9344377206375659,0.938631327406612,0.8781119032030936,0.8209644708484103,0.7913839044047953,0.9285246949626924,65,1000,0.2,120,8,0.35,0.15,0.15,2
0.7851930692992811,0.9364002980697319,0.9460403390794296,0.9455422041399089,0.9451820751772348,0.9494226927023135,0.808785717376121,0.929256436544678,0.9313692124407414,0.8828021181647928,0.8290887240328572,0.8183004037616431,0.9285246949626924,66,1000,0.2,120,8,0.35,0.15,0.15,2
0.7794714505858563,0.9369706518211584,0.946253418949243,0.9458752816795811,0.9461497329053543,0.9514223341749904,0.8068057467612694,0.9240536435989858,0.9278597561276088,0.8793156801558086,0.8197855096792581,0.8061709588766668,0.9285246949626924,67,1000,0.2,120,8,0.35,0.15,0.15,2
0.7759365435253843,0.9294049490856637,0.9427504667081519,0.9416567308103384,0.9419834067240809,0.945031854117878,0.7993660646566944,0.9164758665570951,0.9197451987250436,0.876366971946842,0.8177035583824585,0.7984793587532915,0.9285246949626924,68,1000,0.2,120,8,0.35,0.15,0.15,2
0.7781962447049673,0.9377586572212427,0.9473436022014655,0.9470429766401413,0.9468883279138831,0.9505791811595649,0.807125577367289,0.9299699499699327,0.9343381742720598,0.8813520518995344,0.8152601967228152,0.799434188006023,0.9285246949626924,69,1000,0.2,120,8,0.35,0.15,0.15,2
0.7809703179837788,0.9312624221175104,0.9429175267453718,0.9430726797915157,0.9432173007641312,0.9471524930149435,0.8001417149004754,0.929147815799105,0.9321991915463337,0.8776157452938941,0.8091861330429082,0.7856455834383533,0.9285246949626924,70,1000,0.2,120,8,0.35,0.15,0.15,2
0.7740036778034959,0.9323485530551643,0.9427859400507103,0.9426192993362861,0.9427905255973016,0.9485485086436578,0.7983227826735805,0.9423382150867214,0.9452099380307283,0.8935395112158567,0.8104254060355159,0.7880156447141916,0.9285246949626924,71,1000,0.2,120,8,0.35,0.15,0.15,2
0.7643121738651943,0.9250078734810621,0.940116273851184,0.9402284733954392,0.9395187868868198,0.9438109560610974,0.7966719859007125,0.9092107630388554,0.9135374701597995,0.8589243907759877,0.8139317881407229,0.7993783364729693,0.9285246949626924,72,1000,0.2,120,8,0.35,0.15,0.15,2
0.76746572265625,0.934126953125,0.944007421875,0.94229404296875,0.943051171875,0.94874228515625,0.78972236328125,0.92910078125,0.931356640625,0.87196025390625,0.80399560546875,0.7994078125,0.9285246949626924,73,1000,0.2,120,8,0.35,0.15,0.15,2
0.7698721824021959,0.9389928486072542,0.950534290428346,0.9504337159932066,0.9502934121543354,0.9538290288642625,0.8094849998483878,0.9413796150531007,0.9438476416395775,0.8949067204638153,0.8359422808820808,0.8129561688605738,0.9285246949626924,74,1000,0.2,120,8,0.35,0.15,0.15,2
0.7792259671739604,0.9277386641999418,0.940799385276491,0.9407925332628555,0.9378291352514078,0.9442310694769711,0.8030139071405323,0.9356415809553176,0.9357301677030337,0.8937941801932757,0.820926245414657,0.7964359740504455,0.9285246949626924,75,1000,0.2,120,8,0.35,0.15,0.15,2
0.785331820365441,0.935732500990166,0.9477951329544014,0.9476195719473827,0.9476294424625152,0.9516796118951782,0.8051570854151257,0.9291836537752948,0.9325595616111325,0.8634817676731813,0.8010670506009563,0.7906909351009797,0.9285246949626924,76,1000,0.2,120,8,0.35,0.15,0.15,2
0.7742789594222909,0.9388563538765715,0.9488217342231281,0.9484275374570091,0.9485337915369311,0.9516485232444009,0.7973490096258761,0.9387890400579838,0.9411195853468775,0.8923651062384256,0.8192072154151775,0.8007098085626309,0.9285246949626924,77,1000,0.2,120,8,0.35,0.15,0.15,2
0.7676832295550268,0.9316240233086489,0.9435193177244753,0.9427113711579752,0.9421425416682473,0.9464394326293974,0.7954959002441003,0.9168468415140402,0.9193346538083051,0.88181043613414,0.8119536304008692,0.8028697169827053,0.9285246949626924,78,1000,0.2,120,8,0.35,0.15,0.15,2
0.7853573903465008,0.9389883734999395,0.9499427238914441,0.9499585357115359,0.950168214195361,0.9532654649421504,0.8128343070533681,0.9326385036871986,0.9363600758024547,0.8754488199864549,0.8173913521718567,0.8042073387272919,0.9285246949626924,79,1000,0.2,120,8,0.35,0.15,0.15,2
0.7837353705318458,0.936577069547038,0.9447296339868116,0.9447016465886945,0.9442655661259901,0.9466828444803234,0.8073110250205402,0.9323279239858393,0.9364322904460514,0.8694384972568476,0.8158305245864934,0.8031525237660463,0.9285246949626924,80,1000,0.2,120,8,0.35,0.15,0.15,2
0.7766467547443533,0.9318615295612158,0.9433698083237196,0.9432011824427977,0.9425938764299042,0.9453288442932538,0.8017523671563074,0.922591482214686,0.9265460216885558,0.8657593090189853,0.7965768946172849,0.7834436225040282,0.9285246949626924,81,1000,0.2,120,8,0.35,0.15,0.15,2
0.7534295501986806,0.9233170816857428,0.936364011045625,0.9355362195160387,0.9359705773254362,0.9410395397494612,0.7883423561898897,0.9179505953145797,0.9225598890588672,0.8672187862904301,0.7865156095822494,0.7750432878917548,0.9285246949626924,82,1000,0.2,120,8,0.35,0.15,0.15,2
0.7758355260117561,0.9330330558301797,0.945123490026916,0.9452373129237643,0.9454559701281822,0.94984210859017,0.8000848835474523,0.9085711963196808,0.9122742996985208,0.8602333965367942,0.7981216584064462,0.7935471503778285,0.9285246949626924,83,1000,0.2,120,8,0.35,0.15,0.15,2
0.7770252901470174,0.9341804365526457,0.9469116943167013,0.9468775195194884,0.9466781499299167,0.9487250509035099,0.8010238689537013,0.9299722536515223,0.9329577161112548,0.8804598473034192,0.8242523690208552,0.8147966111354442,0.9285246949626924,84,1000,0.2,120,8,0.35,0.15,0.15,2
0.7730031401372943,0.931772840288853,0.9417296510188111,0.941215243038702,0.9413475844716743,0.945690483501897,0.8014837891650405,0.9099894007984072,0.9131233964992918,0.8579856564075641,0.8009907777040346,0.780386127923448,0.9285246949626924,85,1000,0.2,120,8,0.35,0.15,0.15,2
0.7782442351874161,0.9391402353809848,0.9470693283910897,0.9471479656368895,0.9475735433864906,0.952306900681744,0.8088709057410653,0.9197459099851351,0.9222061045137779,0.8789338623688192,0.8108123481159648,0.7903747620881838,0.9285246949626924,86,1000,0.2,120,8,0.35,0.15,0.15,2
0.7756271057026962,0.9319998091147698,0.9457434502505369,0.9453237890718206,0.9447183011214507,0.9479833929849678,0.8039171558100692,0.9194224767358625,0.9214708661417322,0.8812622285850632,0.8191210689572894,0.7991211643999045,0.9285246949626924,87,1000,0.2,120,8,0.35,0.15,0.15,2
0.7756420901932713,0.9360154617036507,0.9480756859937962,0.9481462180863756,0.9485307563827249,0.9513738964447626,0.8055239322357433,0.9440406585540444,0.9462529229300883,0.8914227630637079,0.8045787640181341,0.7987704127893104,0.9285246949626924,88,1000,0.2,120,8,0.35,0.15,0.15,2
0.7780724609375,0.93869443359375,0.94981669921875,0.94993291015625,0.95008173828125,0.95382451171875,0.805645703125,0.92415966796875,0.92868408203125,0.88098837890625,0.79001494140625,0.7851328125,0.9285246949626924,89,1000,0.2,120,8,0.35,0.15,0.15,2
0.7813538845191281,0.9345443372520121,0.9452394441780734,0.9444608604002915,0.9439150966109785,0.9481568531995439,0.8110220552316878,0.9240465486986549,0.9267885091272987,0.8875062654957933,0.8204803917809248,0.809575707636937,0.9285246949626924,90,1000,0.2,120,8,0.35,0.15,0.15,2
0.7920133325593096,0.9369993033786137,0.9468302759394713,0.9461421688145826,0.9463407059096715,0.9505138550253492,0.8190770734161539,0.9145743836835791,0.9156363442857696,0.87276316807926,0.8005986106273463,0.7887537249893571,0.9285246949626924,91,1000,0.2,120,8,0.35,0.15,0.15,2
0.7722532062472764,0.9332498543273947,0.9448213050486819,0.9446569762968342,0.9444827878198756,0.9481810547121946,0.8002630419997224,0.9238638793417107,0.9277006657054402,0.866537600931686,0.8098953167852347,0.7991746056786604,0.9285246949626924,92,1000,0.2,120,8,0.35,0.15,0.15,2
0.7717892025823438,0.9330472067358506,0.946385016008307,0.9463687913728205,0.9458772235476633,0.9491884012398711,0.7959715388989499,0.9323409522161307,0.9356821647990309,0.8694199808703822,0.8014121034235526,0.7948042343208213,0.9285246949626924,93,1000,0.2,120,8,0.35,0.15,0.15,2
0.7690511485658807,0.932914799422369,0.9458007624910452,0.9441162509478079,0.9445748146069475,0.9485259099275642,0.797812237685522,0.9178844838152183,0.920865786267674,0.8574156877113684,0.7922008019509049,0.7800176685059323,0.9285246949626924,94,1000,0.2,120,8,0.35,0.15,0.15,2
0.7804162592268546,0.9402940818684995,0.9504356291884423,0.9504222752998679,0.9504376761348661,0.9536687323280292,0.8087945396047093,0.9315859818870584,0.934332009251418,0.8799171552045465,0.8193122376984369,0.8115832604230512,0.9285246949626924,95,1000,0.2,120,8,0.35,0.15,0.15,2
0.7806483902371218,0.9369057888814171,0.9475496969859849,0.9461340794563083,0.9461052355108149,0.9503496270123452,0.8076683745629478,0.9328328859568477,0.9352924968037857,0.8743482917247114,0.8119771481134632,0.8013357995398948,0.9285246949626924,96,1000,0.2,120,8,0.35,0.15,0.15,2
0.781569276192256,0.9331758258280777,0.945337858597791,0.945004366449517,0.9450397441118303,0.9506190321825211,0.804185600445451,0.9255672250569215,0.9289366589874067,0.893686952295145,0.8056798260034278,0.7991021764568579,0.9285246949626924,97,1000,0.2,120,8,0.35,0.15,0.15,2
0.7726305404185185,0.9309210460057326,0.9439621150814254,0.9439008241093937,0.9440137184350295,0.9488215587684984,0.8023518660031639,0.9146658937034221,0.9191411897488883,0.8711598544325027,0.7941396430870354,0.7840216450170775,0.9285246949626924,98,1000,0.2,120,8,0.35,0.15,0.15,2
0.7706033139429171,0.9381041416066432,0.9486908540377241,0.9487607489227081,0.9487066049977205,0.9535032645341245,0.7984690263770499,0.912613083278968,0.9126638801249563,0.8588198140382597,0.7897777450945358,0.7684809705269021,0.9285246949626924,99,1000,0.2,120,8,0.35,0.15,0.15,2
0.7757935457892314,0.9344167050161067,0.94501955821445,0.9435878777419849,0.9434391777880043,0.9490115431814695,0.8016897722043258,0.9344294562049394,0.9361566191133609,0.8873344262923761,0.8341708851050774,0.8223319335787698,0.9285246949626924,0,1000,0.2,120,8,0.45,0.15,0.15,3
0.7739366108521555,0.9320769383205204,0.9449315921040832,0.9451243444770391,0.944437799508196,0.948599596913245,0.8104949827778019,0.9354914511172402,0.9399154035627293,0.8895850813207298,0.8322250071888366,0.8278099146583454,0.9285246949626924,1,1000,0.2,120,8,0.45,0.15,0.15,3
0.7702697483675744,0.9365510033444816,0.9459358576206403,0.9458067566491479,0.9456906951743909,0.9505093366778149,0.8026743908265648,0.9377650700748527,0.9388609850294632,0.894733237776716,0.8381712852365026,0.8226520942825291,0.9285246949626924,2,1000,0.2,120,8,0.45,0.15,0.15,3
0.7728202089444347,0.932965963546597,0.9436927941462119,0.9437556397540268,0.943658273319384,0.9470323645045253,0.7977702102967463,0.9289900691154162,0.9300742787876404,0.8878689782179484,0.8446038587596598,0.8287677490896485,0.9285246949626924,3,1000,0.2,120,8,0.45,0.15,0.15,3
0.7676506235359974,0.9262855611243191,0.9402249904388211,0.9401070910116788,0.9400859891437665,0.9447970295539404,0.7962740489906,0.922722830159293,0.9266410985593716,0.8895207833555435,0.8316257759897333,0.8333359952662122,0.9285246949626924,4,1000,0.2,120,8,0.45,0.15,0.15,3
0.7745116326830814,0.9328098091529174,0.944040776202637,0.9440765016473237,0.9439303787219251,0.9487865989366897,0.8036736494293348,0.9322182894949915,0.936603148583003,0.8929443125238474,0.8393810361725984,0.8167449649329381,0.9285246949626924,5,1000,0.2,120,8,0.45,0.15,0.15,3
0.7779335934983367,0.9352664085444325,0.9481120883230593,0.9483072317176076,0.9481826031480647,0.9521406650942581,0.8021419811090981,0.9437645252682706,0.9475515052852728,0.8964394531035166,0.8471628487832166,0.8308118554473586,0.9285246949626924,6,1000,0.2,120,8,0.45,0.15,0.15,3
0.7816487874682514,0.9361561403551908,0.9472155904315349,0.9472477508599473,0.9476891453636612,0.9510022595897333,0.8110766613147911,0.9251366203520436,0.9297409708613733,0.881300284477184,0.8389714563904099,0.8291287916972986,0.9285246949626924,7,1000,0.2,120,8,0.45,0.15,0.15,3
0.7846409073079492,0.9375337816660181,0.9471402679805989,0.947102910726627,0.9475327147350212,0.9525748682887865,0.8095405928126794,0.9328146412270939,0.9375472772185002,0.8949167828050232,0.8553023487835568,0.8437991505821033,0.9285246949626924,8,1000,0.2,120,8,0.45,0.15,0.15,3
0.7791722018029077,0.9423173770395973,0.9535670147286992,0.9531511914243751,0.9531926958122949,0.9559290625707876,0.8150210810139347,0.9371237751455942,0.9397123434147102,0.9025144741681463,0.8449185622529283,0.8350098280636887,0.9285246949626924,9,1000,0.2,120,8,0.45,0.15,0.15,3
0.7884758745628293,0.9359268606512664,0.9448348812126297,0.9448593557098555,0.9450019246306863,0.9488603390672968,0.8071073343004408,0.9362965648451307,0.9400351935310919,0.9028211235604942,0.8493318114042999,0.8192153456291483,0.9285246949626924,10,1000,0.2,120,8,0.45,0.15,0.15,3
0.7782148054298642,0.9393659366515837,0.9495844102564103,0.949751891402715,0.9497333574660634,0.9524759939668175,0.802763294117647,0.9398787088989442,0.941518479638009,0.8851885369532428,0.8457203257918552,0.8396075052790347,0.9285246949626924,11,1000,0.2,120,8,0.45,0.15,0.15,3
0.7818247102819202,0.934403855990347,0.9436496199898293,0.9424466468840035,0.941707586016526,0.9461414575927052,0.811363352078389,0.9340732234970018,0.9376252767899446,0.8844865437314043,0.8502385855524164,0.8375967549245138,0.9285246949626924,12,1000,0.2,120,8,0.45,0.15,0.15,3
0.7638569604086846,0.9304851193931654,0.942044970780603,0.9421376601261658,0.9421484964588412,0.9460450288323852,0.7913623785750222,0.9331684662719145,0.9376083633267541,0.8919748248771238,0.8394779209721739,0.8283166918224389,0.9285246949626924,13,1000,0.2,120,8,0.45,0.15,0.15,3
0.7727285664976662,0.9351846543816305,0.9446903772383002,0.944570411923009,0.9448892169923002,0.9498952884198694,0.8063299793824021,0.9482176782171451,0.9507896664262684,0.8886834122344978,0.846607356830366,0.8270654379225094,0.9285246949626924,14,1000,0.2,120,8,0.45,0.15,0.15,3
0.7808047747780819,0.9392249748271053,0.9489907948714001,0.9489029709739059,0.9487667945935214,0.9524060590200274,0.8037963803923379,0.9345627100125953,0.9400237775801575,0.8852662682422077,0.8356927371412985,0.8147905508591151,0.9285246949626924,15,1000,0.2,120,8,0.45,0.15,0.15,3
0.7650224672571404,0.9352591653738465,0.9465801945102015,0.9465588513885198,0.9474552624991501,0.9516557047363574,0.7978081096908975,0.9382936550858824,0.9431968751352053,0.8940974582949608,0.8305140775753904,0.8065713443578444,0.9285246949626924,16,1000,0.2,120,8,0.45,0.15,0.15,3
0.766383050193147,0.9352216364725671,0.9464306287742624,0.9465251843105994,0.9466693739831896,0.9513545356325469,0.794232413096393,0.9287327001220799,0.9324994798442792,0.8703010886921907,0.8311967091063599,0.8256994527711139,0.9285246949626924,17,1000,0.2,120,8,0.45,0.15,0.15,3
0.7752488940732353,0.935524302323038,0.9475246726715462,0.9472455129951076,0.9476443268011967,0.9511302770792127,0.804129585622168,0.9407851887763627,0.9443414533342402,0.8945349724151287,0.8484462591654514,0.8325446448234957,0.9285246949626924,18,1000,0.2,120,8,0.45,0.15,0.15,3
0.7773387490078516,0.93413412800758,0.9447387371543653,0.9440213300773692,0.9440314016670031,0.9473599651987842,0.8094994652373273,0.9254480598438362,0.9302421365095511,0.8787504566110108,0.8324999738526039,0.828559173881734,0.9285246949626924,19,1000,0.2,120,8,0.45,0.15,0.15,3
0.7818129324927814,0.934577130390469,0.9440416014198836,0.9438993738234924,0.9435570341278311,0.9472703604683921,0.8043048633829427,0.9379530843569818,0.9411864052314615,0.8866939747706694,0.847566787920001,0.8370170078050815,0.9285246949626924,20,1000,0.2,120,8,0.45,0.15,0.15,3
0.76843019857289,0.9376538951682221,0.9485918444792588,0.9484641713977727,0.9485606136793261,0.9529184887906963,0.7979157074817211,0.9512096337000366,0.95590456574653,0.8993062048331921,0.8268053759402632,0.8156577481454012,0.9285246949626924,21,1000,0.2,120,8,0.45,0.15,0.15,3
0.7706353307573311,0.9317129608184436,0.9406661985094971,0.9406375278648922,0.9405655586957822,0.9446934488844827,0.8007381423236153,0.9116782264300239,0.915040980980733,0.8650125590100866,0.8238566288334431,0.8189255705190098,0.9285246949626924,22,1000,0.2,120,8,0.45,0.15,0.15,3
0.7681383075898911,0.9268207936222899,0.9391622010204929,0.9391547999350263,0.9394440265644434,0.9450159727110293,0.7965279949953081,0.9276224480375632,0.9319407866418977,0.8976684048830025,0.8376848469786626,0.8339413584731327,0.9285246949626924,23,1000,0.2,120,8,0.45,0.15,0.15,3
0.7761526045784013,0.9321940691979939,0.9432968105959793,0.9431878555591906,0.9440911248312313,0.9480060355075054,0.804853185270909,0.925455544598605,0.9302527679236372,0.8919661814432206,0.8458423999835452,0.841843856856949,0.9285246949626924,24,1000,0.2,120,8,0.45,0.15,0.15,3
0.7749340089203209,0.936805762620208,0.947409901736953,0.9473736623866342,0.9476805795653396,0.9536954373103446,0.8024554151547911,0.9384710239190399,0.9413049799765445,0.896965017562483,0.8445398909263565,0.8280338869987104,0.9285246949626924,25,1000,0.2,120,8,0.45,0.15,0.15,3
0.7722617003565855,0.933661548437926,0.9447458982917347,0.943898609329793,0.9441175467861902,0.9499122993069126,0.8058169580284728,0.9413749453284912,0.9442006163034085,0.9023043142143711,0.8374882674363772,0.821082942901574,0.9285246949626924,26,1000,0.2,120,8,0.45,0.15,0.15,3
0.7722653956278138,0.9360970347006213,0.94672119979344,0.9468982789093051,0.947216458854077,0.9505031868907148,0.7980926659086336,0.9321492177631882,0.9368139820738912,0.8861239699275828,0.827648295274092,0.8161433894746539,0.9285246949626924,27,1000,0.2,120,8,0.45,0.15,0.15,3
0.7795737116493323,0.9309559444062181,0.942792177249063,0.9423586667357552,0.9428554414657375,0.946537519295586,0.8014152305689481,0.9245010863369778,0.9286868678348253,0.8933197606483718,0.8412907667582893,0.8355367356226544,0.9285246949626924,28,1000,0.2,120,8,0.45,0.15,0.15,3
0.7764190602293516,0.9407349551387323,0.949893675754329,0.9498301229415517,0.9501031466050321,0.9535664824804779,0.8082078457701899,0.946072709096552,0.9480726732262527,0.9043806018100465,0.8490362391394871,0.8309199834996623,0.9285246949626924,29,1000,0.2,120,8,0.45,0.15,0.15,3
0.7773326479487465,0.9352873250206565,0.9456533149668858,0.9453593988655516,0.9454526579118728,0.9500644775420983,0.807570368453612,0.9380829658817154,0.9407475792353261,0.8946629871792537,0.8466409699095765,0.8423051505722019,0.9285246949626924,30,1000,0.2,120,8,0.45,0.15,0.15,3
0.7632250064548225,0.9314228239376307,0.9436398547507494,0.9436138780258948,0.9432149778646818,0.9472215924834378,0.7976049066097383,0.9481133616400917,0.9514696725673191,0.8927652262966321,0.8406863208141263,0.827191805838938,0.9285246949626924,31,1000,0.2,120,8,0.45,0.15,0.15,3
0.775355181475227,0.9346846090509503,0.946464664457304,0.9464674872398063,0.9471351239702805,0.9525200196115248,0.8012541135971389,0.9301440173898976,0.9318501460692608,0.8886690687572388,0.8456113178393722,0.8328006548076707,0.9285246949626924,32,1000,0.2,120,8,0.45,0.15,0.15,3
0.7727155942381514,0.9315648398008437,0.9433971532818973,0.9434120709969215,0.943809053247691,0.947437478621109,0.8019343620538938,0.9268316483600015,0.930099293071339,0.8871527117935464,0.8385885181102961,0.8291106381361408,0.9285246949626924,33,1000,0.2,120,8,0.45,0.15,0.15,3
0.7877014618527333,0.9354214204316106,0.9467835594445134,0.9467842239748101,0.9470013355160306,0.95166719259493,0.814700948075881,0.9342624795941733,0.938827328067975,0.8853669099607016,0.8296633223704821,0.8324627037117625,0.9285246949626924,34,1000,0.2,120,8,0.45,0.15,0.15,3
0.7747915698107026,0.9361141906340715,0.9477391174273057,0.9477791095673119,0.9478225625655881,0.9511728656406375,0.8002200336779963,0.9385245822840204,0.941985344418847,0.8879111643826925,0.8361687376058013,0.8190858450512226,0.9285246949626924,35,1000,0.2,120,8,0.45,0.15,0.15,3
0.7841371047134201,0.9386542692996601,0.951070131543301,0.9509724805246591,0.9501883016379593,0.9537608531344971,0.8116620423782421,0.9438748135023663,0.946132094899924,0.9086876728478133,0.8611223312355135,0.8487428844845948,0.9285246949626924,36,1000,0.2,120,8,0.45,0.15,0.15,3
0.7776429041867245,0.9396237616349352,0.9502317431579738,0.9501551029921008,0.9502279111496801,0.9536012575275628,0.8035219300430531,0.9414598831473286,0.9453928992493292,0.8822594817886753,0.8344614667493201,0.8258180281448236,0.9285246949626924,37,1000,0.2,120,8,0.45,0.15,0.15,3
0.7682388774779748,0.9343441934563217,0.9452817105142085,0.9452371650610809,0.9452651399955396,0.949517427506905,0.797489059558733,0.91971564210175,0.9250478400621336,0.8715886175742632,0.8204974196778223,0.8159170358968121,0.9285246949626924,38,1000,0.2,120,8,0.45,0.15,0.15,3
0.7777282415818476,0.9352978980960531,0.9450977171837828,0.9448778618922445,0.94472614718113,0.9492378883758285,0.8029417123339595,0.9343154895284332,0.9388144179644196,0.8860947691815492,0.8347916097008502,0.8247428154154183,0.9285246949626924,39,1000,0.2,120,8,0.45,0.15,0.15,3
0.784130335640986,0.9323665001998247,0.9456798188363759,0.945681631761809,0.944835902047236,0.9471746765741027,0.8108749137853238,0.9370436463812397,0.9391480499368297,0.8967342565555384,0.8444681199076939,0.8359270253197195,0.9285246949626924,40,1000,0.2,120,8,0.45,0.15,0.15,3
0.7700469722181269,0.9347518304236195,0.9447545670582468,0.9447370783899756,0.9442670337919175,0.9492517927594764,0.7926732054745589,0.9323594001445404,0.9367623433603978,0.8943768460193104,0.8355061782384495,0.8226278746509961,0.9285246949626924,41,1000,0.2,120,8,0.45,0.15,0.15,3
0.7746397106980024,0.9324200743406635,0.9468387309818888,0.9461546772273861,0.9460422098163682,0.9502035040240309,0.8022157752714174,0.9472518002657497,0.9484738870941334,0.9097154328509535,0.840482049295952,0.8255199477631678,0.9285246949626924,42,1000,0.2,120,8,0.45,0.15,0.15,3
0.7732538584562251,0.9333591381391104,0.9445998292761899,0.944637015669306,0.9449698289818386,0.9494952854717962,0.8013224227082291,0.9403549877844171,0.9439020202317526,0.8973049186118388,0.8343835791167495,0.8305628979876176,0.9285246949626924,43,1000,0.2,120,8,0.45,0.15,0.15,3
0.7808571172810383,0.9295263201166709,0.9424514460158686,0.9425692964244167,0.9427524592028202,0.949080171318188,0.8032420676205858,0.9280008920901341,0.9316146831428005,0.8857782698830063,0.8264365071559306,0.8198316016590879,0.9285246949626924,44,1000,0.2,120,8,0.45,0.15,0.15,3
0.768112489020115,0.9338136852972465,0.9445740708149549,0.943951320807491,0.9438407362769116,0.947994334457904,0.8003262734702408,0.9256449651236426,0.9293179232578713,0.8712464114043096,0.8296805737353293,0.8168044488372714,0.9285246949626924,45,1000,0.2,120,8,0.45,0.15,0.15,3
0.7759712234750636,0.9297326301382923,0.9411807578164919,0.9410902451583114,0.9413269175387333,0.9447890513367311,0.8026735410324707,0.9211945976845306,0.9253415350868035,0.8771403436683884,0.8273919668883225,0.8285340613216857,0.9285246949626924,46,1000,0.2,120,8,0.45,0.15,0.15,3
0.7721926690745393,0.9330616393856538,0.9449358850009854,0.9444024272711598,0.9444850824280717,0.9485563540742931,0.7995395944181692,0.9398608198775742,0.9424853857214996,0.9074882877931323,0.8478133813984137,0.8225791180165534,0.9285246949626924,47,1000,0.2,120,8,0.45,0.15,0.15,3
0.7713771342383107,0.9345859185520362,0.9471564645550528,0.9471419849170437,0.9472855263951735,0.9525322714932126,0.806366407239819,0.9466345218702866,0.9483421538461538,0.8990219004524886,0.8439000422322775,0.8255046274509804,0.9285246949626924,48,1000,0.2,120,8,0.45,0.15,0.15,3
0.7792738120916863,0.9302440541444555,0.9443251990227255,0.9441381430121976,0.9444905798344836,0.9473936241877648,0.8056102289368868,0.935927157582228,0.9373388145805147,0.9014851712517351,0.8576476069100534,0.8562855068640198,0.9285246949626924,49,1000,0.2,120,8,0.45,0.15,0.15,3
0.7771285143573705,0.9371538901392842,0.9497109414265119,0.9496762367088623,0.9500384732077657,0.9540869083037911,0.8060146640410288,0.9432027013152415,0.9489452265343234,0.8864971153746322,0.8272802922194907,0.8113303500735047,0.9285246949626924,50,1000,0.2,120,8,0.45,0.15,0.15,3
0.7810493827160494,0.933791727582846,0.9445929783950617,0.9447057748538011,0.9447364359974009,0.9504193063677713,0.8066204718973359,0.9216171215074724,0.9244377436647173,0.891722912605588,0.8383384096816114,0.8340326510721248,0.9285246949626924,51,1000,0.2,120,8,0.45,0.15,0.15,3
0.7843036746833676,0.9363551379675239,0.9443134062292733,0.9443645470993125,0.9442362515062661,0.9482620923276969,0.8126476397010417,0.9183760182230981,0.9245852490220418,0.8651276319441837,0.8314267839615531,0.8142754762579743,0.9285246949626924,52,1000,0.2,120,8,0.45,0.15,0.15,3
0.7808196108202194,0.934621539742217,0.946057315158241,0.9457282602185876,0.9460493557172228,0.9511791183870756,0.8073905545313438,0.9356673326389207,0.9410501472933387,0.9026684608411518,0.8399749529980448,0.8288659999955349,0.9285246949626924,53,1000,0.2,120,8,0.45,0.15,0.15,3
0.7817868462398205,0.9385680729357794,0.9475529068474179,0.9475431549274842,0.9470251329406105,0.950806049818073,0.7992528273985261,0.9404524364245522,0.9421460523594234,0.8985413175682495,0.8450617886522954,0.8354137266659717,0.9285246949626924,54,1000,0.2,120,8,0.45,0.15,0.15,3
0.7793322065994194,0.9299129631008214,0.9411369737772649,0.9411145825578798,0.941515298146356,0.9459682428534206,0.8044760919935978,0.9255165295664904,0.9271972280639718,0.8786508350083129,0.8312919520335492,0.8236011982307253,0.9285246949626924,55,1000,0.2,120,8,0.45,0.15,0.15,3
0.7761382438770694,0.935528791979274,0.9462409107106741,0.9461929481561383,0.9461322726353402,0.9497176180524121,0.806396548237039,0.9341378778977377,0.9376017759628628,0.9029233080679181,0.8499935472065183,0.8324868295595728,0.9285246949626924,56,1000,0.2,120,8,0.45,0.15,0.15,3
0.7876122623390651,0.9334170506419756,0.9455536954993768,0.9457740249510295,0.9458537416444046,0.9502957055760004,0.8163852588560664,0.9359383250961059,0.9400021027864482,0.9000819731980455,0.8481922195127743,0.8253163860964233,0.9285246949626924,57,1000,0.2,120,8,0.45,0.15,0.15,3
0.7723057270369437,0.9343510326691716,0.9457670678198814,0.9458195582056004,0.9456120916353548,0.9505345766741554,0.8004318413780847,0.932643127943348,0.9367797925641371,0.8835775719617279,0.8251973235468991,0.8220522186256232,0.9285246949626924,58,1000,0.2,120,8,0.45,0.15,0.15,3
0.7758041106089206,0.9369250399203849,0.9486350863207819,0.9486815117856006,0.9487860944201705,0.9521955083613466,0.8063221857068729,0.9302748678303114,0.9344096420576609,0.889353678315648,0.8369249897848937,0.8224497705047892,0.9285246949626924,59,1000,0.2,120,8,0.45,0.15,0.15,3
0.7790555214752366,0.9364764959113918,0.9472254134964244,0.9469691994610331,0.9471662128919408,0.9502862682411259,0.8103158550228381,0.9486396608896663,0.9520995644071673,0.8987955525956326,0.8326086007565315,0.8196207800495702,0.9285246949626924,60,1000,0.2,120,8,0.45,0.15,0.15,3
0.7747677874565587,0.9362868603537429,0.9467438065868923,0.9466532028423689,0.946472298714074,0.9509493978086837,0.8079363419708903,0.9462859340922476,0.9482707223707116,0.9086089332056252,0.8481044402306512,0.8357360179007113,0.9285246949626924,61,1000,0.2,120,8,0.45,0.15,0.15,3
0.7693821764169517,0.933207725949257,0.9470193958180074,0.946971876420999,0.9467395170448458,0.9510423555907904,0.7986994540983099,0.940189458597892,0.9436594221012811,0.9018619699599323,0.8367851556641169,0.8295438280731074,0.9285246949626924,62,1000,0.2,120,8,0.45,0.15,0.15,3
0.780963263541928,0.9394405822074332,0.9512368279475836,0.9512058263806588,0.9513642234541109,0.956055129358773,0.8062649282263884,0.9512976348794941,0.9534362445798346,0.9128744323897194,0.8500845963979767,0.8338714746807412,0.9285246949626924,63,1000,0.2,120,8,0.45,0.15,0.15,3
0.7633060225394429,0.9258153823388477,0.9369349015056639,0.936908269898459,0.937168581753611,0.9407810866393004,0.7936401978834942,0.9299347593413025,0.9324242819828171,0.8859189105329072,0.840509405508927,0.8144092683416236,0.9285246949626924,64,1000,0.2,120,8,0.45,0.15,0.15,3
0.773163224528318,0.9385412402710954,0.9510780292254815,0.9506476354050135,0.9504188748137018,0.9541386637385311,0.8091944347609209,0.9432728393157265,0.9473295946159879,0.8974213215398139,0.8558898361871723,0.8310184988365601,0.9285246949626924,65,1000,0.2,120,8,0.45,0.15,0.15,3
0.7851930692992811,0.9364002980697319,0.9460403390794296,0.9455422041399089,0.9451820751772348,0.9494226927023135,0.808785717376121,0.9386536874733452,0.9412673024148438,0.9006041165763238,0.8589979703753609,0.8519402539387234,0.9285246949626924,66,1000,0.2,120,8,0.45,0.15,0.15,3
0.7794714505858563,0.9369706518211584,0.946253418949243,0.9458752816795811,0.9461497329053543,0.9514223341749904,0.8068057467612694,0.9336424404375974,0.9376510977697041,0.8958421896400646,0.8507940731810265,0.8414005802194584,0.9285246949626924,67,1000,0.2,120,8,0.45,0.15,0.15,3
0.7759365435253843,0.9294049490856637,0.9427504667081519,0.9416567308103384,0.9419834067240809,0.945031854117878,0.7993660646566944,0.927150182645582,0.93062446659098,0.8950776540611922,0.8499721321001787,0.8335635206024533,0.9285246949626924,68,1000,0.2,120,8,0.45,0.15,0.15,3
0.7781962447049673,0.9377586572212427,0.9473436022014655,0.9470429766401413,0.9468883279138831,0.9505791811595649,0.807125577367289,0.9374499378948059,0.9420087510944649,0.8977294965417943,0.8480065104704896,0.8369101512098396,0.9285246949626924,69,1000,0.2,120,8,0.45,0.15,0.15,3
0.7809703179837788,0.9312624221175104,0.9429175267453718,0.9430726797915157,0.9432173007641312,0.9471524930149435,0.8001417149004754,0.9403320977325713,0.9433332510921419,0.8946542022827099,0.843051332838781,0.8230245950247069,0.9285246949626924,70,1000,0.2,120,8,0.45,0.15,0.15,3
0.7740036778034959,0.9323485530551643,0.9427859400507103,0.9426192993362861,0.9427905255973016,0.9485485086436578,0.7983227826735805,0.9503072121086529,0.9533410877853137,0.9092821804878943,0.8406963552514655,0.8227033533809528,0.9285246949626924,71,1000,0.2,120,8,0.45,0.15,0.15,3
0.7643121738651943,0.9250078734810621,0.940116273851184,0.9402284733954392,0.9395187868868198,0.9438109560610974,0.7966719859007125,0.9194428736508249,0.9243208220109358,0.8756759778629324,0.8469142588644469,0.837568914911378,0.9285246949626924,72,1000,0.2,120,8,0.45,0.15,0.15,3
0.76746572265625,0.934126953125,0.944007421875,0.94229404296875,0.943051171875,0.94874228515625,0.78972236328125,0.93870908203125,0.94063251953125,0.89061484375,0.83874150390625,0.83917724609375,0.9285246949626924,73,1000,0.2,120,8,0.45,0.15,0.15,3
0.7698721824021959,0.9389928486072542,0.950534290428346,0.9504337159932066,0.9502934121543354,0.9538290288642625,0.8094849998483878,0.950136996391029,0.9523101047084948,0.9119262165929004,0.8667656932896036,0.8497987360445466,0.9285246949626924,74,1000,0.2,120,8,0.45,0.15,0.15,3
0.7792259671739604,0.9277386641999418,0.940799385276491,0.9407925332628555,0.9378291352514078,0.9442310694769711,0.8030139071405323,0.9456313274063416,0.9465515528375902,0.9117980417923889,0.8505918426777669,0.8310020335797611,0.9285246949626924,75,1000,0.2,120,8,0.45,0.15,0.15,3
0.785331820365441,0.935732500990166,0.9477951329544014,0.9476195719473827,0.9476294424625152,0.9516796118951782,0.8051570854151257,0.9373889267578069,0.9404107418420432,0.8789436900527919,0.8306265601762663,0.8272713516731338,0.9285246949626924,76,1000,0.2,120,8,0.45,0.15,0.15,3
0.7742789594222909,0.9388563538765715,0.9488217342231281,0.9484275374570091,0.9485337915369311,0.9516485232444009,0.7973490096258761,0.9485761561931061,0.9510777255443418,0.9090242979403537,0.851801779589511,0.8372579833406126,0.9285246949626924,77,1000,0.2,120,8,0.45,0.15,0.15,3
0.7676832295550268,0.9316240233086489,0.9435193177244753,0.9427113711579752,0.9421425416682473,0.9464394326293974,0.7954959002441003,0.9271000101322449,0.9295729019890113,0.899918776258873,0.8446525980918809,0.8388858977583359,0.9285246949626924,78,1000,0.2,120,8,0.45,0.15,0.15,3
0.7853573903465008,0.9389883734999395,0.9499427238914441,0.9499585357115359,0.950168214195361,0.9532654649421504,0.8128343070533681,0.9417381570449613,0.9440780117883503,0.8942111649913339,0.8482544536299225,0.8377084606790479,0.9285246949626924,79,1000,0.2,120,8,0.45,0.15,0.15,3
0.7837353705318458,0.936577069547038,0.9447296339868116,0.9447016465886945,0.9442655661259901,0.9466828444803234,0.8073110250205402,0.9403759956831618,0.9439298141907924,0.8874676111235285,0.8481560662540155,0.8385028349587975,0.9285246949626924,80,1000,0.2,120,8,0.45,0.15,0.15,3
0.7766467547443533,0.9318615295612158,0.9433698083237196,0.9432011824427977,0.9425938764299042,0.9453288442932538,0.8017523671563074,0.9323581687618319,0.9360828168963132,0.8836505733328575,0.8291313170644042,0.8218360596624429,0.9285246949626924,81,1000,0.2,120,8,0.45,0.15,0.15,3
0.7534295501986806,0.9233170816857428,0.936364011045625,0.9355362195160387,0.9359705773254362,0.9410395397494612,0.7883423561898897,0.9286551539380951,0.9328770265061059,0.8870038378455698,0.8202427807045829,0.8136222910216718,0.9285246949626924,82,1000,0.2,120,8,0.45,0.15,0.15,3
0.7758355260117561,0.9330330558301797,0.945123490026916,0.9452373129237643,0.9454559701281822,0.94984210859017,0.8000848835474523,0.9173940829093796,0.9214032868339932,0.8768167575442354,0.8305271836922761,0.8302431638114706,0.9285246949626924,83,1000,0.2,120,8,0.45,0.15,0.15,3
0.7770252901470174,0.9341804365526457,0.9469116943167013,0.9468775195194884,0.9466781499299167,0.9487250509035099,0.8010238689537013,0.9379644733554151,0.9407541530847586,0.8981640860543314,0.8560207822621045,0.8494376004071483,0.9285246949626924,84,1000,0.2,120,8,0.45,0.15,0.15,3
0.7730031401372943,0.931772840288853,0.9417296510188111,0.941215243038702,0.9413475844716743,0.945690483501897,0.8014837891650405,0.9197528503927648,0.9225711483789165,0.8782278531168587,0.8345744965379244,0.8177561391169974,0.9285246949626924,85,1000,0.2,120,8,0.45,0.15,0.15,3
0.7782442351874161,0.9391402353809848,0.9470693283910897,0.9471479656368895,0.9475735433864906,0.952306900681744,0.8088709057410653,0.9303265221380433,0.9335176723063036,0.8984127764645553,0.8431495251129898,0.8257253261494404,0.9285246949626924,86,1000,0.2,120,8,0.45,0.15,0.15,3
0.7756271057026962,0.9319998091147698,0.9457434502505369,0.9453237890718206,0.9447183011214507,0.9479833929849678,0.8039171558100692,0.9300944881889763,0.9329952755905512,0.8990742066332618,0.8513675972321642,0.8362180863755667,0.9285246949626924,87,1000,0.2,120,8,0.45,0.15,0.15,3
0.7756420901932713,0.9360154617036507,0.9480756859937962,0.9481462180863756,0.9485307563827249,0.9513738964447626,0.8055239322357433,0.9526288713910761,0.9548918157957528,0.9053908852302553,0.8373692197566214,0.8339986638033882,0.9285246949626924,88,1000,0.2,120,8,0.45,0.15,0.15,3
0.7780724609375,0.93869443359375,0.94981669921875,0.94993291015625,0.95008173828125,0.95382451171875,0.805645703125,0.93370751953125,0.9389150390625,0.89832646484375,0.824599609375,0.8225134765625,0.9285246949626924,89,1000,0.2,120,8,0.45,0.15,0.15,3
0.7813538845191281,0.9345443372520121,0.9452394441780734,0.9444608604002915,0.9439150966109785,0.9481568531995439,0.8110220552316878,0.93481618940367,0.9357221671010058,0.9055065653961828,0.852299548511634,0.8435839999121286,0.9285246949626924,90,1000,0.2,120,8,0.45,0.15,0.15,3
0.7920133325593096,0.9369993033786137,0.9468302759394713,0.9461421688145826,0.9463407059096715,0.9505138550253492,0.8190770734161539,0.9239341692789969,0.9248180076628353,0.8882780873872828,0.8311381051898293,0.8233046944541197,0.9285246949626924,91,1000,0.2,120,8,0.45,0.15,0.15,3
0.7722532062472764,0.9332498543273947,0.9448213050486819,0.9446569762968342,0.9444827878198756,0.9481810547121946,0.8002630419997224,0.9337315308982519,0.9382175124957516,0.8827445724146544,0.8399000069211404,0.8330579376780308,0.9285246949626924,92,1000,0.2,120,8,0.45,0.15,0.15,3
0.7717892025823438,0.9330472067358506,0.946385016008307,0.9463687913728205,0.9458772235476633,0.9491884012398711,0.7959715388989499,0.9422650209220538,0.9452834791490256,0.8872903545314634,0.8370050906725344,0.8344428537434098,0.9285246949626924,93,1000,0.2,120,8,0.45,0.15,0.15,3
0.7690511485658807,0.932914799422369,0.9458007624910452,0.9441162509478079,0.9445748146069475,0.9485259099275642,0.797812237685522,0.9268530535849371,0.9299817409717639,0.874318185011522,0.8254504501185024,0.8187164324670931,0.9285246949626924,94,1000,0.2,120,8,0.45,0.15,0.15,3
0.7804162592268546,0.9402940818684995,0.9504356291884423,0.9504222752998679,0.9504376761348661,0.9536687323280292,0.8087945396047093,0.9391958463753063,0.9424021442641052,0.8952800729570695,0.8490987197422329,0.8450278306734726,0.9285246949626924,95,1000,0.2,120,8,0.45,0.15,0.15,3
0.7806483902371218,0.9369057888814171,0.9475496969859849,0.9461340794563083,0.9461052355108149,0.9503496270123452,0.8076683745629478,0.941457028772377,0.944148867835762,0.8920254956851722,0.844153406081111,0.8349797516487071,0.9285246949626924,96,1000,0.2,120,8,0.45,0.15,0.15,3
0.781569276192256,0.9331758258280777,0.945337858597791,0.945004366449517,0.9450397441118303,0.9506190321825211,0.804185600445451,0.935114867808673,0.9386335031845664,0.9091174772958084,0.8387289075108699,0.8350031974485015,0.9285246949626924,97,1000,0.2,120,8,0.45,0.15,0.15,3
0.7726305404185185,0.9309210460057326,0.9439621150814254,0.9439008241093937,0.9440137184350295,0.9488215587684984,0.8023518660031639,0.9255310853134842,0.92972563225858,0.8901477783845062,0.8258629485906865,0.8210356371033484,0.9285246949626924,98,1000,0.2,120,8,0.45,0.15,0.15,3
0.7706033139429171,0.9381041416066432,0.9486908540377241,0.9487607489227081,0.9487066049977205,0.9535032645341245,0.7984690263770499,0.9223114415662519,0.9237932131279133,0.876866673341136,0.8233955112323541,0.8094995221060294,0.9285246949626924,99,1000,0.2,120,8,0.45,0.15,0.15,3
0.7757935457892314,0.9344167050161067,0.94501955821445,0.9435878777419849,0.9434391777880043,0.9490115431814695,0.8016897722043258,0.9497633839545943,0.9512709963184538,0.9130194431661298,0.8820562011044639,0.8760012080073631,0.9285246949626924,0,1000,0.2,120,8,0.6,0.15,0.15,4
0.7739366108521555,0.9320769383205204,0.9449315921040832,0.9451243444770391,0.944437799508196,0.948599596913245,0.8104949827778019,0.9504338946483258,0.9550648737742676,0.9148303262289613,0.8732620661459596,0.8741500265157567,0.9285246949626924,1,1000,0.2,120,8,0.6,0.15,0.15,4
0.7702697483675744,0.9365510033444816,0.9459358576206403,0.9458067566491479,0.9456906951743909,0.9505093366778149,0.8026743908265648,0.9498897117375378,0.9512178491798057,0.9161271699315178,0.87842232043319,0.8677464564421086,0.9285246949626924,2,1000,0.2,120,8,0.6,0.15,0.15,4
0.7728202089444347,0.932965963546597,0.9436927941462119,0.9437556397540268,0.943658273319384,0.9470323645045253,0.7977702102967463,0.9433049020065846,0.944749957586591,0.9150365738816998,0.8884911399003224,0.8763158114730115,0.9285246949626924,3,1000,0.2,120,8,0.6,0.15,0.15,4
0.7676506235359974,0.9262855611243191,0.9402249904388211,0.9401070910116788,0.9400859891437665,0.9447970295539404,0.7962740489906,0.9405659114424298,0.9452257459437708,0.9175078616557668,0.8751320197710951,0.8811906758008715,0.9285246949626924,4,1000,0.2,120,8,0.6,0.15,0.15,4
0.7745116326830814,0.9328098091529174,0.944040776202637,0.9440765016473237,0.9439303787219251,0.9487865989366897,0.8036736494293348,0.9483502799810909,0.9526974614143235,0.9208296814803297,0.8861855659637636,0.869227204945651,0.9285246949626924,5,1000,0.2,120,8,0.6,0.15,0.15,4
0.7779335934983367,0.9352664085444325,0.9481120883230593,0.9483072317176076,0.9481826031480647,0.9521406650942581,0.8021419811090981,0.9561998834050136,0.960159811342398,0.9202913381867437,0.8899083857251281,0.8770433585641532,0.9285246949626924,6,1000,0.2,120,8,0.6,0.15,0.15,4
0.7816487874682514,0.9361561403551908,0.9472155904315349,0.9472477508599473,0.9476891453636612,0.9510022595897333,0.8110766613147911,0.9436457828777682,0.9476152845632403,0.9116864800804503,0.8855845059514004,0.8801575565942401,0.9285246949626924,7,1000,0.2,120,8,0.6,0.15,0.15,4
0.7846409073079492,0.9375337816660181,0.9471402679805989,0.947102910726627,0.9475327147350212,0.9525748682887865,0.8095405928126794,0.9494933838053957,0.9549206495741909,0.9225258471613035,0.897805711180899,0.89146876693973,0.9285246949626924,8,1000,0.2,120,8,0.6,0.15,0.15,4
0.7791722018029077,0.9423173770395973,0.9535670147286992,0.9531511914243751,0.9531926958122949,0.9559290625707876,0.8150210810139347,0.9499871151283981,0.9524275926237155,0.9244707825184687,0.8852583916075399,0.8791703019541649,0.9285246949626924,9,1000,0.2,120,8,0.6,0.15,0.15,4
0.7884758745628293,0.9359268606512664,0.9448348812126297,0.9448593557098555,0.9450019246306863,0.9488603390672968,0.8071073343004408,0.9544700729131089,0.9582626250848275,0.9307060325357599,0.8939681208729755,0.8742137194679404,0.9285246949626924,10,1000,0.2,120,8,0.6,0.15,0.15,4
0.7782148054298642,0.9393659366515837,0.9495844102564103,0.949751891402715,0.9497333574660634,0.9524759939668175,0.802763294117647,0.9565353122171946,0.9580281628959276,0.9149619547511312,0.893059185520362,0.8888870226244344,0.9285246949626924,11,1000,0.2,120,8,0.6,0.15,0.15,4
0.7818247102819202,0.934403855990347,0.9436496199898293,0.9424466468840035,0.941707586016526,0.9461414575927052,0.811363352078389,0.9500179236575595,0.9540814749941036,0.9125767802397673,0.89349042967514,0.8879094637602994,0.9285246949626924,12,1000,0.2,120,8,0.6,0.15,0.15,4
0.7638569604086846,0.9304851193931654,0.942044970780603,0.9421376601261658,0.9421484964588412,0.9460450288323852,0.7913623785750222,0.9497727272727273,0.9545172994310925,0.9188271604938272,0.8836411045319091,0.8756614033050815,0.9285246949626924,13,1000,0.2,120,8,0.6,0.15,0.15,4
0.7727285664976662,0.9351846543816305,0.9446903772383002,0.944570411923009,0.9448892169923002,0.9498952884198694,0.8063299793824021,0.9631886881026077,0.9659549058698217,0.9184283962411268,0.8894381814821659,0.8758477248282301,0.9285246949626924,14,1000,0.2,120,8,0.6,0.15,0.15,4
0.7808047747780819,0.9392249748271053,0.9489907948714001,0.9489029709739059,0.9487667945935214,0.9524060590200274,0.8037963803923379,0.9507130313691173,0.9562952761795144,0.9108115757028181,0.8816212804605841,0.8660842462084746,0.9285246949626924,15,1000,0.2,120,8,0.6,0.15,0.15,4
0.7650224672571404,0.9352591653738465,0.9465801945102015,0.9465588513885198,0.9474552624991501,0.9516557047363574,0.7978081096908975,0.9539086112639146,0.9586142384310623,0.9210666654820108,0.8777361688845485,0.8621511510219975,0.9285246949626924,16,1000,0.2,120,8,0.6,0.15,0.15,4
0.766383050193147,0.9352216364725671,0.9464306287742624,0.9465251843105994,0.9466693739831896,0.9513545356325469,0.794232413096393,0.9400152913248053,0.9441169761279858,0.8945569401307032,0.8751757624981512,0.8720962400888401,0.9285246949626924,17,1000,0.2,120,8,0.6,0.15,0.15,4
0.7752488940732353,0.935524302323038,0.9475246726715462,0.9472455129951076,0.9476443268011967,0.9511302770792127,0.804129585622168,0.9551986173655697,0.9573906450646017,0.9199342082067751,0.894661817777947,0.8843911387627343,0.9285246949626924,18,1000,0.2,120,8,0.6,0.15,0.15,4
0.7773387490078516,0.93413412800758,0.9447387371543653,0.9440213300773692,0.9440314016670031,0.9473599651987842,0.8094994652373273,0.9424202378522103,0.9474754011107414,0.9048593095770359,0.8726959786079436,0.8738235124358953,0.9285246949626924,19,1000,0.2,120,8,0.6,0.15,0.15,4
0.7818129324927814,0.934577130390469,0.9440416014198836,0.9438993738234924,0.9435570341278311,0.9472703604683921,0.8043048633829427,0.9543374398890726,0.9582383079640053,0.9170259611488543,0.8930199095318948,0.8880209592587377,0.9285246949626924,20,1000,0.2,120,8,0.6,0.15,0.15,4
0.76843019857289,0.9376538951682221,0.9485918444792588,0.9484641713977727,0.9485606136793261,0.9529184887906963,0.7979157074817211,0.9657931405378141,0.9704960275993847,0.9231350105516891,0.8722685817366996,0.8655519955499057,0.9285246949626924,21,1000,0.2,120,8,0.6,0.15,0.15,4
0.7706353307573311,0.9317129608184436,0.9406661985094971,0.9406375278648922,0.9405655586957822,0.9446934488844827,0.8007381423236153,0.9294500277978478,0.9330546299629106,0.8945245992667922,0.8702296411361727,0.8700868730283446,0.9285246949626924,22,1000,0.2,120,8,0.6,0.15,0.15,4
0.7681383075898911,0.9268207936222899,0.9391622010204929,0.9391547999350263,0.9394440265644434,0.9450159727110293,0.7965279949953081,0.9462721122035719,0.9505216012365266,0.9214669847315606,0.8780241711660722,0.8787383759135958,0.9285246949626924,23,1000,0.2,120,8,0.6,0.15,0.15,4
0.7761526045784013,0.9321940691979939,0.9432968105959793,0.9431878555591906,0.9440911248312313,0.9480060355075054,0.804853185270909,0.9423310595397072,0.9468765123211362,0.9161269365957363,0.8887395406075325,0.8890247835355454,0.9285246949626924,24,1000,0.2,120,8,0.6,0.15,0.15,4
0.7749340089203209,0.936805762620208,0.947409901736953,0.9473736623866342,0.9476805795653396,0.9536954373103446,0.8024554151547911,0.9521358822129787,0.9552897744115016,0.9230459824891071,0.8872802697917617,0.8774258868852317,0.9285246949626924,25,1000,0.2,120,8,0.6,0.15,0.15,4
0.7722617003565855,0.933661548437926,0.9447458982917347,0.943898609329793,0.9441175467861902,0.9499122993069126,0.8058169580284728,0.9575701824281019,0.9618265397855218,0.927199222726774,0.8813244338324645,0.869337784089452,0.9285246949626924,26,1000,0.2,120,8,0.6,0.15,0.15,4
0.7722653956278138,0.9360970347006213,0.94672119979344,0.9468982789093051,0.947216458854077,0.9505031868907148,0.7980926659086336,0.9474424141333573,0.9521942633542722,0.9167765006509548,0.8738989165298894,0.868002550482337,0.9285246949626924,27,1000,0.2,120,8,0.6,0.15,0.15,4
0.7795737116493323,0.9309559444062181,0.942792177249063,0.9423586667357552,0.9428554414657375,0.946537519295586,0.8014152305689481,0.941939214937264,0.9460376315644659,0.9183581308978819,0.8870388289652906,0.88499840734845,0.9285246949626924,28,1000,0.2,120,8,0.6,0.15,0.15,4
0.7764190602293516,0.9407349551387323,0.949893675754329,0.9498301229415517,0.9501031466050321,0.9535664824804779,0.8082078457701899,0.9585615191227684,0.960752921479915,0.928237762379542,0.8902130032953888,0.8783386670908719,0.9285246949626924,29,1000,0.2,120,8,0.6,0.15,0.15,4
0.7773326479487465,0.9352873250206565,0.9456533149668858,0.9453593988655516,0.9454526579118728,0.9500644775420983,0.807570368453612,0.9535224222637912,0.9563440168365989,0.9228011686142926,0.8919308748066546,0.8905724691547883,0.9285246949626924,30,1000,0.2,120,8,0.6,0.15,0.15,4
0.7632250064548225,0.9314228239376307,0.9436398547507494,0.9436138780258948,0.9432149778646818,0.9472215924834378,0.7976049066097383,0.9608179480276581,0.9629733274137887,0.9177956702309882,0.885581776304189,0.8774876649915615,0.9285246949626924,31,1000,0.2,120,8,0.6,0.15,0.15,4
0.775355181475227,0.9346846090509503,0.946464664457304,0.9464674872398063,0.9471351239702805,0.9525200196115248,0.8012541135971389,0.9450591134457793,0.9466075556543205,0.916433276089251,0.8901278632869979,0.8820956843451695,0.9285246949626924,32,1000,0.2,120,8,0.6,0.15,0.15,4
0.7727155942381514,0.9315648398008437,0.9433971532818973,0.9434120709969215,0.943809053247691,0.947437478621109,0.8019343620538938,0.9416620424917335,0.9441346775113071,0.9117839496788416,0.8809755425487439,0.8762583140131504,0.9285246949626924,33,1000,0.2,120,8,0.6,0.15,0.15,4
0.7877014618527333,0.9354214204316106,0.9467835594445134,0.9467842239748101,0.9470013355160306,0.95166719259493,0.814700948075881,0.9491667549542633,0.9534058886497846,0.9108656019752119,0.8752967127774747,0.8788674239274196,0.9285246949626924,34,1000,0.2,120,8,0.6,0.15,0.15,4
0.7747915698107026,0.9361141906340715,0.9477391174273057,0.9477791095673119,0.9478225625655881,0.9511728656406375,0.8002200336779963,0.9534728943657612,0.9574726851761057,0.9137127279984588,0.8828776344341555,0.8726799271373973,0.9285246949626924,35,1000,0.2,120,8,0.6,0.15,0.15,4
0.7841371047134201,0.9386542692996601,0.951070131543301,0.9509724805246591,0.9501883016379593,0.9537608531344971,0.8116620423782421,0.9577895565925026,0.960598820195534,0.931778928443461,0.9004129229383968,0.8943242525552416,0.9285246949626924,36,1000,0.2,120,8,0.6,0.15,0.15,4
0.7776429041867245,0.9396237616349352,0.9502317431579738,0.9501551029921008,0.9502279111496801,0.9536012575275628,0.8035219300430531,0.9557570078342953,0.9597186166135638,0.9096493014789292,0.8796565655910612,0.8766168004479716,0.9285246949626924,37,1000,0.2,120,8,0.6,0.15,0.15,4
0.7682388774779748,0.9343441934563217,0.9452817105142085,0.9452371650610809,0.9452651399955396,0.949517427506905,0.797489059558733,0.9373106087189781,0.9438989494681058,0.8996202816910195,0.8689608257342885,0.8685361330881677,0.9285246949626924,38,1000,0.2,120,8,0.6,0.15,0.15,4
0.7777282415818476,0.9352978980960531,0.9450977171837828,0.9448778618922445,0.94472614718113,0.9492378883758285,0.8029417123339595,0.9505375097879285,0.9557510407211797,0.9144496954106348,0.8777188164388859,0.8728637515505137,0.9285246949626924,39,1000,0.2,120,8,0.6,0.15,0.15,4
0.784130335640986,0.9323665001998247,0.9456798188363759,0.945681631761809,0.944835902047236,0.9471746765741027,0.8108749137853238,0.9514527777240614,0.9534345066586737,0.9230252004692657,0.8887114572052909,0.8840120523282797,0.9285246949626924,40,1000,0.2,120,8,0.6,0.15,0.15,4
0.7700469722181269,0.9347518304236195,0.9447545670582468,0.9447370783899756,0.9442670337919175,0.9492517927594764,0.7926732054745589,0.9496704460753523,0.9531418001740856,0.9144870558940769,0.8795405932019494,0.8698793252578675,0.9285246949626924,41,1000,0.2,120,8,0.6,0.15,0.15,4
0.7746397106980024,0.9324200743406635,0.9468387309818888,0.9461546772273861,0.9460422098163682,0.9502035040240309,0.8022157752714174,0.9604168831393738,0.9625275904304894,0.9343552419456409,0.8865371097193884,0.8778972903914456,0.9285246949626924,42,1000,0.2,120,8,0.6,0.15,0.15,4
0.7732538584562251,0.9333591381391104,0.9445998292761899,0.944637015669306,0.9449698289818386,0.9494952854717962,0.8013224227082291,0.9553709318184048,0.9584853658297275,0.922837645581295,0.880773261119124,0.881243438416782,0.9285246949626924,43,1000,0.2,120,8,0.6,0.15,0.15,4
0.7808571172810383,0.9295263201166709,0.9424514460158686,0.9425692964244167,0.9427524592028202,0.949080171318188,0.8032420676205858,0.9453375804302625,0.949413648594862,0.9119744851464303,0.8734519047392192,0.8677359198056304,0.9285246949626924,44,1000,0.2,120,8,0.6,0.15,0.15,4
0.768112489020115,0.9338136852972465,0.9445740708149549,0.943951320807491,0.9438407362769116,0.947994334457904,0.8003262734702408,0.9450797544277024,0.9491052866869581,0.9014755669077659,0.876459205111323,0.8698395522563959,0.9285246949626924,45,1000,0.2,120,8,0.6,0.15,0.15,4
0.7759712234750636,0.9297326301382923,0.9411807578164919,0.9410902451583114,0.9413269175387333,0.9447890513367311,0.8026735410324707,0.9405637155928785,0.9454170259923989,0.909197484634516,0.8783674352987154,0.8795057870976816,0.9285246949626924,46,1000,0.2,120,8,0.6,0.15,0.15,4
0.7721926690745393,0.9330616393856538,0.9449358850009854,0.9444024272711598,0.9444850824280717,0.9485563540742931,0.7995395944181692,0.9567857863151542,0.959095896917184,0.9337176846241009,0.8925489695721254,0.8744356548366834,0.9285246949626924,47,1000,0.2,120,8,0.6,0.15,0.15,4
0.7713771342383107,0.9345859185520362,0.9471564645550528,0.9471419849170437,0.9472855263951735,0.9525322714932126,0.806366407239819,0.959448036199095,0.9617784856711915,0.9240446455505279,0.8909734419306184,0.8767478733031674,0.9285246949626924,48,1000,0.2,120,8,0.6,0.15,0.15,4
0.7792738120916863,0.9302440541444555,0.9443251990227255,0.9441381430121976,0.9444905798344836,0.9473936241877648,0.8056102289368868,0.9488773727061887,0.9510626528781847,0.9254336877848988,0.8988413699145759,0.8988862480794294,0.9285246949626924,49,1000,0.2,120,8,0.6,0.15,0.15,4
0.7771285143573705,0.9371538901392842,0.9497109414265119,0.9496762367088623,0.9500384732077657,0.9540869083037911,0.8060146640410288,0.9564555773845986,0.9620212142921142,0.9104199136246683,0.870854420535041,0.8618604189715021,0.9285246949626924,50,1000,0.2,120,8,0.6,0.15,0.15,4
0.7810493827160494,0.933791727582846,0.9445929783950617,0.9447057748538011,0.9447364359974009,0.9504193063677713,0.8066204718973359,0.9407675438596491,0.9435524285250162,0.9190351892462638,0.8857530255035737,0.8862178159519168,0.9285246949626924,51,1000,0.2,120,8,0.6,0.15,0.15,4
0.7843036746833676,0.9363551379675239,0.9443134062292733,0.9443645470993125,0.9442362515062661,0.9482620923276969,0.8126476397010417,0.9366877014287616,0.9420207383618309,0.8963807143147828,0.8759636826905103,0.8633123774010959,0.9285246949626924,52,1000,0.2,120,8,0.6,0.15,0.15,4
0.7808196108202194,0.934621539742217,0.946057315158241,0.9457282602185876,0.9460493557172228,0.9511791183870756,0.8073905545313438,0.9506603957919406,0.9567079208377293,0.9286652570690757,0.882705115037704,0.8761171245335112,0.9285246949626924,53,1000,0.2,120,8,0.6,0.15,0.15,4
0.7817868462398205,0.9385680729357794,0.9475529068474179,0.9475431549274842,0.9470251329406105,0.950806049818073,0.7992528273985261,0.9538247566335241,0.9560417581112326,0.9262857248177878,0.8902403858015556,0.8846306913789419,0.9285246949626924,54,1000,0.2,120,8,0.6,0.15,0.15,4
0.7793322065994194,0.9299129631008214,0.9411369737772649,0.9411145825578798,0.941515298146356,0.9459682428534206,0.8044760919935978,0.9420092620164272,0.9446624761160326,0.9064884519466985,0.8725361904141542,0.8711196307600685,0.9285246949626924,55,1000,0.2,120,8,0.6,0.15,0.15,4
0.7761382438770694,0.935528791979274,0.9462409107106741,0.9461929481561383,0.9461322726353402,0.9497176180524121,0.806396548237039,0.9501545781125098,0.9524906819735917,0.9276502200691509,0.8925471198389691,0.8804207799212181,0.9285246949626924,56,1000,0.2,120,8,0.6,0.15,0.15,4
0.7876122623390651,0.9334170506419756,0.9455536954993768,0.9457740249510295,0.9458537416444046,0.9502957055760004,0.8163852588560664,0.9519031449073104,0.9561470488219912,0.9252409163616198,0.8882598594719838,0.8746592456238836,0.9285246949626924,57,1000,0.2,120,8,0.6,0.15,0.15,4
0.7723057270369437,0.9343510326691716,0.9457670678198814,0.9458195582056004,0.9456120916353548,0.9505345766741554,0.8004318413780847,0.9466853137082625,0.9506573101354616,0.9079572929777268,0.8694138042613365,0.8690409977741006,0.9285246949626924,58,1000,0.2,120,8,0.6,0.15,0.15,4
0.7758041106089206,0.9369250399203849,0.9486350863207819,0.9486815117856006,0.9487860944201705,0.9521955083613466,0.8063221857068729,0.9462178537497588,0.950254362414425,0.913755925388362,0.8810828263381789,0.8699929559634914,0.9285246949626924,59,1000,0.2,120,8,0.6,0.15,0.15,4
0.7790555214752366,0.9364764959113918,0.9472254134964244,0.9469691994610331,0.9471662128919408,0.9502862682411259,0.8103158550228381,0.9643742737544115,0.9669160367387556,0.9240601107292742,0.8726597894814916,0.8644609403489687,0.9285246949626924,60,1000,0.2,120,8,0.6,0.15,0.15,4
0.7747677874565587,0.9362868603537429,0.9467438065868923,0.9466532028423689,0.946472298714074,0.9509493978086837,0.8079363419708903,0.9608134760126587,0.9626808636801947,0.93401317151936,0.8943993133530505,0.8878415639824229,0.9285246949626924,61,1000,0.2,120,8,0.6,0.15,0.15,4
0.7693821764169517,0.933207725949257,0.9470193958180074,0.946971876420999,0.9467395170448458,0.9510423555907904,0.7986994540983099,0.9545514583169658,0.9582339735119834,0.9275445375310388,0.8807269801137514,0.8794721442532717,0.9285246949626924,62,1000,0.2,120,8,0.6,0.15,0.15,4
0.780963263541928,0.9394405822074332,0.9512368279475836,0.9512058263806588,0.9513642234541109,0.956055129358773,0.8062649282263884,0.96544023072343,0.9673709006533356,0.9345663583555852,0.8915693780676972,0.8793070123052297,0.9285246949626924,63,1000,0.2,120,8,0.6,0.15,0.15,4
0.7633060225394429,0.9258153823388477,0.9369349015056639,0.936908269898459,0.937168581753611,0.9407810866393004,0.7936401978834942,0.9467087013498642,0.949883866824145,0.9142812816795073,0.8844803195328022,0.8653680255694418,0.9285246949626924,64,1000,0.2,120,8,0.6,0.15,0.15,4
0.773163224528318,0.9385412402710954,0.9510780292254815,0.9506476354050135,0.9504188748137018,0.9541386637385311,0.8091944347609209,0.9577949867824964,0.9615796586891978,0.9241396476115168,0.9014974101466862,0.8818037549937627,0.9285246949626924,65,1000,0.2,120,8,0.6,0.15,0.15,4
0.7851930692992811,0.9364002980697319,0.9460403390794296,0.9455422041399089,0.9451820751772348,0.9494226927023135,0.808785717376121,0.9541098740041164,0.9569284215438436,0.9262960200196549,0.8988135155849213,0.8957450313985327,0.9285246949626924,66,1000,0.2,120,8,0.6,0.15,0.15,4
0.7794714505858563,0.9369706518211584,0.946253418949243,0.9458752816795811,0.9461497329053543,0.9514223341749904,0.8068057467612694,0.9500402223406919,0.9542175329178048,0.9211033683482411,0.8933250625862437,0.8884323082494567,0.9285246949626924,67,1000,0.2,120,8,0.6,0.15,0.15,4
0.7759365435253843,0.9294049490856637,0.9427504667081519,0.9416567308103384,0.9419834067240809,0.945031854117878,0.7993660646566944,0.9464015970206682,0.9488012448717522,0.9221946248204816,0.8935286896861853,0.8821783593090661,0.9285246949626924,68,1000,0.2,120,8,0.6,0.15,0.15,4
0.7781962447049673,0.9377586572212427,0.9473436022014655,0.9470429766401413,0.9468883279138831,0.9505791811595649,0.807125577367289,0.9499114455377772,0.954027028743176,0.9212987332583118,0.890597733225455,0.8852767571443616,0.9285246949626924,69,1000,0.2,120,8,0.6,0.15,0.15,4
0.7809703179837788,0.9312624221175104,0.9429175267453718,0.9430726797915157,0.9432173007641312,0.9471524930149435,0.8001417149004754,0.957387328023673,0.9614164312634461,0.9225707309190765,0.8889406499128032,0.8746614011500049,0.9285246949626924,70,1000,0.2,120,8,0.6,0.15,0.15,4
0.7740036778034959,0.9323485530551643,0.9427859400507103,0.9426192993362861,0.9427905255973016,0.9485485086436578,0.7983227826735805,0.9627406777789095,0.9660491008621218,0.9319449273903089,0.8836190226424534,0.8714932764179193,0.9285246949626924,71,1000,0.2,120,8,0.6,0.15,0.15,4
0.7643121738651943,0.9250078734810621,0.940116273851184,0.9402284733954392,0.9395187868868198,0.9438109560610974,0.7966719859007125,0.9367400432173132,0.9412684168234533,0.9017801286997068,0.8913807919843865,0.8881451522577085,0.9285246949626924,72,1000,0.2,120,8,0.6,0.15,0.15,4
0.76746572265625,0.934126953125,0.944007421875,0.94229404296875,0.943051171875,0.94874228515625,0.78972236328125,0.954728125,0.95564267578125,0.9190275390625,0.88754912109375,0.89060224609375,0.9285246949626924,73,1000,0.2,120,8,0.6,0.15,0.15,4
0.7698721824021959,0.9389928486072542,0.950534290428346,0.9504337159932066,0.9502934121543354,0.9538290288642625,0.8094849998483878,0.9633165505790836,0.9647554154829989,0.9357425430561158,0.9070458045999844,0.8965800589015931,0.9285246949626924,74,1000,0.2,120,8,0.6,0.15,0.15,4
0.7792259671739604,0.9277386641999418,0.940799385276491,0.9407925332628555,0.9378291352514078,0.9442310694769711,0.8030139071405323,0.9603280156813226,0.961749319081145,0.936799179716082,0.890120424139644,0.8782685940402164,0.9285246949626924,75,1000,0.2,120,8,0.6,0.15,0.15,4
0.785331820365441,0.935732500990166,0.9477951329544014,0.9476195719473827,0.9476294424625152,0.9516796118951782,0.8051570854151257,0.9508411930903711,0.9542862903623811,0.9046733439264085,0.874352846383448,0.8772266037406953,0.9285246949626924,76,1000,0.2,120,8,0.6,0.15,0.15,4
0.7742789594222909,0.9388563538765715,0.9488217342231281,0.9484275374570091,0.9485337915369311,0.9516485232444009,0.7973490096258761,0.9624212780545993,0.9652859310988277,0.9323596898241857,0.8961837956853408,0.8867010593316521,0.9285246949626924,77,1000,0.2,120,8,0.6,0.15,0.15,4
0.7676832295550268,0.9316240233086489,0.9435193177244753,0.9427113711579752,0.9421425416682473,0.9464394326293974,0.7954959002441003,0.9438803338004178,0.9471975468850369,0.9255186387958095,0.8894340970614442,0.8862125503113739,0.9285246949626924,78,1000,0.2,120,8,0.6,0.15,0.15,4
0.7853573903465008,0.9389883734999395,0.9499427238914441,0.9499585357115359,0.950168214195361,0.9532654649421504,0.8128343070533681,0.9558089091454782,0.9579927080992661,0.9216106921688082,0.8892277899907447,0.8815683872022074,0.9285246949626924,79,1000,0.2,120,8,0.6,0.15,0.15,4
0.7837353705318458,0.936577069547038,0.9447296339868116,0.9447016465886945,0.9442655661259901,0.9466828444803234,0.8073110250205402,0.9532487461839327,0.9563495368424559,0.9140002455918396,0.8915775944318055,0.8856403923426479,0.9285246949626924,80,1000,0.2,120,8,0.6,0.15,0.15,4
0.7766467547443533,0.9318615295612158,0.9433698083237196,0.9432011824427977,0.9425938764299042,0.9453288442932538,0.8017523671563074,0.9476151156084064,0.9509041955072192,0.9092513662440355,0.8747850725057251,0.8739980544813301,0.9285246949626924,81,1000,0.2,120,8,0.6,0.15,0.15,4
0.7534295501986806,0.9233170816857428,0.936364011045625,0.9355362195160387,0.9359705773254362,0.9410395397494612,0.7883423561898897,0.9461005500992797,0.9502644307114925,0.9157792911501658,0.8690712316744692,0.8666341148832282,0.9285246949626924,82,1000,0.2,120,8,0.6,0.15,0.15,4
0.7758355260117561,0.9330330558301797,0.945123490026916,0.9452373129237643,0.9454559701281822,0.94984210859017,0.8000848835474523,0.9334699794307859,0.9383513696216361,0.90261000299066,0.8769590117397815,0.8792551077902833,0.9285246949626924,83,1000,0.2,120,8,0.6,0.15,0.15,4
0.7770252901470174,0.9341804365526457,0.9469116943167013,0.9468775195194884,0.9466781499299167,0.9487250509035099,0.8010238689537013,0.9512832785805921,0.9540080959397153,0.9240720695659382,0.898500254467732,0.8956667353483777,0.9285246949626924,84,1000,0.2,120,8,0.6,0.15,0.15,4
0.7730031401372943,0.931772840288853,0.9417296510188111,0.941215243038702,0.9413475844716743,0.945690483501897,0.8014837891650405,0.93648799912829,0.939185644520609,0.9076876900674584,0.8804996483442462,0.868337114045428,0.9285246949626924,85,1000,0.2,120,8,0.6,0.15,0.15,4
0.7782442351874161,0.9391402353809848,0.9470693283910897,0.9471479656368895,0.9475735433864906,0.952306900681744,0.8088709057410653,0.9481015641982377,0.9522374345291268,0.9251456350084433,0.8887530786579295,0.8755442653544588,0.9285246949626924,86,1000,0.2,120,8,0.6,0.15,0.15,4
0.7756271057026962,0.9319998091147698,0.9457434502505369,0.9453237890718206,0.9447183011214507,0.9479833929849678,0.8039171558100692,0.9478734430923408,0.9507643044619423,0.9256505845860177,0.8953003101884992,0.886379002624672,0.9285246949626924,87,1000,0.2,120,8,0.6,0.15,0.15,4
0.7756420901932713,0.9360154617036507,0.9480756859937962,0.9481462180863756,0.9485307563827249,0.9513738964447626,0.8055239322357433,0.9652271057026962,0.9676195657361012,0.9257014554998807,0.8849587210689573,0.882927797661656,0.9285246949626924,88,1000,0.2,120,8,0.6,0.15,0.15,4
0.7780724609375,0.93869443359375,0.94981669921875,0.94993291015625,0.95008173828125,0.95382451171875,0.805645703125,0.9500625,0.9555826171875,0.92453583984375,0.87262744140625,0.86988818359375,0.9285246949626924,89,1000,0.2,120,8,0.6,0.15,0.15,4
0.7813538845191281,0.9345443372520121,0.9452394441780734,0.9444608604002915,0.9439150966109785,0.9481568531995439,0.8110220552316878,0.9511415387635964,0.9517060340684097,0.9309266049206613,0.8944703683606462,0.888610051919642,0.9285246949626924,90,1000,0.2,120,8,0.6,0.15,0.15,4
0.7920133325593096,0.9369993033786137,0.9468302759394713,0.9461421688145826,0.9463407059096715,0.9505138550253492,0.8190770734161539,0.9400668563024885,0.9417437787840087,0.9132419017763845,0.8758276249080846,0.8717766747939162,0.9285246949626924,91,1000,0.2,120,8,0.6,0.15,0.15,4
0.7722532062472764,0.9332498543273947,0.9448213050486819,0.9446569762968342,0.9444827878198756,0.9481810547121946,0.8002630419997224,0.9499336691826366,0.9544679827659738,0.9092057546768929,0.8841528698179895,0.8802196128105282,0.9285246949626924,92,1000,0.2,120,8,0.6,0.15,0.15,4
0.7717892025823438,0.9330472067358506,0.946385016008307,0.9463687913728205,0.9458772235476633,0.9491884012398711,0.7959715388989499,0.9572669176592024,0.9607184191333263,0.9160992229172203,0.8879026413706572,0.8886061917844627,0.9285246949626924,93,1000,0.2,120,8,0.6,0.15,0.15,4
0.7690511485658807,0.932914799422369,0.9458007624910452,0.9441162509478079,0.9445748146069475,0.9485259099275642,0.797812237685522,0.9428809686845334,0.9465747299097386,0.901881525897842,0.8727441139124402,0.8698877938843309,0.9285246949626924,94,1000,0.2,120,8,0.6,0.15,0.15,4
0.7804162592268546,0.9402940818684995,0.9504356291884423,0.9504222752998679,0.9504376761348661,0.9536687323280292,0.8087945396047093,0.9521421976640637,0.955612941536091,0.918251880461448,0.8910573199583904,0.8904426511894123,0.9285246949626924,95,1000,0.2,120,8,0.6,0.15,0.15,4
0.7806483902371218,0.9369057888814171,0.9475496969859849,0.9461340794563083,0.9461052355108149,0.9503496270123452,0.8076683745629478,0.9553526241247019,0.9576093429181862,0.9188636548665396,0.8881102008040668,0.8812100005601435,0.9285246949626924,96,1000,0.2,120,8,0.6,0.15,0.15,4
0.781569276192256,0.9331758258280777,0.945337858597791,0.945004366449517,0.9450397441118303,0.9506190321825211,0.804185600445451,0.9510415452962898,0.9550065352540328,0.932759369216281,0.8849325190318365,0.8831130689314524,0.9285246949626924,97,1000,0.2,120,8,0.6,0.15,0.15,4
0.7726305404185185,0.9309210460057326,0.9439621150814254,0.9439008241093937,0.9440137184350295,0.9488215587684984,0.8023518660031639,0.9420502971557057,0.9455867574668279,0.917591074883468,0.8721327407068643,0.8708633749418143,0.9285246949626924,98,1000,0.2,120,8,0.6,0.15,0.15,4
0.7706033139429171,0.9381041416066432,0.9486908540377241,0.9487607489227081,0.9487066049977205,0.9535032645341245,0.7984690263770499,0.9416867959013245,0.9427360067240849,0.9044104755303423,0.8723487073531683,0.8641525968755411,0.9285246949626924,99,1000,0.2,120,8,0.6,0.15,0.15,4
0.7757935457892314,0.9344167050161067,0.94501955821445,0.9435878777419849,0.9434391777880043,0.9490115431814695,0.8016897722043258,0.9683463721429667,0.9698001994170885,0.94308981438871,0.9324155353581838,0.9292525694124866,0.9285246949626924,0,1000,0.2,120,8,0.8,0.15,0.15,5
0.7739366108521555,0.9320769383205204,0.9449315921040832,0.9451243444770391,0.944437799508196,0.948599596913245,0.8104949827778019,0.9689831111315873,0.9733675877335856,0.9467922726971579,0.9154781829023132,0.9206834814071239,0.9285246949626924,1,1000,0.2,120,8,0.8,0.15,0.15,5
0.7702697483675744,0.9365510033444816,0.9459358576206403,0.9458067566491479,0.9456906951743909,0.9505093366778149,0.8026743908265648,0.9677093287147635,0.9695029065137761,0.9429698200350374,0.9187025203057811,0.9132821707278229,0.9285246949626924,2,1000,0.2,120,8,0.8,0.15,0.15,5
0.7728202089444347,0.932965963546597,0.9436927941462119,0.9437556397540268,0.943658273319384,0.9470323645045253,0.7977702102967463,0.9655392649817683,0.9664910956428521,0.9471499910255685,0.9339197612063603,0.9260554054353091,0.9285246949626924,3,1000,0.2,120,8,0.8,0.15,0.15,5
0.7676506235359974,0.9262855611243191,0.9402249904388211,0.9401070910116788,0.9400859891437665,0.9447970295539404,0.7962740489906,0.9634345284056793,0.9685411804404269,0.9496560734321772,0.9217177811018059,0.9297281663183407,0.9285246949626924,4,1000,0.2,120,8,0.8,0.15,0.15,5
0.7745116326830814,0.9328098091529174,0.944040776202637,0.9440765016473237,0.9439303787219251,0.9487865989366897,0.8036736494293348,0.9695763674816851,0.9737787925365837,0.9526985351298742,0.934083138185532,0.923170186159826,0.9285246949626924,5,1000,0.2,120,8,0.8,0.15,0.15,5
0.7779335934983367,0.9352664085444325,0.9481120883230593,0.9483072317176076,0.9481826031480647,0.9521406650942581,0.8021419811090981,0.9727698851806516,0.9761605875947335,0.9499757224725051,0.9334562006690855,0.9262186100997657,0.9285246949626924,6,1000,0.2,120,8,0.8,0.15,0.15,5
0.7816487874682514,0.9361561403551908,0.9472155904315349,0.9472477508599473,0.9476891453636612,0.9510022595897333,0.8110766613147911,0.9669682895225357,0.9700313982164239,0.9473323318031722,0.9340552874153883,0.9321891957680023,0.9285246949626924,7,1000,0.2,120,8,0.8,0.15,0.15,5
0.7846409073079492,0.9375337816660181,0.9471402679805989,0.947102910726627,0.9475327147350212,0.9525748682887865,0.8095405928126794,0.9715591988766223,0.9762756010875068,0.954203527209332,0.9397558537203375,0.9377627170889193,0.9285246949626924,8,1000,0.2,120,8,0.8,0.15,0.15,5
0.7791722018029077,0.9423173770395973,0.9535670147286992,0.9531511914243751,0.9531926958122949,0.9559290625707876,0.8150210810139347,0.9675939389953697,0.9701217121047158,0.9515452833819256,0.9300007063540198,0.9258771577288526,0.9285246949626924,9,1000,0.2,120,8,0.8,0.15,0.15,5
0.7884758745628293,0.9359268606512664,0.9448348812126297,0.9448593557098555,0.9450019246306863,0.9488603390672968,0.8071073343004408,0.9752359873803125,0.9788213022442218,0.9612384652739219,0.9376839504703829,0.9287068839696918,0.9285246949626924,10,1000,0.2,120,8,0.8,0.15,0.15,5
0.7782148054298642,0.9393659366515837,0.9495844102564103,0.949751891402715,0.9497333574660634,0.9524759939668175,0.802763294117647,0.9757381116138764,0.9780702021116139,0.9508428838612368,0.9374747028657617,0.9341430346907994,0.9285246949626924,11,1000,0.2,120,8,0.8,0.15,0.15,5
0.7818247102819202,0.934403855990347,0.9436496199898293,0.9424466468840035,0.941707586016526,0.9461414575927052,0.811363352078389,0.9699052361267879,0.9733309204763201,0.9445954125506673,0.9341077775049657,0.9343766076869241,0.9285246949626924,12,1000,0.2,120,8,0.8,0.15,0.15,5
0.7638569604086846,0.9304851193931654,0.942044970780603,0.9421376601261658,0.9421484964588412,0.9460450288323852,0.7913623785750222,0.9708214327179845,0.9747304462246991,0.9506742714501335,0.9267391346414335,0.9241249661364603,0.9285246949626924,13,1000,0.2,120,8,0.8,0.15,0.15,5
0.7727285664976662,0.9351846543816305,0.9446903772383002,0.944570411923009,0.9448892169923002,0.9498952884198694,0.8063299793824021,0.9792252545730137,0.9819267291541974,0.9532322684849814,0.9336706059120351,0.9249971236386392,0.9285246949626924,14,1000,0.2,120,8,0.8,0.15,0.15,5
0.7808047747780819,0.9392249748271053,0.9489907948714001,0.9489029709739059,0.9487667945935214,0.9524060590200274,0.8037963803923379,0.970777042162181,0.9759430609055769,0.9429212754477144,0.9285656206347083,0.9199771342095198,0.9285246949626924,15,1000,0.2,120,8,0.8,0.15,0.15,5
0.7650224672571404,0.9352591653738465,0.9465801945102015,0.9465588513885198,0.9474552624991501,0.9516557047363574,0.7978081096908975,0.9731884035576762,0.9778839869028562,0.9531210404163396,0.9281467873676533,0.919085135298008,0.9285246949626924,16,1000,0.2,120,8,0.8,0.15,0.15,5
0.766383050193147,0.9352216364725671,0.9464306287742624,0.9465251843105994,0.9466693739831896,0.9513545356325469,0.794232413096393,0.958454623620334,0.9615885931730501,0.9244950478668602,0.9200432167933841,0.9192494716972619,0.9285246949626924,17,1000,0.2,120,8,0.8,0.15,0.15,5
0.7752488940732353,0.935524302323038,0.9475246726715462,0.9472455129951076,0.9476443268011967,0.9511302770792127,0.804129585622168,0.9728266270589524,0.9741878675706446,0.9489901860641692,0.9390068567409471,0.934619405482776,0.9285246949626924,18,1000,0.2,120,8,0.8,0.15,0.15,5
0.7773387490078516,0.93413412800758,0.9447387371543653,0.9440213300773692,0.9440314016670031,0.9473599651987842,0.8094994652373273,0.963657443543898,0.9692021441639593,0.9397323823686752,0.9172103711032148,0.9219074118764959,0.9285246949626924,19,1000,0.2,120,8,0.8,0.15,0.15,5
0.7818129324927814,0.934577130390469,0.9440416014198836,0.9438993738234924,0.9435570341278311,0.9472703604683921,0.8043048633829427,0.9738852696713286,0.9784741624766295,0.9516681634524548,0.937992721555976,0.9339414145979039,0.9285246949626924,20,1000,0.2,120,8,0.8,0.15,0.15,5
0.76843019857289,0.9376538951682221,0.9485918444792588,0.9484641713977727,0.9485606136793261,0.9529184887906963,0.7979157074817211,0.9810314138634896,0.9848213401823721,0.9524692759639907,0.9209697732997482,0.9167107957214983,0.9285246949626924,21,1000,0.2,120,8,0.8,0.15,0.15,5
0.7706353307573311,0.9317129608184436,0.9406661985094971,0.9406375278648922,0.9405655586957822,0.9446934488844827,0.8007381423236153,0.9552231819520047,0.9600230769433309,0.9296732492451283,0.9179391540658046,0.9228471003299952,0.9285246949626924,22,1000,0.2,120,8,0.8,0.15,0.15,5
0.7681383075898911,0.9268207936222899,0.9391622010204929,0.9391547999350263,0.9394440265644434,0.9450159727110293,0.7965279949953081,0.9695077226431535,0.9732041753028894,0.9527983114618274,0.9253885862018058,0.927847888996183,0.9285246949626924,23,1000,0.2,120,8,0.8,0.15,0.15,5
0.7761526045784013,0.9321940691979939,0.9432968105959793,0.9431878555591906,0.9440911248312313,0.9480060355075054,0.804853185270909,0.9641714507921022,0.9685652591189448,0.9456787830876946,0.9308184997308626,0.9333016655470396,0.9285246949626924,24,1000,0.2,120,8,0.8,0.15,0.15,5
0.7749340089203209,0.936805762620208,0.947409901736953,0.9473736623866342,0.9476805795653396,0.9536954373103446,0.8024554151547911,0.9719339347899609,0.9746197272838296,0.9537406150526991,0.9297660987970188,0.9246946300375247,0.9285246949626924,25,1000,0.2,120,8,0.8,0.15,0.15,5
0.7722617003565855,0.933661548437926,0.9447458982917347,0.943898609329793,0.9441175467861902,0.9499122993069126,0.8058169580284728,0.9755759528430643,0.9798279857583045,0.9563064396274181,0.9284494893588049,0.9210085323255572,0.9285246949626924,26,1000,0.2,120,8,0.8,0.15,0.15,5
0.7722653956278138,0.9360970347006213,0.94672119979344,0.9468982789093051,0.947216458854077,0.9505031868907148,0.7980926659086336,0.9670415617097929,0.9711276671572062,0.950804008039353,0.9214337007935103,0.9202734737714894,0.9285246949626924,27,1000,0.2,120,8,0.8,0.15,0.15,5
0.7795737116493323,0.9309559444062181,0.942792177249063,0.9423586667357552,0.9428554414657375,0.946537519295586,0.8014152305689481,0.9643740116221386,0.9684213147790431,0.9492868013973559,0.9315353642954435,0.9320466998372001,0.9285246949626924,28,1000,0.2,120,8,0.8,0.15,0.15,5
0.7764190602293516,0.9407349551387323,0.949893675754329,0.9498301229415517,0.9501031466050321,0.9535664824804779,0.8082078457701899,0.9744594696810195,0.9770391095432152,0.955915987080454,0.9337955143411016,0.9276747546393553,0.9285246949626924,29,1000,0.2,120,8,0.8,0.15,0.15,5
0.7773326479487465,0.9352873250206565,0.9456533149668858,0.9453593988655516,0.9454526579118728,0.9500644775420983,0.807570368453612,0.9728052553554709,0.9761015704319821,0.9566907119413027,0.9388253582483801,0.938634385414169,0.9285246949626924,30,1000,0.2,120,8,0.8,0.15,0.15,5
0.7632250064548225,0.9314228239376307,0.9436398547507494,0.9436138780258948,0.9432149778646818,0.9472215924834378,0.7976049066097383,0.9754621298710295,0.9781707938172246,0.9483054319693192,0.9314115083188493,0.9268801441786947,0.9285246949626924,31,1000,0.2,120,8,0.8,0.15,0.15,5
0.775355181475227,0.9346846090509503,0.946464664457304,0.9464674872398063,0.9471351239702805,0.9525200196115248,0.8012541135971389,0.9636509323796612,0.9658865761215377,0.9459890742743186,0.9361253961750908,0.9319499168301204,0.9285246949626924,32,1000,0.2,120,8,0.8,0.15,0.15,5
0.7727155942381514,0.9315648398008437,0.9433971532818973,0.9434120709969215,0.943809053247691,0.947437478621109,0.8019343620538938,0.9604908593363992,0.9639778039603207,0.9398851240925848,0.9275923568089393,0.9270925658469842,0.9285246949626924,33,1000,0.2,120,8,0.8,0.15,0.15,5
0.7877014618527333,0.9354214204316106,0.9467835594445134,0.9467842239748101,0.9470013355160306,0.95166719259493,0.814700948075881,0.9679662221148848,0.9722416201780257,0.9437781737112574,0.9242482928216678,0.9275167376195158,0.9285246949626924,34,1000,0.2,120,8,0.8,0.15,0.15,5
0.7747915698107026,0.9361141906340715,0.9477391174273057,0.9477791095673119,0.9478225625655881,0.9511728656406375,0.8002200336779963,0.971401582227493,0.9751644965162616,0.9442384592874247,0.9286764216725097,0.9251542293033946,0.9285246949626924,35,1000,0.2,120,8,0.8,0.15,0.15,5
0.7841371047134201,0.9386542692996601,0.951070131543301,0.9509724805246591,0.9501883016379593,0.9537608531344971,0.8116620423782421,0.9741030265203492,0.9768924532628712,0.957582179944474,0.9412643976556473,0.938046034740955,0.9285246949626924,36,1000,0.2,120,8,0.8,0.15,0.15,5
0.7776429041867245,0.9396237616349352,0.9502317431579738,0.9501551029921008,0.9502279111496801,0.9536012575275628,0.8035219300430531,0.9730556758380381,0.9774295694070537,0.940410895441099,0.9246913096242068,0.9290180400142236,0.9285246949626924,37,1000,0.2,120,8,0.8,0.15,0.15,5
0.7682388774779748,0.9343441934563217,0.9452817105142085,0.9452371650610809,0.9452651399955396,0.949517427506905,0.797489059558733,0.9607474629561181,0.9677346658369711,0.9362096439638864,0.9177821549940034,0.9184704163605995,0.9285246949626924,38,1000,0.2,120,8,0.8,0.15,0.15,5
0.7777282415818476,0.9352978980960531,0.9450977171837828,0.9448778618922445,0.94472614718113,0.9492378883758285,0.8029417123339595,0.9701050190002535,0.9752742876761354,0.9479838881500522,0.9226426780762341,0.92293251820892,0.9285246949626924,39,1000,0.2,120,8,0.8,0.15,0.15,5
0.784130335640986,0.9323665001998247,0.9456798188363759,0.945681631761809,0.944835902047236,0.9471746765741027,0.8108749137853238,0.9694988389219782,0.9728657436056105,0.9536402736953383,0.9338316461040636,0.9310036838644802,0.9285246949626924,40,1000,0.2,120,8,0.8,0.15,0.15,5
0.7700469722181269,0.9347518304236195,0.9447545670582468,0.9447370783899756,0.9442670337919175,0.9492517927594764,0.7926732054745589,0.9697129484243541,0.9748974103971989,0.9463269839697304,0.925462123403756,0.9201888502607521,0.9285246949626924,41,1000,0.2,120,8,0.8,0.15,0.15,5
0.7746397106980024,0.9324200743406635,0.9468387309818888,0.9461546772273861,0.9460422098163682,0.9502035040240309,0.8022157752714174,0.9760307643139625,0.9784723796569184,0.9601048672510643,0.9357566075341948,0.9308914818383335,0.9285246949626924,42,1000,0.2,120,8,0.8,0.15,0.15,5
0.7732538584562251,0.9333591381391104,0.9445998292761899,0.944637015669306,0.9449698289818386,0.9494952854717962,0.8013224227082291,0.973741794954817,0.9768286580519825,0.9523806159793562,0.9286355831591754,0.9298385973174776,0.9285246949626924,43,1000,0.2,120,8,0.8,0.15,0.15,5
0.7808571172810383,0.9295263201166709,0.9424514460158686,0.9425692964244167,0.9427524592028202,0.949080171318188,0.8032420676205858,0.9667897164521091,0.9713046261135759,0.9466394096376469,0.9222413975925092,0.9189102746346733,0.9285246949626924,44,1000,0.2,120,8,0.8,0.15,0.15,5
0.768112489020115,0.9338136852972465,0.9445740708149549,0.943951320807491,0.9438407362769116,0.947994334457904,0.8003262734702408,0.9680522666096787,0.9724103381411742,0.93855732953483,0.9237939018622199,0.9224173896236747,0.9285246949626924,45,1000,0.2,120,8,0.8,0.15,0.15,5
0.7759712234750636,0.9297326301382923,0.9411807578164919,0.9410902451583114,0.9413269175387333,0.9447890513367311,0.8026735410324707,0.9653637899728127,0.9695366303447281,0.9492691816907174,0.931291141893513,0.9293287210945511,0.9285246949626924,46,1000,0.2,120,8,0.8,0.15,0.15,5
0.7721926690745393,0.9330616393856538,0.9449358850009854,0.9444024272711598,0.9444850824280717,0.9485563540742931,0.7995395944181692,0.9752191371994777,0.9778229189760075,0.9611109892292344,0.9376404848999902,0.9275976427788452,0.9285246949626924,47,1000,0.2,120,8,0.8,0.15,0.15,5
0.7713771342383107,0.9345859185520362,0.9471564645550528,0.9471419849170437,0.9472855263951735,0.9525322714932126,0.806366407239819,0.9750452126696832,0.9776846576168929,0.9523862202111614,0.9367932911010558,0.9275316319758673,0.9285246949626924,48,1000,0.2,120,8,0.8,0.15,0.15,5
0.7792738120916863,0.9302440541444555,0.9443251990227255,0.9441381430121976,0.9444905798344836,0.9473936241877648,0.8056102289368868,0.9678401160950382,0.9697610925216841,0.9543139326936381,0.9390872487861173,0.9389138471959597,0.9285246949626924,49,1000,0.2,120,8,0.8,0.15,0.15,5
0.7771285143573705,0.9371538901392842,0.9497109414265119,0.9496762367088623,0.9500384732077657,0.9540869083037911,0.8060146640410288,0.9733266846400572,0.9784848054863063,0.9432226973852447,0.9191099364701784,0.9165099666950073,0.9285246949626924,50,1000,0.2,120,8,0.8,0.15,0.15,5
0.7810493827160494,0.933791727582846,0.9445929783950617,0.9447057748538011,0.9447364359974009,0.9504193063677713,0.8066204718973359,0.9644801819363222,0.9681369801819363,0.9524161387264457,0.9334984161793373,0.9353262061403509,0.9285246949626924,51,1000,0.2,120,8,0.8,0.15,0.15,5
0.7843036746833676,0.9363551379675239,0.9443134062292733,0.9443645470993125,0.9442362515062661,0.9482620923276969,0.8126476397010417,0.9599518704305164,0.9660054122609398,0.935192397569715,0.9260182772936804,0.9160951748342775,0.9285246949626924,52,1000,0.2,120,8,0.8,0.15,0.15,5
0.7808196108202194,0.934621539742217,0.946057315158241,0.9457282602185876,0.9460493557172228,0.9511791183870756,0.8073905545313438,0.9706889701851958,0.9762015625547515,0.9572476097653023,0.9297172622124276,0.9262987793614801,0.9285246949626924,53,1000,0.2,120,8,0.8,0.15,0.15,5
0.7817868462398205,0.9385680729357794,0.9475529068474179,0.9475431549274842,0.9470251329406105,0.950806049818073,0.7992528273985261,0.9722693429575682,0.9737300830444245,0.9557544665499882,0.9345113717625942,0.9301859076760385,0.9285246949626924,54,1000,0.2,120,8,0.8,0.15,0.15,5
0.7793322065994194,0.9299129631008214,0.9411369737772649,0.9411145825578798,0.941515298146356,0.9459682428534206,0.8044760919935978,0.9638525265825455,0.9675500826633415,0.941463827421276,0.9201244137571651,0.9240609064430879,0.9285246949626924,55,1000,0.2,120,8,0.8,0.15,0.15,5
0.7761382438770694,0.935528791979274,0.9462409107106741,0.9461929481561383,0.9461322726353402,0.9497176180524121,0.806396548237039,0.968841097552754,0.971370688907937,0.9528241084069305,0.934849033525633,0.9279599541562732,0.9285246949626924,56,1000,0.2,120,8,0.8,0.15,0.15,5
0.7876122623390651,0.9334170506419756,0.9455536954993768,0.9457740249510295,0.9458537416444046,0.9502957055760004,0.8163852588560664,0.9704165340107971,0.973911258667466,0.9535743378858561,0.9300741719982748,0.9221959160418661,0.9285246949626924,57,1000,0.2,120,8,0.8,0.15,0.15,5
0.7723057270369437,0.9343510326691716,0.9457670678198814,0.9458195582056004,0.9456120916353548,0.9505345766741554,0.8004318413780847,0.9660888118134268,0.9697214919629255,0.9424428046716635,0.9202709425123761,0.920874054165472,0.9285246949626924,58,1000,0.2,120,8,0.8,0.15,0.15,5
0.7758041106089206,0.9369250399203849,0.9486350863207819,0.9486815117856006,0.9487860944201705,0.9521955083613466,0.8063221857068729,0.9670761232230102,0.9705497105928772,0.9481116717930206,0.9275505052404122,0.9207555418518546,0.9285246949626924,59,1000,0.2,120,8,0.8,0.15,0.15,5
0.7790555214752366,0.9364764959113918,0.9472254134964244,0.9469691994610331,0.9471662128919408,0.9502862682411259,0.8103158550228381,0.9806335797417656,0.9826633009561718,0.9553933585613539,0.9174218204350056,0.913967904580601,0.9285246949626924,60,1000,0.2,120,8,0.8,0.15,0.15,5
0.7747677874565587,0.9362868603537429,0.9467438065868923,0.9466532028423689,0.946472298714074,0.9509493978086837,0.8079363419708903,0.9780751072683618,0.9800355255664353,0.9614711621224574,0.9397748011571393,0.9359928026650445,0.9285246949626924,61,1000,0.2,120,8,0.8,0.15,0.15,5
0.7693821764169517,0.933207725949257,0.9470193958180074,0.946971876420999,0.9467395170448458,0.9510423555907904,0.7986994540983099,0.9732200105228324,0.9771174581407917,0.9558216260871014,0.9280186839793447,0.9289666911881992,0.9285246949626924,62,1000,0.2,120,8,0.8,0.15,0.15,5
0.780963263541928,0.9394405822074332,0.9512368279475836,0.9512058263806588,0.9513642234541109,0.956055129358773,0.8062649282263884,0.9805284242003216,0.9834585208504477,0.9615480886636839,0.9348014120366425,0.9261199764627331,0.9285246949626924,63,1000,0.2,120,8,0.8,0.15,0.15,5
0.7633060225394429,0.9258153823388477,0.9369349015056639,0.936908269898459,0.937168581753611,0.9407810866393004,0.7936401978834942,0.967414727530574,0.9706191393516763,0.9475424159186897,0.9292134785759857,0.9171657268453186,0.9285246949626924,64,1000,0.2,120,8,0.8,0.15,0.15,5
0.773163224528318,0.9385412402710954,0.9510780292254815,0.9506476354050135,0.9504188748137018,0.9541386637385311,0.8091944347609209,0.976844974413229,0.9805664841035682,0.9561713939131867,0.9449250778697004,0.932220969774855,0.9285246949626924,65,1000,0.2,120,8,0.8,0.15,0.15,5
0.7851930692992811,0.9364002980697319,0.9460403390794296,0.9455422041399089,0.9451820751772348,0.9494226927023135,0.808785717376121,0.9727349829409547,0.9753270616103491,0.9532647443306488,0.9399383309331174,0.9392370983243814,0.9285246949626924,66,1000,0.2,120,8,0.8,0.15,0.15,5
0.7794714505858563,0.9369706518211584,0.946253418949243,0.9458752816795811,0.9461497329053543,0.9514223341749904,0.8068057467612694,0.9698206231440726,0.9738449691501335,0.9506709874883831,0.9366899653531726,0.9332149240723493,0.9285246949626924,67,1000,0.2,120,8,0.8,0.15,0.15,5
0.7759365435253843,0.9294049490856637,0.9427504667081519,0.9416567308103384,0.9419834067240809,0.945031854117878,0.7993660646566944,0.9688834512177164,0.9730259313974643,0.9547352470346813,0.9382346002143929,0.9314458571041768,0.9285246949626924,68,1000,0.2,120,8,0.8,0.15,0.15,5
0.7781962447049673,0.9377586572212427,0.9473436022014655,0.9470429766401413,0.9468883279138831,0.9505791811595649,0.807125577367289,0.96555524818519,0.9698916755529463,0.9473414824058408,0.9317931669158872,0.9297401448533433,0.9285246949626924,69,1000,0.2,120,8,0.8,0.15,0.15,5
0.7809703179837788,0.9312624221175104,0.9429175267453718,0.9430726797915157,0.9432173007641312,0.9471524930149435,0.8001417149004754,0.9764223930996975,0.9803992260486264,0.9546225612032933,0.9332506435535762,0.9244900062812116,0.9285246949626924,70,1000,0.2,120,8,0.8,0.15,0.15,5
0.7740036778034959,0.9323485530551643,0.9427859400507103,0.9426192993362861,0.9427905255973016,0.9485485086436578,0.7983227826735805,0.9775898484193913,0.9809841285451641,0.9596109934479369,0.9277955931141091,0.9211630390114889,0.9285246949626924,71,1000,0.2,120,8,0.8,0.15,0.15,5
0.7643121738651943,0.9250078734810621,0.940116273851184,0.9402284733954392,0.9395187868868198,0.9438109560610974,0.7966719859007125,0.9600027162046192,0.9646668024768976,0.9361136770659059,0.9352410573060636,0.9356369753500529,0.9285246949626924,72,1000,0.2,120,8,0.8,0.15,0.15,5
0.76746572265625,0.934126953125,0.944007421875,0.94229404296875,0.943051171875,0.94874228515625,0.78972236328125,0.97400322265625,0.97538681640625,0.95236240234375,0.937914453125,0.93885185546875,0.9285246949626924,73,1000,0.2,120,8,0.8,0.15,0.15,5
0.7698721824021959,0.9389928486072542,0.950534290428346,0.9504337159932066,0.9502934121543354,0.9538290288642625,0.8094849998483878,0.9786032642758906,0.9802504833827516,0.9618952987105757,0.945236069214826,0.9399924884406949,0.9285246949626924,74,1000,0.2,120,8,0.8,0.15,0.15,5
0.7792259671739604,0.9277386641999418,0.940799385276491,0.9407925332628555,0.9378291352514078,0.9442310694769711,0.8030139071405323,0.9768954994506154,0.9782432905327196,0.9645785155112458,0.9318401816762473,0.9251178668702693,0.9285246949626924,75,1000,0.2,120,8,0.8,0.15,0.15,5
0.785331820365441,0.935732500990166,0.9477951329544014,0.9476195719473827,0.9476294424625152,0.9516796118951782,0.8051570854151257,0.968292838826275,0.9710250549131255,0.9366717332116673,0.9226895256297508,0.9275696808057483,0.9285246949626924,76,1000,0.2,120,8,0.8,0.15,0.15,5
0.7742789594222909,0.9388563538765715,0.9488217342231281,0.9484275374570091,0.9485337915369311,0.9516485232444009,0.7973490096258761,0.9788379247619361,0.9811638715777576,0.9572517137628581,0.9398841615281176,0.9344838908639493,0.9285246949626924,77,1000,0.2,120,8,0.8,0.15,0.15,5
0.7676832295550268,0.9316240233086489,0.9435193177244753,0.9427113711579752,0.9421425416682473,0.9464394326293974,0.7954959002441003,0.9663386153307397,0.9692561947364793,0.9528410804698202,0.93471031092924,0.9326194992954725,0.9285246949626924,78,1000,0.2,120,8,0.8,0.15,0.15,5
0.7853573903465008,0.9389883734999395,0.9499427238914441,0.9499585357115359,0.950168214195361,0.9532654649421504,0.8128343070533681,0.9722647908282801,0.9741696732040522,0.9497254832327924,0.9320936342594411,0.92760680933577,0.9285246949626924,79,1000,0.2,120,8,0.8,0.15,0.15,5
0.7837353705318458,0.936577069547038,0.9447296339868116,0.9447016465886945,0.9442655661259901,0.9466828444803234,0.8073110250205402,0.9699786249878463,0.9731133104191757,0.9453665651889449,0.9330139541874377,0.9298698750619306,0.9285246949626924,80,1000,0.2,120,8,0.8,0.15,0.15,5
0.7766467547443533,0.9318615295612158,0.9433698083237196,0.9432011824427977,0.9425938764299042,0.9453288442932538,0.8017523671563074,0.9662939814272304,0.9692457123174398,0.9373607365625157,0.9217973651768495,0.9258754080352469,0.9285246949626924,81,1000,0.2,120,8,0.8,0.15,0.15,5
0.7534295501986806,0.9233170816857428,0.936364011045625,0.9355362195160387,0.9359705773254362,0.9410395397494612,0.7883423561898897,0.9667419042793312,0.9707604170959898,0.9483398348005072,0.9213609684074759,0.9202673642510625,0.9285246949626924,82,1000,0.2,120,8,0.8,0.15,0.15,5
0.7758355260117561,0.9330330558301797,0.945123490026916,0.9452373129237643,0.9454559701281822,0.94984210859017,0.8000848835474523,0.9560925000090374,0.9609060849720655,0.9377943701925092,0.9269102632982514,0.9284335360748726,0.9285246949626924,83,1000,0.2,120,8,0.8,0.15,0.15,5
0.7770252901470174,0.9341804365526457,0.9469116943167013,0.9468775195194884,0.9466781499299167,0.9487250509035099,0.8010238689537013,0.9695404914555036,0.9727072895739169,0.9537990617573457,0.9398967941051165,0.9392681970333486,0.9285246949626924,84,1000,0.2,120,8,0.8,0.15,0.15,5
0.7730031401372943,0.931772840288853,0.9417296510188111,0.941215243038702,0.9413475844716743,0.945690483501897,0.8014837891650405,0.9592535982803538,0.9614116749710255,0.9414708125724361,0.9295933670790779,0.9186652930629712,0.9285246949626924,85,1000,0.2,120,8,0.8,0.15,0.15,5
0.7782442351874161,0.9391402353809848,0.9470693283910897,0.9471479656368895,0.9475735433864906,0.952306900681744,0.8088709057410653,0.9705758158663034,0.9743951859175718,0.953149372911869,0.935738442763988,0.9280769700581369,0.9285246949626924,86,1000,0.2,120,8,0.8,0.15,0.15,5
0.7756271057026962,0.9319998091147698,0.9457434502505369,0.9453237890718206,0.9447183011214507,0.9479833929849678,0.8039171558100692,0.9689666428060129,0.9726610355523742,0.9547166785969936,0.9386274397518491,0.9340296826533047,0.9285246949626924,87,1000,0.2,120,8,0.8,0.15,0.15,5
0.7756420901932713,0.9360154617036507,0.9480756859937962,0.9481462180863756,0.9485307563827249,0.9513738964447626,0.8055239322357433,0.9796032450489144,0.9822251491290861,0.9494835600095443,0.9312115485564304,0.9300251968503938,0.9285246949626924,88,1000,0.2,120,8,0.8,0.15,0.15,5
0.7780724609375,0.93869443359375,0.94981669921875,0.94993291015625,0.95008173828125,0.95382451171875,0.805645703125,0.9706130859375,0.97637578125,0.95496162109375,0.92213662109375,0.91981708984375,0.9285246949626924,89,1000,0.2,120,8,0.8,0.15,0.15,5
0.7813538845191281,0.9345443372520121,0.9452394441780734,0.9444608604002915,0.9439150966109785,0.9481568531995439,0.8110220552316878,0.9719996206622934,0.9731928476208866,0.9563208518347912,0.936840075714551,0.9337513370722484,0.9285246949626924,90,1000,0.2,120,8,0.8,0.15,0.15,5
0.7920133325593096,0.9369993033786137,0.9468302759394713,0.9461421688145826,0.9463407059096715,0.9505138550253492,0.8190770734161539,0.9619819845969271,0.9643387902008592,0.9451401950539882,0.9247982700568907,0.9238985641859205,0.9285246949626924,91,1000,0.2,120,8,0.8,0.15,0.15,5
0.7722532062472764,0.9332498543273947,0.9448213050486819,0.9446569762968342,0.9444827878198756,0.9481810547121946,0.8002630419997224,0.9704959325733998,0.9745917783812187,0.9426242296364777,0.9305852152841979,0.9291871642618604,0.9285246949626924,92,1000,0.2,120,8,0.8,0.15,0.15,5
0.7717892025823438,0.9330472067358506,0.946385016008307,0.9463687913728205,0.9458772235476633,0.9491884012398711,0.7959715388989499,0.9754699929229685,0.9783624204992861,0.950783727154168,0.9387886996186438,0.9395508711856655,0.9285246949626924,93,1000,0.2,120,8,0.8,0.15,0.15,5
0.7690511485658807,0.932914799422369,0.9458007624910452,0.9441162509478079,0.9445748146069475,0.9485259099275642,0.797812237685522,0.9638698606750564,0.9677330163181652,0.9373650383873887,0.9216113575223452,0.9219903333169245,0.9285246949626924,94,1000,0.2,120,8,0.8,0.15,0.15,5
0.7804162592268546,0.9402940818684995,0.9504356291884423,0.9504222752998679,0.9504376761348661,0.9536687323280292,0.8087945396047093,0.9697025611393655,0.9728555409475061,0.9490231386823748,0.9345181839023454,0.9360462781445386,0.9285246949626924,95,1000,0.2,120,8,0.8,0.15,0.15,5
0.7806483902371218,0.9369057888814171,0.9475496969859849,0.9461340794563083,0.9461052355108149,0.9503496270123452,0.8076683745629478,0.9717089132024646,0.9737796722244914,0.9496536314675041,0.9328777761928374,0.9285374022788292,0.9285246949626924,96,1000,0.2,120,8,0.8,0.15,0.15,5
0.781569276192256,0.9331758258280777,0.945337858597791,0.945004366449517,0.9450397441118303,0.9506190321825211,0.804185600445451,0.9704304269430124,0.9749397329986299,0.9588308797770899,0.9306885262165782,0.9303844513635974,0.9285246949626924,97,1000,0.2,120,8,0.8,0.15,0.15,5
0.7726305404185185,0.9309210460057326,0.9439621150814254,0.9439008241093937,0.9440137184350295,0.9488215587684984,0.8023518660031639,0.9636614555272611,0.9674104679417044,0.94870674610258,0.921253378317134,0.9229550420648861,0.9285246949626924,98,1000,0.2,120,8,0.8,0.15,0.15,5
0.7706033139429171,0.9381041416066432,0.9486908540377241,0.9487607489227081,0.9487066049977205,0.9535032645341245,0.7984690263770499,0.9643717222621411,0.9670792138420224,0.9390004696739384,0.9247231104287008,0.9205067753246642,0.9285246949626924,99,1000,0.2,120,8,0.8,0.15,0.15,5
0.7757935457892314,0.9344167050161067,0.94501955821445,0.9435878777419849,0.9434391777880043,0.9490115431814695,0.8016897722043258,0.9826392084675564,0.983666781714987,0.9692599516797055,0.9648791992636907,0.9615451948151557,0.9285246949626924,0,1000,0.2,120,8,1.0,0.15,0.15,6
0.7739366108521555,0.9320769383205204,0.9449315921040832,0.9451243444770391,0.944437799508196,0.948599596913245,0.8104949827778019,0.9832246369428331,0.9864803603740893,0.971286689031061,0.9531151018137132,0.9551039558437587,0.9285246949626924,1,1000,0.2,120,8,1.0,0.15,0.15,6
0.7702697483675744,0.9365510033444816,0.9459358576206403,0.9458067566491479,0.9456906951743909,0.9505093366778149,0.8026743908265648,0.9823296902372989,0.9850455884695015,0.9670040014333493,0.9507899347029782,0.946153348463131,0.9285246949626924,2,1000,0.2,120,8,1.0,0.15,0.15,6
0.7728202089444347,0.932965963546597,0.9436927941462119,0.9437556397540268,0.943658273319384,0.9470323645045253,0.7977702102967463,0.9823846416743093,0.9839879422980937,0.971529562760781,0.9631650975754282,0.9572639048366038,0.9285246949626924,3,1000,0.2,120,8,1.0,0.15,0.15,6
0.7676506235359974,0.9262855611243191,0.9402249904388211,0.9401070910116788,0.9400859891437665,0.9447970295539404,0.7962740489906,0.9807089240283389,0.9851494152604643,0.9737404677393579,0.9581178256674022,0.9614555023072182,0.9285246949626924,4,1000,0.2,120,8,1.0,0.15,0.15,6
0.7745116326830814,0.9328098091529174,0.944040776202637,0.9440765016473237,0.9439303787219251,0.9487865989366897,0.8036736494293348,0.9851487569448654,0.9883919635709788,0.9763504388909924,0.964514969986234,0.959216867017108,0.9285246949626924,5,1000,0.2,120,8,1.0,0.15,0.15,6
0.7779335934983367,0.9352664085444325,0.9481120883230593,0.9483072317176076,0.9481826031480647,0.9521406650942581,0.8021419811090981,0.9855193190978502,0.9880026587428169,0.9727669388787711,0.9631248713448178,0.9595153569110814,0.9285246949626924,6,1000,0.2,120,8,1.0,0.15,0.15,6
0.7816487874682514,0.9361561403551908,0.9472155904315349,0.9472477508599473,0.9476891453636612,0.9510022595897333,0.8110766613147911,0.9833285059907404,0.9860058862435489,0.972581218604857,0.9660473407407225,0.9640053994113756,0.9285246949626924,7,1000,0.2,120,8,1.0,0.15,0.15,6
0.7846409073079492,0.9375337816660181,0.9471402679805989,0.947102910726627,0.9475327147350212,0.9525748682887865,0.8095405928126794,0.9860390465450848,0.9897469984864444,0.9767298535605423,0.9685978052515498,0.9672683955382139,0.9285246949626924,8,1000,0.2,120,8,1.0,0.15,0.15,6
0.7791722018029077,0.9423173770395973,0.9535670147286992,0.9531511914243751,0.9531926958122949,0.9559290625707876,0.8150210810139347,0.9821784445110203,0.9851627658874851,0.9734144909745006,0.9623100212149777,0.9589590777452205,0.9285246949626924,9,1000,0.2,120,8,1.0,0.15,0.15,6
0.7884758745628293,0.9359268606512664,0.9448348812126297,0.9448593557098555,0.9450019246306863,0.9488603390672968,0.8071073343004408,0.9886166725647552,0.991366969318034,0.98215659917509,0.9694196131656478,0.9648735250508915,0.9285246949626924,10,1000,0.2,120,8,1.0,0.15,0.15,6
0.7782148054298642,0.9393659366515837,0.9495844102564103,0.949751891402715,0.9497333574660634,0.9524759939668175,0.802763294117647,0.988544,0.9904046334841629,0.9764362232277526,0.9680253876319759,0.9659650316742081,0.9285246949626924,11,1000,0.2,120,8,1.0,0.15,0.15,6
0.7818247102819202,0.934403855990347,0.9436496199898293,0.9424466468840035,0.941707586016526,0.9461414575927052,0.811363352078389,0.9844972949641679,0.9875659870485655,0.9691836497147666,0.9612024636810227,0.9626440568932728,0.9285246949626924,12,1000,0.2,120,8,1.0,0.15,0.15,6
0.7638569604086846,0.9304851193931654,0.942044970780603,0.9421376601261658,0.9421484964588412,0.9460450288323852,0.7913623785750222,0.985635860520918,0.9883743565927474,0.9748153953326367,0.9603465691396725,0.9578469561515539,0.9285246949626924,13,1000,0.2,120,8,1.0,0.15,0.15,6
0.7727285664976662,0.9351846543816305,0.9446903772383002,0.944570411923009,0.9448892169923002,0.9498952884198694,0.8063299793824021,0.989903570737042,0.9917340189563238,0.9772252313215908,0.9651938226581909,0.9599905150230249,0.9285246949626924,14,1000,0.2,120,8,1.0,0.15,0.15,6
0.7808047747780819,0.9392249748271053,0.9489907948714001,0.9489029709739059,0.9487667945935214,0.9524060590200274,0.8037963803923379,0.9853417967940528,0.9893427180568696,0.9698811397292024,0.9627733247443535,0.9559296722017432,0.9285246949626924,15,1000,0.2,120,8,1.0,0.15,0.15,6
0.7650224672571404,0.9352591653738465,0.9465801945102015,0.9465588513885198,0.9474552624991501,0.9516557047363574,0.7978081096908975,0.9868386336384595,0.9902906179886397,0.976922387524646,0.962116152165448,0.9559524324591603,0.9285246949626924,16,1000,0.2,120,8,1.0,0.15,0.15,6
0.766383050193147,0.9352216364725671,0.9464306287742624,0.9465251843105994,0.9466693739831896,0.9513545356325469,0.794232413096393,0.9747644007931434,0.9781802320771886,0.9533075135553835,0.9512076386434338,0.9516129339540107,0.9285246949626924,17,1000,0.2,120,8,1.0,0.15,0.15,6
0.7752488940732353,0.935524302323038,0.9475246726715462,0.9472455129951076,0.9476443268011967,0.9511302770792127,0.804129585622168,0.9857255020404625,0.9871769326014656,0.9725060179135616,0.9660560810316143,0.9635789009618374,0.9285246949626924,18,1000,0.2,120,8,1.0,0.15,0.15,6
0.7773387490078516,0.93413412800758,0.9447387371543653,0.9440213300773692,0.9440314016670031,0.9473599651987842,0.8094994652373273,0.9800694862210969,0.9851220347400116,0.9677883447691069,0.9528737731544877,0.9572605314932797,0.9285246949626924,19,1000,0.2,120,8,1.0,0.15,0.15,6
0.7818129324927814,0.934577130390469,0.9440416014198836,0.9438993738234924,0.9435570341278311,0.9472703604683921,0.8043048633829427,0.9876242730096728,0.9906140937512007,0.9758026558139813,0.9687267568630897,0.9650078549574529,0.9285246949626924,20,1000,0.2,120,8,1.0,0.15,0.15,6
0.76843019857289,0.9376538951682221,0.9485918444792588,0.9484641713977727,0.9485606136793261,0.9529184887906963,0.7979157074817211,0.990831010337984,0.993234996252304,0.9753789337058506,0.9572949256039133,0.9538519754364848,0.9285246949626924,21,1000,0.2,120,8,1.0,0.15,0.15,6
0.7706353307573311,0.9317129608184436,0.9406661985094971,0.9406375278648922,0.9405655586957822,0.9446934488844827,0.8007381423236153,0.97616201683747,0.9811964455031995,0.9600667655446335,0.9536731142785564,0.9570399646356376,0.9285246949626924,22,1000,0.2,120,8,1.0,0.15,0.15,6
0.7681383075898911,0.9268207936222899,0.9391622010204929,0.9391547999350263,0.9394440265644434,0.9450159727110293,0.7965279949953081,0.9850109516588365,0.9884642397079142,0.9762480664664218,0.9611913371463207,0.9628533677470823,0.9285246949626924,23,1000,0.2,120,8,1.0,0.15,0.15,6
0.7761526045784013,0.9321940691979939,0.9432968105959793,0.9431878555591906,0.9440911248312313,0.9480060355075054,0.804853185270909,0.9812340230002822,0.9849290831748974,0.9720396926206685,0.9622843844826294,0.9628597214088594,0.9285246949626924,24,1000,0.2,120,8,1.0,0.15,0.15,6
0.7749340089203209,0.936805762620208,0.947409901736953,0.9473736623866342,0.9476805795653396,0.9536954373103446,0.8024554151547911,0.9857708571305877,0.988341713561649,0.9765883109732656,0.9625548411642877,0.9588381217368189,0.9285246949626924,25,1000,0.2,120,8,1.0,0.15,0.15,6
0.7722617003565855,0.933661548437926,0.9447458982917347,0.943898609329793,0.9441175467861902,0.9499122993069126,0.8058169580284728,0.9878073861271292,0.9910070710663742,0.9782284449939503,0.9617839993426848,0.9572799419599518,0.9285246949626924,26,1000,0.2,120,8,1.0,0.15,0.15,6
0.7722653956278138,0.9360970347006213,0.94672119979344,0.9468982789093051,0.947216458854077,0.9505031868907148,0.7980926659086336,0.9820831040242829,0.9858244579618931,0.9751638296995425,0.9554970894923522,0.9552652186456745,0.9285246949626924,27,1000,0.2,120,8,1.0,0.15,0.15,6
0.7795737116493323,0.9309559444062181,0.942792177249063,0.9423586667357552,0.9428554414657375,0.946537519295586,0.8014152305689481,0.9816114018587228,0.985217562628562,0.9734781340791683,0.9636485819376042,0.9624613234713457,0.9285246949626924,28,1000,0.2,120,8,1.0,0.15,0.15,6
0.7764190602293516,0.9407349551387323,0.949893675754329,0.9498301229415517,0.9501031466050321,0.9535664824804779,0.8082078457701899,0.9865603346231046,0.9891155086018537,0.9772224574586049,0.9662512145215448,0.9614056049681924,0.9285246949626924,29,1000,0.2,120,8,1.0,0.15,0.15,6
0.7773326479487465,0.9352873250206565,0.9456533149668858,0.9453593988655516,0.9454526579118728,0.9500644775420983,0.807570368453612,0.986828491287494,0.9894020729655679,0.9799081471025393,0.9701432567414766,0.9698531174862551,0.9285246949626924,30,1000,0.2,120,8,1.0,0.15,0.15,6
0.7632250064548225,0.9314228239376307,0.9436398547507494,0.9436138780258948,0.9432149778646818,0.9472215924834378,0.7976049066097383,0.9868996621451422,0.9893870319466486,0.9723706044232853,0.9626209688846067,0.9606526415967657,0.9285246949626924,31,1000,0.2,120,8,1.0,0.15,0.15,6
0.775355181475227,0.9346846090509503,0.946464664457304,0.9464674872398063,0.9471351239702805,0.9525200196115248,0.8012541135971389,0.9793305158070467,0.9815098012362036,0.9695097634693204,0.9652043387919134,0.9633513280850993,0.9285246949626924,32,1000,0.2,120,8,1.0,0.15,0.15,6
0.7727155942381514,0.9315648398008437,0.9433971532818973,0.9434120709969215,0.943809053247691,0.947437478621109,0.8019343620538938,0.9789814146174604,0.9814832199460302,0.9659649006119113,0.9600346813119988,0.9585817718824826,0.9285246949626924,33,1000,0.2,120,8,1.0,0.15,0.15,6
0.7877014618527333,0.9354214204316106,0.9467835594445134,0.9467842239748101,0.9470013355160306,0.95166719259493,0.814700948075881,0.983350288349189,0.986572500824967,0.9703145772505078,0.9587283016618194,0.9607791370903218,0.9285246949626924,34,1000,0.2,120,8,1.0,0.15,0.15,6
0.7747915698107026,0.9361141906340715,0.9477391174273057,0.9477791095673119,0.9478225625655881,0.9511728656406375,0.8002200336779963,0.9848905657388106,0.9879621735881909,0.9681215538023104,0.9600778462386815,0.9580833343908178,0.9285246949626924,35,1000,0.2,120,8,1.0,0.15,0.15,6
0.7841371047134201,0.9386542692996601,0.951070131543301,0.9509724805246591,0.9501883016379593,0.9537608531344971,0.8116620423782421,0.9865461045532878,0.9889519228290544,0.977774762319433,0.9678632318423969,0.9648193758020392,0.9285246949626924,36,1000,0.2,120,8,1.0,0.15,0.15,6
0.7776429041867245,0.9396237616349352,0.9502317431579738,0.9501551029921008,0.9502279111496801,0.9536012575275628,0.8035219300430531,0.9860308559203201,0.9895882369529206,0.9690919054130654,0.9598986227467423,0.9618260246618228,0.9285246949626924,37,1000,0.2,120,8,1.0,0.15,0.15,6
0.7682388774779748,0.9343441934563217,0.9452817105142085,0.9452371650610809,0.9452651399955396,0.949517427506905,0.797489059558733,0.9791061355367054,0.9851275696000773,0.9647654238387771,0.9547242743672402,0.9534995180903276,0.9285246949626924,38,1000,0.2,120,8,1.0,0.15,0.15,6
0.7777282415818476,0.9352978980960531,0.9450977171837828,0.9448778618922445,0.94472614718113,0.9492378883758285,0.8029417123339595,0.98475126407086,0.9886925463038054,0.9729987611421255,0.9572412033859462,0.9578465091687421,0.9285246949626924,39,1000,0.2,120,8,1.0,0.15,0.15,6
0.784130335640986,0.9323665001998247,0.9456798188363759,0.945681631761809,0.944835902047236,0.9471746765741027,0.8108749137853238,0.9837564902730508,0.9869098726278878,0.9764185738642224,0.9646124005711117,0.9624414223648927,0.9285246949626924,40,1000,0.2,120,8,1.0,0.15,0.15,6
0.7700469722181269,0.9347518304236195,0.9447545670582468,0.9447370783899756,0.9442670337919175,0.9492517927594764,0.7926732054745589,0.9849745959995502,0.9893067052238066,0.9723144611062277,0.9607664687320686,0.9571313659851655,0.9285246949626924,41,1000,0.2,120,8,1.0,0.15,0.15,6
0.7746397106980024,0.9324200743406635,0.9468387309818888,0.9461546772273861,0.9460422098163682,0.9502035040240309,0.8022157752714174,0.9879114752575632,0.9894202900261971,0.9783111074901131,0.9671961195496108,0.9635617395904179,0.9285246949626924,42,1000,0.2,120,8,1.0,0.15,0.15,6
0.7732538584562251,0.9333591381391104,0.9445998292761899,0.944637015669306,0.9449698289818386,0.9494952854717962,0.8013224227082291,0.9868195331586849,0.9897506843669973,0.9743735711692618,0.9617797466615646,0.9617298050412583,0.9285246949626924,43,1000,0.2,120,8,1.0,0.15,0.15,6
0.7808571172810383,0.9295263201166709,0.9424514460158686,0.9425692964244167,0.9427524592028202,0.949080171318188,0.8032420676205858,0.9831249164385856,0.9867105655436524,0.9721788513936123,0.9575957517761122,0.9559138622047305,0.9285246949626924,44,1000,0.2,120,8,1.0,0.15,0.15,6
0.768112489020115,0.9338136852972465,0.9445740708149549,0.943951320807491,0.9438407362769116,0.947994334457904,0.8003262734702408,0.9840961570795312,0.9876370226794533,0.9694514653727032,0.9604939219756408,0.959537061334934,0.9285246949626924,45,1000,0.2,120,8,1.0,0.15,0.15,6
0.7759712234750636,0.9297326301382923,0.9411807578164919,0.9410902451583114,0.9413269175387333,0.9447890513367311,0.8026735410324707,0.9832142847293819,0.9872188050438105,0.9768152663238939,0.9653535469734104,0.9641954970986705,0.9285246949626924,46,1000,0.2,120,8,1.0,0.15,0.15,6
0.7721926690745393,0.9330616393856538,0.9449358850009854,0.9444024272711598,0.9444850824280717,0.9485563540742931,0.7995395944181692,0.9876933303157946,0.989966780132279,0.9798058729616218,0.9661434277699773,0.9612262638252537,0.9285246949626924,47,1000,0.2,120,8,1.0,0.15,0.15,6
0.7713771342383107,0.9345859185520362,0.9471564645550528,0.9471419849170437,0.9472855263951735,0.9525322714932126,0.806366407239819,0.986633653092006,0.9890235656108597,0.9744221055806939,0.9650704796380091,0.95964785520362,0.9285246949626924,48,1000,0.2,120,8,1.0,0.15,0.15,6
0.7792738120916863,0.9302440541444555,0.9443251990227255,0.9441381430121976,0.9444905798344836,0.9473936241877648,0.8056102289368868,0.9823571520851303,0.9844901062266163,0.9752598135417284,0.9673158054499088,0.9671587318729215,0.9285246949626924,49,1000,0.2,120,8,1.0,0.15,0.15,6
0.7771285143573705,0.9371538901392842,0.9497109414265119,0.9496762367088623,0.9500384732077657,0.9540869083037911,0.8060146640410288,0.9860950405516454,0.989990428804185,0.9698923596170137,0.9554307787969365,0.9540297080073877,0.9285246949626924,50,1000,0.2,120,8,1.0,0.15,0.15,6
0.7810493827160494,0.933791727582846,0.9445929783950617,0.9447057748538011,0.9447364359974009,0.9504193063677713,0.8066204718973359,0.9820571393762183,0.985406615497076,0.9766456505847954,0.9630306814489928,0.9631697733918129,0.9285246949626924,51,1000,0.2,120,8,1.0,0.15,0.15,6
0.7843036746833676,0.9363551379675239,0.9443134062292733,0.9443645470993125,0.9442362515062661,0.9482620923276969,0.8126476397010417,0.9787271717354757,0.9841877159630166,0.9658868718627565,0.960925320633055,0.9542640991387936,0.9285246949626924,52,1000,0.2,120,8,1.0,0.15,0.15,6
0.7808196108202194,0.934621539742217,0.946057315158241,0.9457282602185876,0.9460493557172228,0.9511791183870756,0.8073905545313438,0.9851030325373212,0.9892686351140836,0.979408052488825,0.963547604397533,0.9606962802523065,0.9285246949626924,53,1000,0.2,120,8,1.0,0.15,0.15,6
0.7817868462398205,0.9385680729357794,0.9475529068474179,0.9475431549274842,0.9470251329406105,0.950806049818073,0.7992528273985261,0.9853327223430431,0.9869887933861698,0.9772333627613771,0.9618267920542527,0.9602657047112793,0.9285246949626924,54,1000,0.2,120,8,1.0,0.15,0.15,6
0.7793322065994194,0.9299129631008214,0.9411369737772649,0.9411145825578798,0.941515298146356,0.9459682428534206,0.8044760919935978,0.9810802920047644,0.9852836376212809,0.9703750597099183,0.9604964608302936,0.9614697518859029,0.9285246949626924,55,1000,0.2,120,8,1.0,0.15,0.15,6
0.7761382438770694,0.935528791979274,0.9462409107106741,0.9461929481561383,0.9461322726353402,0.9497176180524121,0.806396548237039,0.9829832131059125,0.9861989193978676,0.974071616376612,0.964127957931639,0.9604288699906579,0.9285246949626924,56,1000,0.2,120,8,1.0,0.15,0.15,6
0.7876122623390651,0.9334170506419756,0.9455536954993768,0.9457740249510295,0.9458537416444046,0.9502957055760004,0.8163852588560664,0.9842076205020299,0.9867461389874836,0.9748970260352355,0.9583714303253928,0.9530593818418773,0.9285246949626924,57,1000,0.2,120,8,1.0,0.15,0.15,6
0.7723057270369437,0.9343510326691716,0.9457670678198814,0.9458195582056004,0.9456120916353548,0.9505345766741554,0.8004318413780847,0.9814437370237433,0.9844256131587159,0.9691735575891501,0.9590468475253134,0.9583588108423066,0.9285246949626924,58,1000,0.2,120,8,1.0,0.15,0.15,6
0.7758041106089206,0.9369250399203849,0.9486350863207819,0.9486815117856006,0.9487860944201705,0.9521955083613466,0.8063221857068729,0.9827777568879897,0.9855331032114288,0.9735798996788821,0.9599193821302069,0.9561510983432727,0.9285246949626924,59,1000,0.2,120,8,1.0,0.15,0.15,6
0.7790555214752366,0.9364764959113918,0.9472254134964244,0.9469691994610331,0.9471662128919408,0.9502862682411259,0.8103158550228381,0.990947329424999,0.992370075436829,0.9783966081240613,0.954418818104839,0.9517760374495491,0.9285246949626924,60,1000,0.2,120,8,1.0,0.15,0.15,6
0.7747677874565587,0.9362868603537429,0.9467438065868923,0.9466532028423689,0.946472298714074,0.9509493978086837,0.8079363419708903,0.9897993936020812,0.9915272353238113,0.9794761283402041,0.9678457827192772,0.9646047775678072,0.9285246949626924,61,1000,0.2,120,8,1.0,0.15,0.15,6
0.7693821764169517,0.933207725949257,0.9470193958180074,0.946971876420999,0.9467395170448458,0.9510423555907904,0.7986994540983099,0.9866209566254562,0.9897033370710815,0.976408476355767,0.9598462999864298,0.9607685952971033,0.9285246949626924,62,1000,0.2,120,8,1.0,0.15,0.15,6
0.780963263541928,0.9394405822074332,0.9512368279475836,0.9512058263806588,0.9513642234541109,0.956055129358773,0.8062649282263884,0.9908521453532888,0.993109677463087,0.9798380163144002,0.9646047833523779,0.9589539253914895,0.9285246949626924,63,1000,0.2,120,8,1.0,0.15,0.15,6
0.7633060225394429,0.9258153823388477,0.9369349015056639,0.936908269898459,0.937168581753611,0.9407810866393004,0.7936401978834942,0.9831401589529265,0.9857861786025979,0.9732425947668795,0.9642778147284603,0.9562473683129972,0.9285246949626924,64,1000,0.2,120,8,1.0,0.15,0.15,6
0.773163224528318,0.9385412402710954,0.9510780292254815,0.9506476354050135,0.9504188748137018,0.9541386637385311,0.8091944347609209,0.9898180280351165,0.9925552598538119,0.9807042465658582,0.9728757757109697,0.9657238693659607,0.9285246949626924,65,1000,0.2,120,8,1.0,0.15,0.15,6
0.7851930692992811,0.9364002980697319,0.9460403390794296,0.9455422041399089,0.9451820751772348,0.9494226927023135,0.808785717376121,0.9864240362566521,0.9885456970721487,0.9768135472615905,0.9705506448133704,0.9693530156189157,0.9285246949626924,66,1000,0.2,120,8,1.0,0.15,0.15,6
0.7794714505858563,0.9369706518211584,0.946253418949243,0.9458752816795811,0.9461497329053543,0.9514223341749904,0.8068057467612694,0.9846566780097791,0.9879171062763847,0.976418615657558,0.9671370553505468,0.9645231814740093,0.9285246949626924,67,1000,0.2,120,8,1.0,0.15,0.15,6
0.7759365435253843,0.9294049490856637,0.9427504667081519,0.9416567308103384,0.9419834067240809,0.945031854117878,0.7993660646566944,0.985659313341282,0.9893613104879891,0.97733506478495,0.9687974526206118,0.9641321524310784,0.9285246949626924,68,1000,0.2,120,8,1.0,0.15,0.15,6
0.7781962447049673,0.9377586572212427,0.9473436022014655,0.9470429766401413,0.9468883279138831,0.9505791811595649,0.807125577367289,0.978471066572278,0.9827751188795839,0.9688312959688521,0.9604004833519442,0.9596819689895099,0.9285246949626924,69,1000,0.2,120,8,1.0,0.15,0.15,6
0.7809703179837788,0.9312624221175104,0.9429175267453718,0.9430726797915157,0.9432173007641312,0.9471524930149435,0.8001417149004754,0.9887100072544532,0.9914007570025367,0.9771698777626092,0.9626734537428893,0.9572772288476225,0.9285246949626924,70,1000,0.2,120,8,1.0,0.15,0.15,6
0.7740036778034959,0.9323485530551643,0.9427859400507103,0.9426192993362861,0.9427905255973016,0.9485485086436578,0.7983227826735805,0.9882176819457079,0.9909120320449704,0.9790876635527879,0.9613712579500695,0.9571063093608763,0.9285246949626924,71,1000,0.2,120,8,1.0,0.15,0.15,6
0.7643121738651943,0.9250078734810621,0.940116273851184,0.9402284733954392,0.9395187868868198,0.9438109560610974,0.7966719859007125,0.9781085030083136,0.9819668989880187,0.964967985079607,0.9649817417193809,0.9637682304746451,0.9285246949626924,72,1000,0.2,120,8,1.0,0.15,0.15,6
0.76746572265625,0.934126953125,0.944007421875,0.94229404296875,0.943051171875,0.94874228515625,0.78972236328125,0.9874138671875,0.98889462890625,0.9766513671875,0.97029912109375,0.96955361328125,0.9285246949626924,73,1000,0.2,120,8,1.0,0.15,0.15,6
0.7698721824021959,0.9389928486072542,0.950534290428346,0.9504337159932066,0.9502934121543354,0.9538290288642625,0.8094849998483878,0.9895602735584607,0.9914713879742397,0.9813578029099337,0.9721907183506513,0.9686543010482058,0.9285246949626924,74,1000,0.2,120,8,1.0,0.15,0.15,6
0.7792259671739604,0.9277386641999418,0.940799385276491,0.9407925332628555,0.9378291352514078,0.9442310694769711,0.8030139071405323,0.9885437268591593,0.9895033024258575,0.9829706905116741,0.966454988388284,0.9612759428248405,0.9285246949626924,75,1000,0.2,120,8,1.0,0.15,0.15,6
0.785331820365441,0.935732500990166,0.9477951329544014,0.9476195719473827,0.9476294424625152,0.9516796118951782,0.8051570854151257,0.9823946425527107,0.9846204916302344,0.9639170382244803,0.9574986159717009,0.9588316146658222,0.9285246949626924,76,1000,0.2,120,8,1.0,0.15,0.15,6
0.7742789594222909,0.9388563538765715,0.9488217342231281,0.9484275374570091,0.9485337915369311,0.9516485232444009,0.7973490096258761,0.9899677950341187,0.9918169682482283,0.9784765043464376,0.9680509831731108,0.9639238046709528,0.9285246949626924,77,1000,0.2,120,8,1.0,0.15,0.15,6
0.7676832295550268,0.9316240233086489,0.9435193177244753,0.9427113711579752,0.9421425416682473,0.9464394326293974,0.7954959002441003,0.9824863319528191,0.9849438157760905,0.9753752319372258,0.9651391291789049,0.9637896584984911,0.9285246949626924,78,1000,0.2,120,8,1.0,0.15,0.15,6
0.7853573903465008,0.9389883734999395,0.9499427238914441,0.9499585357115359,0.950168214195361,0.9532654649421504,0.8128343070533681,0.9850673563893896,0.9863846479601377,0.9724491311159335,0.9602394597032328,0.9600881179966404,0.9285246949626924,79,1000,0.2,120,8,1.0,0.15,0.15,6
0.7837353705318458,0.936577069547038,0.9447296339868116,0.9447016465886945,0.9442655661259901,0.9466828444803234,0.8073110250205402,0.9843895202785646,0.9870256620230182,0.9713590138209326,0.9618501742578691,0.9612151798998961,0.9285246949626924,80,1000,0.2,120,8,1.0,0.15,0.15,6
0.7766467547443533,0.9318615295612158,0.9433698083237196,0.9432011824427977,0.9425938764299042,0.9453288442932538,0.8017523671563074,0.9816357274480632,0.9840993768524899,0.9641122503785087,0.9522519383467215,0.9573040047479758,0.9285246949626924,81,1000,0.2,120,8,1.0,0.15,0.15,6
0.7534295501986806,0.9233170816857428,0.936364011045625,0.9355362195160387,0.9359705773254362,0.9410395397494612,0.7883423561898897,0.9820063956011453,0.9858519023155567,0.9727747162830841,0.9583498476256512,0.9581673378249622,0.9285246949626924,82,1000,0.2,120,8,1.0,0.15,0.15,6
0.7758355260117561,0.9330330558301797,0.945123490026916,0.9452373129237643,0.9454559701281822,0.94984210859017,0.8000848835474523,0.9749879802043907,0.9791666971985596,0.9670364005624121,0.9596982921387264,0.9603467406935615,0.9285246949626924,83,1000,0.2,120,8,1.0,0.15,0.15,6
0.7770252901470174,0.9341804365526457,0.9469116943167013,0.9468775195194884,0.9466781499299167,0.9487250509035099,0.8010238689537013,0.9842762056928238,0.9874447972408285,0.9769184615243593,0.9673460310805334,0.9664454305207442,0.9285246949626924,84,1000,0.2,120,8,1.0,0.15,0.15,6
0.7730031401372943,0.931772840288853,0.9417296510188111,0.941215243038702,0.9413475844716743,0.945690483501897,0.8014837891650405,0.9779604956860259,0.9803647314043447,0.9685303761230696,0.9629403373914077,0.9544582024942794,0.9285246949626924,85,1000,0.2,120,8,1.0,0.15,0.15,6
0.7782442351874161,0.9391402353809848,0.9470693283910897,0.9471479656368895,0.9475735433864906,0.952306900681744,0.8088709057410653,0.9864307822474173,0.9895565639855464,0.9759841265938677,0.9643716688930959,0.9626459423376297,0.9285246949626924,86,1000,0.2,120,8,1.0,0.15,0.15,6
0.7756271057026962,0.9319998091147698,0.9457434502505369,0.9453237890718206,0.9447183011214507,0.9479833929849678,0.8039171558100692,0.9843099976139347,0.9876851348126938,0.9754917680744453,0.9653942257217848,0.9629986160820806,0.9285246949626924,87,1000,0.2,120,8,1.0,0.15,0.15,6
0.7756420901932713,0.9360154617036507,0.9480756859937962,0.9481462180863756,0.9485307563827249,0.9513738964447626,0.8055239322357433,0.9897174898592221,0.9919228823669769,0.9742436649964209,0.9638616082080649,0.9617370555953233,0.9285246949626924,88,1000,0.2,120,8,1.0,0.15,0.15,6
0.7780724609375,0.93869443359375,0.94981669921875,0.94993291015625,0.95008173828125,0.95382451171875,0.805645703125,0.9851111328125,0.99000009765625,0.97725654296875,0.95979248046875,0.95755732421875,0.9285246949626924,89,1000,0.2,120,8,1.0,0.15,0.15,6
0.7813538845191281,0.9345443372520121,0.9452394441780734,0.9444608604002915,0.9439150966109785,0.9481568531995439,0.8110220552316878,0.9864448554481103,0.9877469409522808,0.9795660741460072,0.9671800311453125,0.9658320485246283,0.9285246949626924,90,1000,0.2,120,8,1.0,0.15,0.15,6
0.7920133325593096,0.9369993033786137,0.9468302759394713,0.9461421688145826,0.9463407059096715,0.9505138550253492,0.8190770734161539,0.9794738573474205,0.9823028174464956,0.9707477069546036,0.9594195789310732,0.9591266109369557,0.9285246949626924,91,1000,0.2,120,8,1.0,0.15,0.15,6
0.7722532062472764,0.9332498543273947,0.9448213050486819,0.9446569762968342,0.9444827878198756,0.9481810547121946,0.8002630419997224,0.9852656074615307,0.988861410543874,0.9699159487433491,0.9626834537186436,0.9620710874580817,0.9285246949626924,92,1000,0.2,120,8,1.0,0.15,0.15,6
0.7717892025823438,0.9330472067358506,0.946385016008307,0.9463687913728205,0.9458772235476633,0.9491884012398711,0.7959715388989499,0.9882711337466237,0.9905769634899345,0.9763238143654468,0.969301734181753,0.9694156929310036,0.9285246949626924,93,1000,0.2,120,8,1.0,0.15,0.15,6
0.7690511485658807,0.932914799422369,0.9458007624910452,0.9441162509478079,0.9445748146069475,0.9485259099275642,0.797812237685522,0.9802363680972143,0.9831369036056349,0.9649857611414904,0.9558129158527333,0.9571094119920832,0.9285246949626924,94,1000,0.2,120,8,1.0,0.15,0.15,6
0.7804162592268546,0.9402940818684995,0.9504356291884423,0.9504222752998679,0.9504376761348661,0.9536687323280292,0.8087945396047093,0.9838508598734558,0.9866436745846453,0.9741898575949121,0.9659337428785759,0.9669076020081129,0.9285246949626924,95,1000,0.2,120,8,1.0,0.15,0.15,6
0.7806483902371218,0.9369057888814171,0.9475496969859849,0.9461340794563083,0.9461052355108149,0.9503496270123452,0.8076683745629478,0.9843419706675779,0.9860398257116899,0.9723422002378198,0.9628646507209855,0.9607229139354748,0.9285246949626924,96,1000,0.2,120,8,1.0,0.15,0.15,6
0.781569276192256,0.9331758258280777,0.945337858597791,0.945004366449517,0.9450397441118303,0.9506190321825211,0.804185600445451,0.9850279425851304,0.9884876472354857,0.9799304828935543,0.9614486345183697,0.9618747046253602,0.9285246949626924,97,1000,0.2,120,8,1.0,0.15,0.15,6
0.7726305404185185,0.9309210460057326,0.9439621150814254,0.9439008241093937,0.9440137184350295,0.9488215587684984,0.8023518660031639,0.9808931389504703,0.9842907114251264,0.9726022640827519,0.9575421418595373,0.9593246636502044,0.9285246949626924,98,1000,0.2,120,8,1.0,0.15,0.15,6
0.7706033139429171,0.9381041416066432,0.9486908540377241,0.9487607489227081,0.9487066049977205,0.9535032645341245,0.7984690263770499,0.9812276121022895,0.985054603163915,0.9671218398775127,0.9601030152161164,0.9590006449033683,0.9285246949626924,99,1000,0.2,120,8,1.0,0.15,0.15,6
0.7757935457892314,0.9344167050161067,0.94501955821445,0.9435878777419849,0.9434391777880043,0.9490115431814695,0.8016897722043258,0.9980367004141739,0.9985455974842767,0.9972512080073631,0.9967723193741371,0.996239837398374,0.9285246949626924,0,1000,0.2,120,8,1.5,0.15,0.15,7
0.7739366108521555,0.9320769383205204,0.9449315921040832,0.9451243444770391,0.944437799508196,0.948599596913245,0.8104949827778019,0.9982259496869054,0.9990724653432119,0.9969516970231965,0.9949178543136613,0.9958540519984473,0.9285246949626924,1,1000,0.2,120,8,1.5,0.15,0.15,7
0.7702697483675744,0.9365510033444816,0.9459358576206403,0.9458067566491479,0.9456906951743909,0.9505093366778149,0.8026743908265648,0.997748944895684,0.998998845357541,0.9959855271540055,0.9944444776238255,0.9945454093008441,0.9285246949626924,2,1000,0.2,120,8,1.5,0.15,0.15,7
0.7728202089444347,0.932965963546597,0.9436927941462119,0.9437556397540268,0.943658273319384,0.9470323645045253,0.7977702102967463,0.9985710738091667,0.9991052123006262,0.9975732153789791,0.996754452178574,0.9960627570928743,0.9285246949626924,3,1000,0.2,120,8,1.5,0.15,0.15,7
0.7676506235359974,0.9262855611243191,0.9402249904388211,0.9401070910116788,0.9400859891437665,0.9447970295539404,0.7962740489906,0.9982951045892787,0.9992948297810081,0.9978308634952108,0.9961971142905237,0.9966481909165364,0.9285246949626924,4,1000,0.2,120,8,1.5,0.15,0.15,7
0.7745116326830814,0.9328098091529174,0.944040776202637,0.9440765016473237,0.9439303787219251,0.9487865989366897,0.8036736494293348,0.9988597140851665,0.9994041854798713,0.9982353972976922,0.9972592922516098,0.996737759325488,0.9285246949626924,5,1000,0.2,120,8,1.5,0.15,0.15,7
0.7779335934983367,0.9352664085444325,0.9481120883230593,0.9483072317176076,0.9481826031480647,0.9521406650942581,0.8021419811090981,0.9984733245756147,0.9990294881605806,0.9971883441154887,0.9961777625704952,0.9957910113436551,0.9285246949626924,6,1000,0.2,120,8,1.5,0.15,0.15,7
0.7816487874682514,0.9361561403551908,0.9472155904315349,0.9472477508599473,0.9476891453636612,0.9510022595897333,0.8110766613147911,0.9987168284113289,0.9993322039482581,0.9975281711092151,0.9967832687092308,0.9964439614369909,0.9285246949626924,7,1000,0.2,120,8,1.5,0.15,0.15,7
0.7846409073079492,0.9375337816660181,0.9471402679805989,0.947102910726627,0.9475327147350212,0.9525748682887865,0.8095405928126794,0.998842022920729,0.9994730866900505,0.9979624649567932,0.9971642714831838,0.9973091041877188,0.9285246949626924,8,1000,0.2,120,8,1.5,0.15,0.15,7
0.7791722018029077,0.9423173770395973,0.9535670147286992,0.9531511914243751,0.9531926958122949,0.9559290625707876,0.8150210810139347,0.9982439551927981,0.9991798499119493,0.9973797675851704,0.9962232955555718,0.995682959087488,0.9285246949626924,9,1000,0.2,120,8,1.5,0.15,0.15,7
0.7884758745628293,0.9359268606512664,0.9448348812126297,0.9448593557098555,0.9450019246306863,0.9488603390672968,0.8071073343004408,0.9992532293651385,0.9996522830577084,0.9987828414672402,0.9978515172049248,0.9975559329315205,0.9285246949626924,10,1000,0.2,120,8,1.5,0.15,0.15,7
0.7782148054298642,0.9393659366515837,0.9495844102564103,0.949751891402715,0.9497333574660634,0.9524759939668175,0.802763294117647,0.9989843981900453,0.9994077828054299,0.9979822141779788,0.9972712639517345,0.9970898823529412,0.9285246949626924,11,1000,0.2,120,8,1.5,0.15,0.15,7
0.7818247102819202,0.934403855990347,0.9436496199898293,0.9424466468840035,0.941707586016526,0.9461414575927052,0.811363352078389,0.998556136095798,0.9991722834206612,0.9964104309269823,0.9954011577172279,0.9956958540422908,0.9285246949626924,12,1000,0.2,120,8,1.5,0.15,0.15,7
0.7638569604086846,0.9304851193931654,0.942044970780603,0.9421376601261658,0.9421484964588412,0.9460450288323852,0.7913623785750222,0.998791942412632,0.9993980030186926,0.9978738534773017,0.9962869112581756,0.9961736135299354,0.9285246949626924,13,1000,0.2,120,8,1.5,0.15,0.15,7
0.7727285664976662,0.9351846543816305,0.9446903772383002,0.944570411923009,0.9448892169923002,0.9498952884198694,0.8063299793824021,0.9992557540256031,0.9996078326827612,0.9981611331621013,0.9969706001793567,0.9963579452316744,0.9285246949626924,14,1000,0.2,120,8,1.5,0.15,0.15,7
0.7808047747780819,0.9392249748271053,0.9489907948714001,0.9489029709739059,0.9487667945935214,0.9524060590200274,0.8037963803923379,0.9988097394926108,0.9994067446384991,0.997402879597581,0.9972212124118652,0.9961799564946068,0.9285246949626924,15,1000,0.2,120,8,1.5,0.15,0.15,7
0.7650224672571404,0.9352591653738465,0.9465801945102015,0.9465588513885198,0.9474552624991501,0.9516557047363574,0.7978081096908975,0.998942018560983,0.9994157199720627,0.9979633253703852,0.9963086057011824,0.9953381214035392,0.9285246949626924,16,1000,0.2,120,8,1.5,0.15,0.15,7
0.766383050193147,0.9352216364725671,0.9464306287742624,0.9465251843105994,0.9466693739831896,0.9513545356325469,0.794232413096393,0.9964818923139785,0.9979565776511021,0.9934980284218099,0.9931758577555845,0.9929713049516318,0.9285246949626924,17,1000,0.2,120,8,1.5,0.15,0.15,7
0.7752488940732353,0.935524302323038,0.9475246726715462,0.9472455129951076,0.9476443268011967,0.9511302770792127,0.804129585622168,0.9987134684106606,0.9992159558282497,0.9974235409612142,0.996365231146709,0.9957126267367452,0.9285246949626924,18,1000,0.2,120,8,1.5,0.15,0.15,7
0.7773387490078516,0.93413412800758,0.9447387371543653,0.9440213300773692,0.9440314016670031,0.9473599651987842,0.8094994652373273,0.9981587390989568,0.9992060875786698,0.9971868306992898,0.9956703785639385,0.9964050235539619,0.9285246949626924,19,1000,0.2,120,8,1.5,0.15,0.15,7
0.7818129324927814,0.934577130390469,0.9440416014198836,0.9438993738234924,0.9435570341278311,0.9472703604683921,0.8043048633829427,0.9990804372581155,0.999484108169612,0.9980477412321451,0.997495050672256,0.9971274688728874,0.9285246949626924,20,1000,0.2,120,8,1.5,0.15,0.15,7
0.76843019857289,0.9376538951682221,0.9485918444792588,0.9484641713977727,0.9485606136793261,0.9529184887906963,0.7979157074817211,0.9992308187890778,0.9995831964939793,0.9974986879135626,0.9953587888577934,0.995113067280964,0.9285246949626924,21,1000,0.2,120,8,1.5,0.15,0.15,7
0.7706353307573311,0.9317129608184436,0.9406661985094971,0.9406375278648922,0.9405655586957822,0.9446934488844827,0.8007381423236153,0.9975555837494396,0.9986453608020213,0.9959342295412765,0.9955586831046329,0.9956480106912249,0.9285246949626924,22,1000,0.2,120,8,1.5,0.15,0.15,7
0.7681383075898911,0.9268207936222899,0.9391622010204929,0.9391547999350263,0.9394440265644434,0.9450159727110293,0.7965279949953081,0.9988942194016729,0.9994750098453913,0.9980118347251918,0.996745080517967,0.9969216353594259,0.9285246949626924,23,1000,0.2,120,8,1.5,0.15,0.15,7
0.7761526045784013,0.9321940691979939,0.9432968105959793,0.9431878555591906,0.9440911248312313,0.9480060355075054,0.804853185270909,0.9982892215817516,0.9990587953589617,0.9976019219552064,0.996705735245664,0.9968819261154842,0.9285246949626924,24,1000,0.2,120,8,1.5,0.15,0.15,7
0.7749340089203209,0.936805762620208,0.947409901736953,0.9473736623866342,0.9476805795653396,0.9536954373103446,0.8024554151547911,0.9987046132498643,0.9993082461815821,0.997741112882273,0.9966393589074332,0.9962040009214316,0.9285246949626924,25,1000,0.2,120,8,1.5,0.15,0.15,7
0.7722617003565855,0.933661548437926,0.9447458982917347,0.943898609329793,0.9441175467861902,0.9499122993069126,0.8058169580284728,0.9989853651825483,0.9994367162639958,0.9981676433369046,0.9966771187428465,0.9962397466721657,0.9285246949626924,26,1000,0.2,120,8,1.5,0.15,0.15,7
0.7722653956278138,0.9360970347006213,0.94672119979344,0.9468982789093051,0.947216458854077,0.9505031868907148,0.7980926659086336,0.9977748738699206,0.9988614957172747,0.9975053761355344,0.9952443686950113,0.9953538551801218,0.9285246949626924,27,1000,0.2,120,8,1.5,0.15,0.15,7
0.7795737116493323,0.9309559444062181,0.942792177249063,0.9423586667357552,0.9428554414657375,0.946537519295586,0.8014152305689481,0.9982419577121892,0.9989846595320697,0.9975284779352488,0.9962841812545917,0.9961849668957434,0.9285246949626924,28,1000,0.2,120,8,1.5,0.15,0.15,7
0.7764190602293516,0.9407349551387323,0.949893675754329,0.9498301229415517,0.9501031466050321,0.9535664824804779,0.8082078457701899,0.9986687050354103,0.9993568689283671,0.9977333479933687,0.9968855222793548,0.9964388005907683,0.9285246949626924,29,1000,0.2,120,8,1.5,0.15,0.15,7
0.7773326479487465,0.9352873250206565,0.9456533149668858,0.9453593988655516,0.9454526579118728,0.9500644775420983,0.807570368453612,0.9990855190296876,0.9994764710234556,0.9986992154619044,0.997915471472416,0.997893585133404,0.9285246949626924,30,1000,0.2,120,8,1.5,0.15,0.15,7
0.7632250064548225,0.9314228239376307,0.9436398547507494,0.9436138780258948,0.9432149778646818,0.9472215924834378,0.7976049066097383,0.9987326506964911,0.9993163398322376,0.9973746780460465,0.9965021946396635,0.9962435097546538,0.9285246949626924,31,1000,0.2,120,8,1.5,0.15,0.15,7
0.775355181475227,0.9346846090509503,0.946464664457304,0.9464674872398063,0.9471351239702805,0.9525200196115248,0.8012541135971389,0.9979366433280956,0.9988818861170787,0.9973790951152138,0.9966693113218594,0.9961699708309231,0.9285246949626924,32,1000,0.2,120,8,1.5,0.15,0.15,7
0.7727155942381514,0.9315648398008437,0.9433971532818973,0.9434120709969215,0.943809053247691,0.947437478621109,0.8019343620538938,0.99791722093421,0.9986370719470944,0.996410246664893,0.9954721409296492,0.9953914712477671,0.9285246949626924,33,1000,0.2,120,8,1.5,0.15,0.15,7
0.7877014618527333,0.9354214204316106,0.9467835594445134,0.9467842239748101,0.9470013355160306,0.95166719259493,0.814700948075881,0.998242697096838,0.9989579215618817,0.9971442285164,0.9965777639049167,0.9967933565197448,0.9285246949626924,34,1000,0.2,120,8,1.5,0.15,0.15,7
0.7747915698107026,0.9361141906340715,0.9477391174273057,0.9477791095673119,0.9478225625655881,0.9511728656406375,0.8002200336779963,0.9984487664155237,0.999305232702342,0.9967328536583772,0.9959835778429701,0.9957821751186594,0.9285246949626924,35,1000,0.2,120,8,1.5,0.15,0.15,7
0.7841371047134201,0.9386542692996601,0.951070131543301,0.9509724805246591,0.9501883016379593,0.9537608531344971,0.8116620423782421,0.9989626376086368,0.9994282767642612,0.9981752004936407,0.9970817774095341,0.9964448896078713,0.9285246949626924,36,1000,0.2,120,8,1.5,0.15,0.15,7
0.7776429041867245,0.9396237616349352,0.9502317431579738,0.9501551029921008,0.9502279111496801,0.9536012575275628,0.8035219300430531,0.9986357067908395,0.9993521940851282,0.9972440982405089,0.9963018172267638,0.9964998043219354,0.9285246949626924,37,1000,0.2,120,8,1.5,0.15,0.15,7
0.7682388774779748,0.9343441934563217,0.9452817105142085,0.9452371650610809,0.9452651399955396,0.949517427506905,0.797489059558733,0.9975946430047458,0.9989359777541762,0.9965659062163229,0.9953887170753541,0.9954632844093644,0.9285246949626924,38,1000,0.2,120,8,1.5,0.15,0.15,7
0.7777282415818476,0.9352978980960531,0.9450977171837828,0.9448778618922445,0.94472614718113,0.9492378883758285,0.8029417123339595,0.9983423008084366,0.9993864435771243,0.9973035937555661,0.9957635389849053,0.9960689097342119,0.9285246949626924,39,1000,0.2,120,8,1.5,0.15,0.15,7
0.784130335640986,0.9323665001998247,0.9456798188363759,0.945681631761809,0.944835902047236,0.9471746765741027,0.8108749137853238,0.9983439933348803,0.9991628313221947,0.997811496847927,0.9965045790467718,0.9961052318610767,0.9285246949626924,40,1000,0.2,120,8,1.5,0.15,0.15,7
0.7700469722181269,0.9347518304236195,0.9447545670582468,0.9447370783899756,0.9442670337919175,0.9492517927594764,0.7926732054745589,0.9988234718250226,0.999441437337955,0.9979939813578612,0.9969562878064218,0.9962700285553803,0.9285246949626924,41,1000,0.2,120,8,1.5,0.15,0.15,7
0.7746397106980024,0.9324200743406635,0.9468387309818888,0.9461546772273861,0.9460422098163682,0.9502035040240309,0.8022157752714174,0.9989065176389833,0.9994084391294491,0.9978804370072294,0.9969060146351294,0.9965509993954508,0.9285246949626924,42,1000,0.2,120,8,1.5,0.15,0.15,7
0.7732538584562251,0.9333591381391104,0.9445998292761899,0.944637015669306,0.9449698289818386,0.9494952854717962,0.8013224227082291,0.9988803854040954,0.9994237580823988,0.9978322981975882,0.9965448051884339,0.9967285785771054,0.9285246949626924,43,1000,0.2,120,8,1.5,0.15,0.15,7
0.7808571172810383,0.9295263201166709,0.9424514460158686,0.9425692964244167,0.9427524592028202,0.949080171318188,0.8032420676205858,0.9985710998142056,0.9992009799929001,0.9977225192440977,0.9964557474117092,0.9964228030839732,0.9285246949626924,44,1000,0.2,120,8,1.5,0.15,0.15,7
0.768112489020115,0.9338136852972465,0.9445740708149549,0.943951320807491,0.9438407362769116,0.947994334457904,0.8003262734702408,0.9986760301449895,0.9993647773145755,0.9976904921659797,0.997064894066698,0.9971567204753052,0.9285246949626924,45,1000,0.2,120,8,1.5,0.15,0.15,7
0.7759712234750636,0.9297326301382923,0.9411807578164919,0.9410902451583114,0.9413269175387333,0.9447890513367311,0.8026735410324707,0.9988321010873732,0.9994425444556023,0.9985330842971274,0.9976603610499705,0.9977325544976814,0.9285246949626924,46,1000,0.2,120,8,1.5,0.15,0.15,7
0.7721926690745393,0.9330616393856538,0.9449358850009854,0.9444024272711598,0.9444850824280717,0.9485563540742931,0.7995395944181692,0.998907874236378,0.9992994999507341,0.9980869035742438,0.9963983905434033,0.9962600225391665,0.9285246949626924,47,1000,0.2,120,8,1.5,0.15,0.15,7
0.7713771342383107,0.9345859185520362,0.9471564645550528,0.9471419849170437,0.9472855263951735,0.9525322714932126,0.806366407239819,0.9985082111613877,0.9992817134238311,0.9971838069381599,0.9965309683257919,0.9951886093514328,0.9285246949626924,48,1000,0.2,120,8,1.5,0.15,0.15,7
0.7792738120916863,0.9302440541444555,0.9443251990227255,0.9441381430121976,0.9444905798344836,0.9473936241877648,0.8056102289368868,0.9979206131999668,0.9987453210932435,0.9972679701004479,0.996412802346345,0.9966025319496726,0.9285246949626924,49,1000,0.2,120,8,1.5,0.15,0.15,7
0.7771285143573705,0.9371538901392842,0.9497109414265119,0.9496762367088623,0.9500384732077657,0.9540869083037911,0.8060146640410288,0.9986752603622904,0.9994102120698586,0.9974706894145036,0.9958873467560798,0.9955863482215611,0.9285246949626924,50,1000,0.2,120,8,1.5,0.15,0.15,7
0.7810493827160494,0.933791727582846,0.9445929783950617,0.9447057748538011,0.9447364359974009,0.9504193063677713,0.8066204718973359,0.9983541463612735,0.999024935022742,0.9980513929499675,0.9959494801819363,0.9959688718323587,0.9285246949626924,51,1000,0.2,120,8,1.5,0.15,0.15,7
0.7843036746833676,0.9363551379675239,0.9443134062292733,0.9443645470993125,0.9442362515062661,0.9482620923276969,0.8126476397010417,0.997598645466559,0.9989976783621599,0.9961230490718819,0.9958980883661024,0.9947878683608385,0.9285246949626924,52,1000,0.2,120,8,1.5,0.15,0.15,7
0.7808196108202194,0.934621539742217,0.946057315158241,0.9457282602185876,0.9460493557172228,0.9511791183870756,0.8073905545313438,0.9985549731897877,0.9992764673981781,0.9982590178768075,0.9965122117723821,0.9961749061926489,0.9285246949626924,53,1000,0.2,120,8,1.5,0.15,0.15,7
0.7817868462398205,0.9385680729357794,0.9475529068474179,0.9475431549274842,0.9470251329406105,0.950806049818073,0.7992528273985261,0.9984354019658506,0.9988482982558399,0.9979400044332228,0.9960607119428155,0.9956584452455538,0.9285246949626924,54,1000,0.2,120,8,1.5,0.15,0.15,7
0.7793322065994194,0.9299129631008214,0.9411369737772649,0.9411145825578798,0.941515298146356,0.9459682428534206,0.8044760919935978,0.9985272199682375,0.9995007048872181,0.9980037888657287,0.9973074316360208,0.9972897900692325,0.9285246949626924,55,1000,0.2,120,8,1.5,0.15,0.15,7
0.7761382438770694,0.935528791979274,0.9462409107106741,0.9461929481561383,0.9461322726353402,0.9497176180524121,0.806396548237039,0.9980878543017018,0.9990195606321811,0.9972848185994548,0.9962836725062842,0.9957250724735387,0.9285246949626924,56,1000,0.2,120,8,1.5,0.15,0.15,7
0.7876122623390651,0.9334170506419756,0.9455536954993768,0.9457740249510295,0.9458537416444046,0.9502957055760004,0.8163852588560664,0.9985526838166934,0.9992743711619098,0.9975122282352981,0.9950534264432195,0.9943287829783477,0.9285246949626924,57,1000,0.2,120,8,1.5,0.15,0.15,7
0.7723057270369437,0.9343510326691716,0.9457670678198814,0.9458195582056004,0.9456120916353548,0.9505345766741554,0.8004318413780847,0.9978432880822067,0.9988298578364595,0.9966632619886314,0.9959343461386844,0.9959898112994624,0.9285246949626924,58,1000,0.2,120,8,1.5,0.15,0.15,7
0.7758041106089206,0.9369250399203849,0.9486350863207819,0.9486815117856006,0.9487860944201705,0.9521955083613466,0.8063221857068729,0.9981823879033087,0.99899287825348,0.9975565967025888,0.9961790739473427,0.9954938220541012,0.9285246949626924,59,1000,0.2,120,8,1.5,0.15,0.15,7
0.7790555214752366,0.9364764959113918,0.9472254134964244,0.9469691994610331,0.9471662128919408,0.9502862682411259,0.8103158550228381,0.9992567571743793,0.9995613553905965,0.9981304970610232,0.9957313756636649,0.9955463375589495,0.9285246949626924,60,1000,0.2,120,8,1.5,0.15,0.15,7
0.7747677874565587,0.9362868603537429,0.9467438065868923,0.9466532028423689,0.946472298714074,0.9509493978086837,0.8079363419708903,0.9993111688530213,0.9996171587312888,0.9982405076398372,0.9970096719497279,0.9965393616642614,0.9285246949626924,61,1000,0.2,120,8,1.5,0.15,0.15,7
0.7693821764169517,0.933207725949257,0.9470193958180074,0.946971876420999,0.9467395170448458,0.9510423555907904,0.7986994540983099,0.9987770659391152,0.9993737724354167,0.9977653503603237,0.9961812117446237,0.9962698701787215,0.9285246949626924,62,1000,0.2,120,8,1.5,0.15,0.15,7
0.780963263541928,0.9394405822074332,0.9512368279475836,0.9512058263806588,0.9513642234541109,0.956055129358773,0.8062649282263884,0.9993574401916475,0.9996306726512649,0.9984868045468832,0.9968004588630639,0.9960804449791467,0.9285246949626924,63,1000,0.2,120,8,1.5,0.15,0.15,7
0.7633060225394429,0.9258153823388477,0.9369349015056639,0.936908269898459,0.937168581753611,0.9407810866393004,0.7936401978834942,0.9984825794425685,0.9991127316901406,0.9979495599296383,0.9975343005416578,0.9967440681242323,0.9285246949626924,64,1000,0.2,120,8,1.5,0.15,0.15,7
0.773163224528318,0.9385412402710954,0.9510780292254815,0.9506476354050135,0.9504188748137018,0.9541386637385311,0.8091944347609209,0.9993512714027802,0.9997383424209997,0.9987184345811515,0.9978429698226315,0.9970739900827222,0.9285246949626924,65,1000,0.2,120,8,1.5,0.15,0.15,7
0.7851930692992811,0.9364002980697319,0.9460403390794296,0.9455422041399089,0.9451820751772348,0.9494226927023135,0.808785717376121,0.9988815624787535,0.9993827878250335,0.998294674920113,0.9978798843878831,0.9979486459382784,0.9285246949626924,66,1000,0.2,120,8,1.5,0.15,0.15,7
0.7794714505858563,0.9369706518211584,0.946253418949243,0.9458752816795811,0.9461497329053543,0.9514223341749904,0.8068057467612694,0.9988248579797876,0.999352037652013,0.9984677395104872,0.9976163272432114,0.997390450565642,0.9285246949626924,67,1000,0.2,120,8,1.5,0.15,0.15,7
0.7759365435253843,0.9294049490856637,0.9427504667081519,0.9416567308103384,0.9419834067240809,0.945031854117878,0.7993660646566944,0.9990232380282827,0.999431360254358,0.9982845803426802,0.9972454718621299,0.9964362537625623,0.9285246949626924,68,1000,0.2,120,8,1.5,0.15,0.15,7
0.7781962447049673,0.9377586572212427,0.9473436022014655,0.9470429766401413,0.9468883279138831,0.9505791811595649,0.807125577367289,0.9974231957094566,0.9986387057915418,0.9962206934641594,0.9953035927934272,0.9951580977300939,0.9285246949626924,69,1000,0.2,120,8,1.5,0.15,0.15,7
0.7809703179837788,0.9312624221175104,0.9429175267453718,0.9430726797915157,0.9432173007641312,0.9471524930149435,0.8001417149004754,0.999004426493977,0.9995317128047877,0.9979195254013622,0.9965319247140079,0.9958074545821395,0.9285246949626924,70,1000,0.2,120,8,1.5,0.15,0.15,7
0.7740036778034959,0.9323485530551643,0.9427859400507103,0.9426192993362861,0.9427905255973016,0.9485485086436578,0.7983227826735805,0.9987442431877315,0.9993447546615496,0.9978315242864206,0.9960467710141941,0.9955720205947629,0.9285246949626924,71,1000,0.2,120,8,1.5,0.15,0.15,7
0.7643121738651943,0.9250078734810621,0.940116273851184,0.9402284733954392,0.9395187868868198,0.9438109560610974,0.7966719859007125,0.9976163938559139,0.9983507642642695,0.9964566408275994,0.9965674744643593,0.996380345137506,0.9285246949626924,72,1000,0.2,120,8,1.5,0.15,0.15,7
0.76746572265625,0.934126953125,0.944007421875,0.94229404296875,0.943051171875,0.94874228515625,0.78972236328125,0.9989875,0.99923330078125,0.9981951171875,0.9980556640625,0.99804814453125,0.9285246949626924,73,1000,0.2,120,8,1.5,0.15,0.15,7
0.7698721824021959,0.9389928486072542,0.950534290428346,0.9504337159932066,0.9502934121543354,0.9538290288642625,0.8094849998483878,0.9992350338485513,0.9996859675846094,0.9986120727950757,0.9981819544644992,0.9978328961264231,0.9285246949626924,74,1000,0.2,120,8,1.5,0.15,0.15,7
0.7792259671739604,0.9277386641999418,0.940799385276491,0.9407925332628555,0.9378291352514078,0.9442310694769711,0.8030139071405323,0.9990851582937507,0.9991952799414642,0.9986745269051657,0.997155729139901,0.9964721918368046,0.9285246949626924,75,1000,0.2,120,8,1.5,0.15,0.15,7
0.785331820365441,0.935732500990166,0.9477951329544014,0.9476195719473827,0.9476294424625152,0.9516796118951782,0.8051570854151257,0.9979894814807574,0.9984488916705214,0.9963873914614677,0.9955977502508596,0.9959313353302439,0.9285246949626924,76,1000,0.2,120,8,1.5,0.15,0.15,7
0.7742789594222909,0.9388563538765715,0.9488217342231281,0.9484275374570091,0.9485337915369311,0.9516485232444009,0.7973490096258761,0.9992176725386233,0.9995787015947113,0.998383098595959,0.9973874802559177,0.996711602554168,0.9285246949626924,77,1000,0.2,120,8,1.5,0.15,0.15,7
0.7676832295550268,0.9316240233086489,0.9435193177244753,0.9427113711579752,0.9421425416682473,0.9464394326293974,0.7954959002441003,0.9980683396995492,0.99876160368763,0.9974880029442996,0.9964408417818279,0.9965776612184966,0.9285246949626924,78,1000,0.2,120,8,1.5,0.15,0.15,7
0.7853573903465008,0.9389883734999395,0.9499427238914441,0.9499585357115359,0.950168214195361,0.9532654649421504,0.8128343070533681,0.9984049703719883,0.9987483127511231,0.9969402654971551,0.9957529058393346,0.9956425177288805,0.9285246949626924,79,1000,0.2,120,8,1.5,0.15,0.15,7
0.7837353705318458,0.936577069547038,0.9447296339868116,0.9447016465886945,0.9442655661259901,0.9466828444803234,0.8073110250205402,0.9986040195714229,0.999234171818995,0.9978137871539973,0.997029752637885,0.9968978535505646,0.9285246949626924,80,1000,0.2,120,8,1.5,0.15,0.15,7
0.7766467547443533,0.9318615295612158,0.9433698083237196,0.9432011824427977,0.9425938764299042,0.9453288442932538,0.8017523671563074,0.9980351292248976,0.998816604184003,0.9963299072975816,0.9939426938460987,0.9942450340212926,0.9285246949626924,81,1000,0.2,120,8,1.5,0.15,0.15,7
0.7534295501986806,0.9233170816857428,0.936364011045625,0.9355362195160387,0.9359705773254362,0.9410395397494612,0.7883423561898897,0.9980087812234072,0.999000366086343,0.997343231402935,0.9957314817284124,0.9960218294134618,0.9285246949626924,82,1000,0.2,120,8,1.5,0.15,0.15,7
0.7758355260117561,0.9330330558301797,0.945123490026916,0.9452373129237643,0.9454559701281822,0.94984210859017,0.8000848835474523,0.9964734442388468,0.9979552913431385,0.9962372006641004,0.9957738975080016,0.9958892836377681,0.9285246949626924,83,1000,0.2,120,8,1.5,0.15,0.15,7
0.7770252901470174,0.9341804365526457,0.9469116943167013,0.9468775195194884,0.9466781499299167,0.9487250509035099,0.8010238689537013,0.9986497467876687,0.9992336077546301,0.9981039463820348,0.9970887655983539,0.9967719263705489,0.9285246949626924,84,1000,0.2,120,8,1.5,0.15,0.15,7
0.7730031401372943,0.931772840288853,0.9417296510188111,0.941215243038702,0.9413475844716743,0.945690483501897,0.8014837891650405,0.9978264702677536,0.9987487989222494,0.9968659052411566,0.9965284147754851,0.9951007914730909,0.9285246949626924,85,1000,0.2,120,8,1.5,0.15,0.15,7
0.7782442351874161,0.9391402353809848,0.9470693283910897,0.9471479656368895,0.9475735433864906,0.952306900681744,0.8088709057410653,0.9992272866169555,0.9995347133682148,0.9984130106201259,0.9973475052089859,0.9970210533176137,0.9285246949626924,86,1000,0.2,120,8,1.5,0.15,0.15,7
0.7756271057026962,0.9319998091147698,0.9457434502505369,0.9453237890718206,0.9447183011214507,0.9479833929849678,0.8039171558100692,0.9984369362920544,0.9992064900978287,0.9975919828203292,0.9965836315915056,0.9963663087568599,0.9285246949626924,87,1000,0.2,120,8,1.5,0.15,0.15,7
0.7756420901932713,0.9360154617036507,0.9480756859937962,0.9481462180863756,0.9485307563827249,0.9513738964447626,0.8055239322357433,0.9990787878787879,0.9995018849916488,0.9977200668098306,0.9968086852779766,0.9967290861369602,0.9285246949626924,88,1000,0.2,120,8,1.5,0.15,0.15,7
0.7780724609375,0.93869443359375,0.94981669921875,0.94993291015625,0.95008173828125,0.95382451171875,0.805645703125,0.99878955078125,0.99948916015625,0.99806953125,0.9961767578125,0.99600048828125,0.9285246949626924,89,1000,0.2,120,8,1.5,0.15,0.15,7
0.7813538845191281,0.9345443372520121,0.9452394441780734,0.9444608604002915,0.9439150966109785,0.9481568531995439,0.8110220552316878,0.9990324338642655,0.9992309290861109,0.9987064466521045,0.9977395670117025,0.9975373451009094,0.9285246949626924,90,1000,0.2,120,8,1.5,0.15,0.15,7
0.7920133325593096,0.9369993033786137,0.9468302759394713,0.9461421688145826,0.9463407059096715,0.9505138550253492,0.8190770734161539,0.9978804326792833,0.998831707883432,0.9973051395177832,0.9958883857734433,0.9959080266264174,0.9285246949626924,91,1000,0.2,120,8,1.5,0.15,0.15,7
0.7722532062472764,0.9332498543273947,0.9448213050486819,0.9446569762968342,0.9444827878198756,0.9481810547121946,0.8002630419997224,0.9987912170342024,0.9992602306247702,0.9970848079422212,0.9963732644467206,0.9963389487367759,0.9285246949626924,92,1000,0.2,120,8,1.5,0.15,0.15,7
0.7717892025823438,0.9330472067358506,0.946385016008307,0.9463687913728205,0.9458772235476633,0.9491884012398711,0.7959715388989499,0.999153421698364,0.9995727512655216,0.998268985913926,0.9975769279502568,0.997362627556539,0.9285246949626924,93,1000,0.2,120,8,1.5,0.15,0.15,7
0.7690511485658807,0.932914799422369,0.9458007624910452,0.9441162509478079,0.9445748146069475,0.9485259099275642,0.797812237685522,0.9976216984423673,0.9983629464056303,0.9957997258836734,0.9951071149487528,0.9951526077651619,0.9285246949626924,94,1000,0.2,120,8,1.5,0.15,0.15,7
0.7804162592268546,0.9402940818684995,0.9504356291884423,0.9504222752998679,0.9504376761348661,0.9536687323280292,0.8087945396047093,0.9984822379635652,0.9990655202207115,0.9977779909201355,0.9972190770727964,0.9974324468690687,0.9285246949626924,95,1000,0.2,120,8,1.5,0.15,0.15,7
0.7806483902371218,0.9369057888814171,0.9475496969859849,0.9461340794563083,0.9461052355108149,0.9503496270123452,0.8076683745629478,0.9984697942363496,0.9988030254837735,0.9970235607781801,0.995522789621023,0.9952724478005802,0.9285246949626924,96,1000,0.2,120,8,1.5,0.15,0.15,7
0.781569276192256,0.9331758258280777,0.945337858597791,0.945004366449517,0.9450397441118303,0.9506190321825211,0.804185600445451,0.9987829315084612,0.9993353229422987,0.9984427099135516,0.9967173759311151,0.9967436207729943,0.9285246949626924,97,1000,0.2,120,8,1.5,0.15,0.15,7
0.7726305404185185,0.9309210460057326,0.9439621150814254,0.9439008241093937,0.9440137184350295,0.9488215587684984,0.8023518660031639,0.9977845088075319,0.9988208921452502,0.9965096757726762,0.9944313459104198,0.9950451188838636,0.9285246949626924,98,1000,0.2,120,8,1.5,0.15,0.15,7
0.7706033139429171,0.9381041416066432,0.9486908540377241,0.9487607489227081,0.9487066049977205,0.9535032645341245,0.7984690263770499,0.9981639302819195,0.9990879209727084,0.9967907419007334,0.9962984259573459,0.9962100236943661,0.9285246949626924,99,1000,0.2,120,8,1.5,0.15,0.15,7
