covariates_only,core1_ptau217,core2_ptau217_ab,core3,core4_hypothesis,core5_hypothesis,gfap_nfl_only,full_panel,full_panel_enet,broad_no_ptau,discovery_only,extras_only,oracle_core5,rep,n_train,prevalence,n_extra,n_informative,d_extra,rho_core_extra,rho_extra,condition
0.7757511568061964,0.9345880210927373,0.9449344544739684,0.9398129318902921,0.939670616520396,0.9380122618614368,0.801342293131313,0.8683692672415745,0.9218922760332342,0.7922040469018271,0.7285227847678039,0.7109211581522666,0.9285246949626924,0,100,0.2,120,8,0.35,0.15,0.15,0
0.7312224729477126,0.9280252016354252,0.9413862388942261,0.9365159086564837,0.9380356526682405,0.9420223369105158,0.7782268991214678,0.8411826299366235,0.9005499576745584,0.7357367233405572,0.654648127874965,0.6337002862242479,0.9285246949626924,1,100,0.2,120,8,0.35,0.15,0.15,0
0.7682227577485069,0.9303888817999961,0.941620594515561,0.9415041364415819,0.9411508867429729,0.9422269128408203,0.8024738330237312,0.8557457478027742,0.9013203845906784,0.7836516116993277,0.6928412485584438,0.6643896303483152,0.9285246949626924,2,100,0.2,120,8,0.35,0.15,0.15,0
0.7765840986673108,0.9214711193180789,0.9371454847160404,0.9366479703983341,0.9360538598245901,0.9312654177361771,0.812314927822638,0.8821718481305331,0.9220483715683018,0.8143199056786488,0.7306045714541496,0.7086363350547232,0.9285246949626924,3,100,0.2,120,8,0.35,0.15,0.15,0
0.7700233058264566,0.9288261065266317,0.9420521130282571,0.9330444611152788,0.9329155288822205,0.9366305576394098,0.781067166791698,0.7921699424856214,0.8296893223305827,0.7181645411352838,0.6473802450612653,0.6273150287571893,0.9285246949626924,4,100,0.2,120,8,0.35,0.15,0.15,0
0.7717748251542516,0.9280720808453213,0.9438449982234304,0.940516558724882,0.9360515885415356,0.9409527290311224,0.7762550978268392,0.8464025970397483,0.8951046942014722,0.7646623268807179,0.6947576929809259,0.6659033192678776,0.9285246949626924,5,100,0.2,120,8,0.35,0.15,0.15,0
0.769872295454377,0.9248199636356399,0.9380091664100711,0.9333153228673599,0.9330578493044994,0.9374888532191903,0.7854482264471693,0.8427947794235012,0.8995310644439058,0.7667756855977543,0.7071703118835123,0.6897577231336728,0.9285246949626924,6,100,0.2,120,8,0.35,0.15,0.15,0
0.7638129532383096,0.9162974743685921,0.9288107026756689,0.9260037009252313,0.9270263565891473,0.9352082020505126,0.7877710427606902,0.8661108277069267,0.912339584896224,0.8050442610652663,0.7387035758939735,0.7032591147786946,0.9285246949626924,7,100,0.2,120,8,0.35,0.15,0.15,0
0.7747287184453302,0.9305627177263311,0.9424825221070711,0.9420931538041888,0.9411674157784843,0.944726978050033,0.7963701386430324,0.8443300839772454,0.8888799087224649,0.7777074982144598,0.6700745422140542,0.656777941665815,0.9285246949626924,8,100,0.2,120,8,0.35,0.15,0.15,0
0.7695328088647029,0.9324807760558381,0.9417401119917977,0.9371623486730549,0.9372277100832052,0.9386462399936906,0.7861631964982846,0.8060275444615324,0.8718667928546079,0.7015086359872235,0.618222721716156,0.5881874285263614,0.9285246949626924,9,100,0.2,120,8,0.35,0.15,0.15,0
0.7462702170296002,0.913011535065652,0.9234366641989569,0.9234906302116078,0.9233352235970799,0.9308198348058692,0.7694875195602574,0.8276263548303118,0.8785868384355437,0.7516692404676112,0.6660342857607915,0.6475509748713124,0.9285246949626924,10,100,0.2,120,8,0.35,0.15,0.15,0
0.741204074768069,0.9193255817921229,0.92629211336965,0.9124113778358306,0.9053682134578064,0.909245318465045,0.7359260382910466,0.8171333594685496,0.8440195581394662,0.7339190023705652,0.6328986709451407,0.6259980016376925,0.9285246949626924,11,100,0.2,120,8,0.35,0.15,0.15,0
0.7610234668304425,0.9265400045566661,0.9373541619201394,0.9373961624946756,0.9347007954354093,0.9393401749363552,0.7392714287129399,0.8295810838921853,0.8829014076135947,0.7415938425572802,0.6315983001654268,0.612732910025656,0.9285246949626924,12,100,0.2,120,8,0.35,0.15,0.15,0
0.6386998688568981,0.903829343150961,0.9225896551235547,0.9206590137660898,0.9180163739955667,0.9267420936295625,0.6678910166188066,0.7831588956900678,0.8502118087042495,0.6684529600871558,0.5837588989961964,0.5655813905891836,0.9285246949626924,13,100,0.2,120,8,0.35,0.15,0.15,0
0.7716722656314681,0.938673184961011,0.9517895279125713,0.9517831593289315,0.9516992899813067,0.95450793334464,0.799006030656794,0.817346179844295,0.880082019519023,0.7358453574641907,0.6631911836071481,0.6368486641307947,0.9285246949626924,14,100,0.2,120,8,0.35,0.15,0.15,0
0.7740212775271686,0.9401502451265168,0.9501648720553829,0.9493942622719292,0.9483500224368877,0.9523399349131271,0.7812636893892206,0.8336900036506656,0.9096629652353941,0.7111765403047166,0.6301865100869899,0.6071117023099172,0.9285246949626924,15,100,0.2,120,8,0.35,0.15,0.15,0
0.7571934571014615,0.9281178698032904,0.9419654623603593,0.9319367895146436,0.9313522401001874,0.9358696559102556,0.7807746697982998,0.8496174744502096,0.8997564523650224,0.7490350109716328,0.666655749619073,0.6423193111654885,0.9285246949626924,16,100,0.2,120,8,0.35,0.15,0.15,0
0.7708661960784313,0.9217429622926093,0.9355639698340875,0.9312429562594269,0.9326085791855203,0.9357078974358974,0.8048660271493213,0.8414952639517346,0.8787252126696833,0.7824402533936652,0.6941425520361991,0.6709336229260935,0.9285246949626924,17,100,0.2,120,8,0.35,0.15,0.15,0
0.7600426323639927,0.9300688085730134,0.9392767979147273,0.9376574396432765,0.9385407170994765,0.9420001309932972,0.7894965045190248,0.830611220386071,0.8848287799497091,0.6954769927648166,0.6195890226836076,0.623121254013866,0.9285246949626924,18,100,0.2,120,8,0.35,0.15,0.15,0
0.7760706050883545,0.9295453252092348,0.939609591930847,0.9357629097616735,0.9327762242565174,0.9322225492793297,0.7840293762693904,0.8119232920260206,0.8483906827971232,0.7332451260314563,0.6754835702862076,0.6538642451358432,0.9285246949626924,19,100,0.2,120,8,0.35,0.15,0.15,0
0.7693985488738163,0.923217356755683,0.9394224820501178,0.9364262943307697,0.931257958017614,0.9293841700485286,0.7792269489457104,0.8257372458873722,0.8953253682209041,0.738857734767432,0.6536031255025494,0.6382079443009715,0.9285246949626924,20,100,0.2,120,8,0.35,0.15,0.15,0
0.7426531319777633,0.9131513245779703,0.9322280596696495,0.9297028882030495,0.9259118822899064,0.9275446758681216,0.768688222929612,0.8897570980747738,0.9194621682494042,0.822572932400096,0.7073127565331866,0.6802495205723554,0.9285246949626924,21,100,0.2,120,8,0.35,0.15,0.15,0
0.7615148602278478,0.9277221603747771,0.9424592595526153,0.9370699414524873,0.9371567187728561,0.9403586465882973,0.7843590383481015,0.8601283547223897,0.9216519218021805,0.7624333020682608,0.6760089149622057,0.659900559403104,0.9285246949626924,22,100,0.2,120,8,0.35,0.15,0.15,0
0.7469243572684469,0.9223290990187091,0.9321555470172748,0.9324353245375717,0.9303899410068838,0.9291443362846493,0.7589914431404171,0.8435190693089089,0.8773174122871362,0.762431362392737,0.6823847218457308,0.669547740073628,0.9285246949626924,23,100,0.2,120,8,0.35,0.15,0.15,0
0.7702254729169729,0.9311705942633322,0.9382832266661161,0.9356526823090325,0.9364101227978756,0.9347059576141039,0.7882416853622778,0.8421244206587414,0.8958938890960556,0.7435287070248936,0.6741817557557582,0.6718703627900047,0.9285246949626924,24,100,0.2,120,8,0.35,0.15,0.15,0
0.725174402582404,0.9240383089892312,0.9393567163325264,0.9395268864416529,0.9396789554072036,0.9430326036442925,0.7715311408879763,0.7967690717085031,0.8742322864580505,0.6855261223217204,0.5972047381630863,0.5716530864530944,0.9285246949626924,25,100,0.2,120,8,0.35,0.15,0.15,0
0.7659431857673717,0.9309135066979374,0.9398585253436806,0.9360751947488383,0.9353812150885268,0.9313459825161804,0.794050390781191,0.8583419284717917,0.8963515951979312,0.7561455607395826,0.6687182324025501,0.6519886490284333,0.9285246949626924,26,100,0.2,120,8,0.35,0.15,0.15,0
0.7655404657751201,0.9357073802768338,0.9437753315755106,0.9401764032428603,0.9411389781368862,0.9412687549635592,0.7977876285958481,0.8335526568047061,0.8857215139627592,0.743150728267781,0.6673203397298529,0.6414604992735257,0.9285246949626924,27,100,0.2,120,8,0.35,0.15,0.15,0
0.772191794486906,0.9269150472408404,0.9379927353452057,0.9371150350486342,0.9346812450617606,0.9360779058223326,0.7891548940623956,0.8421979182995514,0.8961630770911613,0.7607607105364412,0.6415815983190589,0.6188776717953103,0.9285246949626924,28,100,0.2,120,8,0.35,0.15,0.15,0
0.7609402516987657,0.9246229544449359,0.9386735555466206,0.925299847211612,0.9191921313980137,0.9259698041896184,0.7666227735113184,0.8464130915524104,0.8828268867355554,0.7761754654014716,0.6888517751598247,0.6755023923444976,0.9285246949626924,29,100,0.2,120,8,0.35,0.15,0.15,0
0.7739063852635962,0.9308890589997793,0.9409725320484221,0.9393642405514098,0.938619190073873,0.9375357115461984,0.7662145095718684,0.8513655116867748,0.8960808681604072,0.7452378408544785,0.6778562192489344,0.6810659534532771,0.9285246949626924,30,100,0.2,120,8,0.35,0.15,0.15,0
0.7523987888781486,0.9191588458305352,0.935072684983841,0.9286031105592429,0.9273122307785695,0.93681748573501,0.7734639491086014,0.8461834140389323,0.9056537845060617,0.7640121926668808,0.6822271787054013,0.637108337085593,0.9285246949626924,31,100,0.2,120,8,0.35,0.15,0.15,0
0.7702260784510033,0.9268868001147064,0.9387835986434879,0.9389051763659602,0.9363766550690379,0.938551468870541,0.7916943415955978,0.8307077959671832,0.8660329661686115,0.7622653463818224,0.6835268880208141,0.6678847080918884,0.9285246949626924,32,100,0.2,120,8,0.35,0.15,0.15,0
0.7746910775581417,0.9311037566928586,0.9371917294599567,0.9363334908433476,0.9361835534259219,0.9409365102945174,0.7926574915766383,0.8842466346062671,0.9356821816664664,0.7947210571397867,0.6766188697523879,0.6441576164257132,0.9285246949626924,33,100,0.2,120,8,0.35,0.15,0.15,0
0.7358587422688494,0.9245775008916267,0.9301256698842845,0.9316652055243211,0.9313851047307249,0.9313597821442584,0.7769990193076475,0.7951329018597451,0.864388332438796,0.7306632460800442,0.6723456205120324,0.6517324529999212,0.9285246949626924,34,100,0.2,120,8,0.35,0.15,0.15,0
0.7761543008135735,0.9332314259344716,0.9375187668704288,0.9247895937505927,0.9237873440966933,0.9209158153750846,0.7905618247877566,0.8562612798768577,0.8952224881630434,0.7865296145166286,0.7025469803907934,0.6720263202394574,0.9285246949626924,35,100,0.2,120,8,0.35,0.15,0.15,0
0.772029648719369,0.9276874405764692,0.9345639689871064,0.9348526181283175,0.9321380879067142,0.9255789008225349,0.7901600390597562,0.8264473048346044,0.88576383970914,0.75161645438288,0.685030720789916,0.6729244418650265,0.9285246949626924,36,100,0.2,120,8,0.35,0.15,0.15,0
0.7108873201023371,0.9239902550482755,0.9291699061323635,0.9247812037914427,0.9187362310229205,0.9225055914475709,0.7706606034251086,0.8474096852936444,0.9012765591263885,0.7650878239615441,0.7174048854936227,0.6868191381843259,0.9285246949626924,37,100,0.2,120,8,0.35,0.15,0.15,0
0.7638563796091031,0.9315418614357553,0.9361890062861409,0.9326241251402672,0.9231899794961019,0.9293742438383887,0.7489234930173208,0.8339632831795766,0.89242705485812,0.714712615973024,0.6620518192686401,0.6508360305194976,0.9285246949626924,38,100,0.2,120,8,0.35,0.15,0.15,0
0.758452228005648,0.9242119327817462,0.9345332188068197,0.9325885194511537,0.9230415109668926,0.9307657859381997,0.7814416147259562,0.8834396129591155,0.9206949899544585,0.8310348253593025,0.7684626283834877,0.7476811562283581,0.9285246949626924,39,100,0.2,120,8,0.35,0.15,0.15,0
0.7283164290764801,0.9346191386166731,0.9411266958860337,0.9303694415248964,0.9001048288719465,0.8887677223274699,0.7093374852595136,0.7944185963415028,0.8507256103540574,0.7407926256388117,0.6606366751450539,0.6594242569435262,0.9285246949626924,40,100,0.2,120,8,0.35,0.15,0.15,0
0.7678303042289011,0.9321222037104083,0.9400130558846228,0.9382709580631906,0.938933010389947,0.9436756176036187,0.7721722525813344,0.825750723214852,0.8681440354817499,0.7495444819977316,0.6704018486250152,0.6475867493408038,0.9285246949626924,41,100,0.2,120,8,0.35,0.15,0.15,0
0.7600244827089659,0.935980075740117,0.94671268183242,0.946597695495872,0.9468291187955853,0.9501081152018029,0.7803801589480598,0.8565687129431386,0.9067860216458635,0.758846864020872,0.6948809030711603,0.6760908397861235,0.9285246949626924,42,100,0.2,120,8,0.35,0.15,0.15,0
0.7673687301371676,0.9300835125167355,0.9399752749822003,0.9391330016575339,0.9396803769234078,0.943302239986753,0.7679841738041782,0.8545806376994987,0.9237069271105423,0.7593876613442964,0.6585638289002244,0.6464229811404695,0.9285246949626924,43,100,0.2,120,8,0.35,0.15,0.15,0
0.7364726930152363,0.9085749514142643,0.9125630103826468,0.912884526513266,0.9134260681405018,0.9198158138677267,0.7616591239498915,0.848663809950653,0.8904905406468052,0.7716392945393777,0.6594504049747455,0.6368812315539805,0.9285246949626924,44,100,0.2,120,8,0.35,0.15,0.15,0
0.7650358673451857,0.9354054892996589,0.9399935815766136,0.9393275995807098,0.9284149171012048,0.932989674164269,0.7884644754282136,0.8432125367363241,0.9056113119991326,0.7670817032981099,0.6554006496877273,0.640813385751431,0.9285246949626924,45,100,0.2,120,8,0.35,0.15,0.15,0
0.6727136388235165,0.901272849770508,0.9148302633035922,0.9144953438792013,0.9148790975968459,0.9079272776470332,0.7078538605019659,0.7941903566599449,0.8324451535326787,0.7220897880377231,0.6203002110109342,0.6129661969217045,0.9285246949626924,46,100,0.2,120,8,0.35,0.15,0.15,0
0.730581183020954,0.9176097614180571,0.9303151282741678,0.9195302617402367,0.9084590356989486,0.9066318084840493,0.7503332476065939,0.8139252825058289,0.8505957002204344,0.7380804615881824,0.6816402704779245,0.6483502231108825,0.9285246949626924,47,100,0.2,120,8,0.35,0.15,0.15,0
0.7731396211150813,0.9349705771879304,0.9424911635253441,0.939519218730437,0.9363535938207279,0.937519237992507,0.7729594244493456,0.8618792075584363,0.9144282536044148,0.7963666920283923,0.6799419248586646,0.6735898720035443,0.9285246949626924,48,100,0.2,120,8,0.35,0.15,0.15,0
0.7197390155024396,0.8831539497251559,0.8913051448335495,0.8912169970971527,0.8911996047186709,0.8983206966833426,0.7497550985115188,0.8502759310728182,0.900169130998703,0.7938026805015131,0.7209027237354085,0.7003690445309122,0.9285246949626924,49,100,0.2,120,8,0.35,0.15,0.15,0
0.7130939502953155,0.9259251494746376,0.9262208443095815,0.9218304448679875,0.9217143432160497,0.9210977965244177,0.7611115170842133,0.8462753232377805,0.8961214660873364,0.7820496463841173,0.6934744682184956,0.6706148216387124,0.9285246949626924,50,100,0.2,120,8,0.35,0.15,0.15,0
0.7651061871933692,0.9258293349648945,0.9330789122435452,0.9328837763256735,0.9306801349782742,0.9242081757951301,0.7887206563510207,0.840998066096758,0.8866410496732571,0.7608130994809931,0.6822991243458534,0.6747834171722144,0.9285246949626924,51,100,0.2,120,8,0.35,0.15,0.15,0
0.7000427790696534,0.9063659376563742,0.9252572140621473,0.9248936900872261,0.9253801548288346,0.931966463564203,0.7327903531235589,0.7881241966659799,0.8786987705923331,0.7067583080681717,0.6253716186383305,0.6000013736398513,0.9285246949626924,52,100,0.2,120,8,0.35,0.15,0.15,0
0.7655425724435309,0.9156915927522956,0.9298412485632933,0.9298144383128408,0.9284199081004193,0.9333314466860793,0.7954282565145185,0.8603450082044332,0.8927249392425112,0.7833918442225152,0.7133307019569001,0.6949711417443046,0.9285246949626924,53,100,0.2,120,8,0.35,0.15,0.15,0
0.7536388757029638,0.9232479726260515,0.9361029626943242,0.9359733788082292,0.934939201561836,0.9391726908146703,0.7704178308194602,0.8814346768205696,0.9171910050175149,0.8053619337407185,0.7195524627220923,0.7012267498356701,0.9285246949626924,54,100,0.2,120,8,0.35,0.15,0.15,0
0.7819860944911917,0.9333980669522183,0.93347166663304,0.9324367244031061,0.927574882939092,0.9352531199113091,0.7911777189801262,0.81130481625134,0.8573829525899652,0.690177549520887,0.6250525356795055,0.6190776056063065,0.9285246949626924,55,100,0.2,120,8,0.35,0.15,0.15,0
0.7254978443057103,0.9310811723731068,0.938767290666118,0.9363398343595876,0.9354876950186355,0.939095151029546,0.7831987882360328,0.8509069629505885,0.8882250116090346,0.7750335275662117,0.7031577069852907,0.6906266954125639,0.9285246949626924,56,100,0.2,120,8,0.35,0.15,0.15,0
0.7474519230769231,0.9215489130434783,0.9410945214206083,0.9367232043319,0.9362614468864469,0.9374887521898392,0.7680932473323777,0.8544849896480331,0.895867275840102,0.7824038461538462,0.6674339066730371,0.6485458472686734,0.9285246949626924,57,100,0.2,120,8,0.35,0.15,0.15,0
0.7670769746441106,0.9335160100950353,0.946895283725699,0.9369281123072677,0.9367429709373398,0.9402606569659687,0.7939513584920541,0.8571009306360661,0.8929994282108916,0.7613726881974842,0.6957298197878465,0.6784788438029891,0.9285246949626924,58,100,0.2,120,8,0.35,0.15,0.15,0
0.7749766715062795,0.9295775901010787,0.9417677858186548,0.9401350572064278,0.9386126729255725,0.9392385699568071,0.7899600004216488,0.8671222150023998,0.9161271866866518,0.783630046113486,0.7075734991406004,0.6970478491123954,0.9285246949626924,59,100,0.2,120,8,0.35,0.15,0.15,0
0.7731249260617532,0.9305845064868489,0.9370585393745811,0.9364724555384676,0.9345675105485232,0.9387192909815055,0.7735833431917662,0.8334233408257423,0.899283094759257,0.7528264127134351,0.6107729011396349,0.6092544067195078,0.9285246949626924,60,100,0.2,120,8,0.35,0.15,0.15,0
0.7709706831955813,0.9279236620506132,0.9349173033875662,0.9332591984244135,0.9332631133281561,0.9371042068123335,0.7906471803765164,0.8539669289938631,0.9061404692289043,0.774533723028581,0.6572793004047915,0.636790985867293,0.9285246949626924,61,100,0.2,120,8,0.35,0.15,0.15,0
0.7672593903830985,0.9351895575726836,0.9449789270036836,0.9440954658007141,0.9440708084023621,0.9433239186034432,0.8009854549065404,0.8532641091210297,0.8957390582078028,0.7724333344706319,0.6949720219764319,0.6733173786586012,0.9285246949626924,62,100,0.2,120,8,0.35,0.15,0.15,0
0.725782307067099,0.9229038110595871,0.9310545264516342,0.9308966514375276,0.9288296290703933,0.9219198938639507,0.7924190305648386,0.8536476992518337,0.8870554678035241,0.7859915710864199,0.7120220152086919,0.6906014428557329,0.9285246949626924,63,100,0.2,120,8,0.35,0.15,0.15,0
0.7861577062527121,0.9337192168731194,0.941307308315279,0.9400253568879655,0.9398213016933203,0.9450277888602951,0.8089875484606251,0.8743243527854031,0.9222121530266929,0.7995608740158857,0.7229758996310713,0.7008557800670462,0.9285246949626924,64,100,0.2,120,8,0.35,0.15,0.15,0
0.7595119020210561,0.9296265426762701,0.9360795176248312,0.9329251864906893,0.931721943679635,0.9340764385083191,0.7869003461688472,0.8221229618581586,0.871539637580207,0.7355184375696178,0.6410428512133399,0.615686922145985,0.9285246949626924,65,100,0.2,120,8,0.35,0.15,0.15,0
0.7714993914423891,0.9252099408500444,0.9383302354779867,0.9382921045797034,0.9376314891681355,0.9426337443658476,0.7877269220662068,0.837078485490665,0.914845828230004,0.7319710005394033,0.6243534075384306,0.6046317611749464,0.9285246949626924,66,100,0.2,120,8,0.35,0.15,0.15,0
0.7717196735564664,0.9354101943810275,0.9469644619845868,0.9449239014947447,0.9452231696001286,0.9453760241737105,0.7900626069261003,0.8522896076963336,0.9033762979660536,0.7454272448761032,0.6566871857108084,0.6335966277397019,0.9285246949626924,67,100,0.2,120,8,0.35,0.15,0.15,0
0.7664191361880306,0.9300177582791034,0.9442841191906254,0.9366162283906204,0.9368283360171341,0.9411677086099981,0.7844493581572464,0.8217266146461243,0.8784104988296989,0.7359960893327434,0.6481729900215709,0.6240886717250382,0.9285246949626924,68,100,0.2,120,8,0.35,0.15,0.15,0
0.7741992369785711,0.9349803527390275,0.9474237789802894,0.9409967952481906,0.9397553209078379,0.9434033529368135,0.7733117107873738,0.8625955901440747,0.9066300234561873,0.7887913650944738,0.7036824321192156,0.6418319969899439,0.9285246949626924,69,100,0.2,120,8,0.35,0.15,0.15,0
0.7687660884077249,0.9326197855084245,0.9445510910865602,0.944498842250468,0.9407144099788156,0.9419269101327717,0.7882308486365652,0.8327138526578973,0.8905697682653463,0.7473295360072421,0.6670719559808849,0.6548661275125628,0.9285246949626924,70,100,0.2,120,8,0.35,0.15,0.15,0
0.7626165822978984,0.9301017218898604,0.9411801081454211,0.9399047975149563,0.9386937221966559,0.9385171230250038,0.7881126323055684,0.8491948535051388,0.899530890473999,0.7675213798128547,0.685440635066728,0.6597061474152477,0.9285246949626924,71,100,0.2,120,8,0.35,0.15,0.15,0
0.7382223272083953,0.902637710586627,0.9250990108962245,0.9253107032286599,0.9213301636444051,0.9205858228458847,0.7701998311286237,0.8504125286478228,0.8911163604197659,0.7779880181737767,0.6889615415544208,0.6706088416227736,0.9285246949626924,72,100,0.2,120,8,0.35,0.15,0.15,0
0.7553719342844708,0.9303861942902222,0.9384526730767284,0.9385500765996533,0.9381972325699924,0.9349402964688391,0.78516701268595,0.8658341218933128,0.919029816341897,0.7766922562156493,0.6970002964818386,0.6837262112323068,0.9285246949626924,73,100,0.2,120,8,0.35,0.15,0.15,0
0.7564194073276513,0.933169073881405,0.9373783601703374,0.9372928247811806,0.929797089263787,0.9335812504914741,0.7866082014166551,0.8607154954965854,0.9081633463183301,0.7627473248688899,0.693010369346536,0.6642234104972811,0.9285246949626924,74,100,0.2,120,8,0.35,0.15,0.15,0
0.7718757663733101,0.9302068878485562,0.9375096937191363,0.9233802560778088,0.9196563982563406,0.9220670541312953,0.7540124771331106,0.8383055805155045,0.8660441915038979,0.787915975062978,0.7212495435440149,0.6913842175327891,0.9285246949626924,75,100,0.2,120,8,0.35,0.15,0.15,0
0.767879924480971,0.9305046154325748,0.9428499316105277,0.9420509668000028,0.9413499359767121,0.9409490920730653,0.7834081421922622,0.8665098721308886,0.9011946537995993,0.7966219065465631,0.7178938727971778,0.7051094968643753,0.9285246949626924,76,100,0.2,120,8,0.35,0.15,0.15,0
0.762810946382116,0.9294438328877707,0.944163741688044,0.9399193243507813,0.9376665469746919,0.9378306083524299,0.7310253960687942,0.8682600552998007,0.9212720046604165,0.7734278832852792,0.7091129483046623,0.7005169754173384,0.9285246949626924,77,100,0.2,120,8,0.35,0.15,0.15,0
0.7660751623509843,0.9281536037427803,0.9388075797735385,0.9273288054201642,0.9270651761195841,0.9324475350079074,0.7800266845946218,0.8540775488695186,0.8852889909043531,0.7644932896605867,0.6814399837384999,0.6690036759865099,0.9285246949626924,78,100,0.2,120,8,0.35,0.15,0.15,0
0.7746023693122669,0.9206780136814267,0.9354500770883023,0.9343937816634063,0.9342912568168541,0.9390546190887488,0.8021174625270189,0.8441956761069389,0.8980798204347692,0.7854366600100389,0.7129721583646498,0.6842262678440153,0.9285246949626924,79,100,0.2,120,8,0.35,0.15,0.15,0
0.7244690285184802,0.9171429004786238,0.9234774076859528,0.922234360614249,0.910471162214048,0.910202283479736,0.7162603478916558,0.8446909155232262,0.8913851056545691,0.7620097198185098,0.6651974200248274,0.63994921442104,0.9285246949626924,80,100,0.2,120,8,0.35,0.15,0.15,0
0.7755207284821175,0.9296606336713392,0.9267891466754179,0.9265339581037687,0.9244330598321172,0.9204026365480462,0.7950748113219812,0.8396473217117313,0.9043713575795634,0.7561675660151462,0.6473129460875485,0.6302630796208042,0.9285246949626924,81,100,0.2,120,8,0.35,0.15,0.15,0
0.763004656141759,0.9273963905834585,0.9436668820110643,0.943362696425376,0.9435743211171552,0.9484806463041999,0.7973837050581489,0.8348701696464832,0.8746191452992815,0.7479596749349084,0.6477827829962151,0.629121052113477,0.9285246949626924,82,100,0.2,120,8,0.35,0.15,0.15,0
0.7488123592687401,0.9337398914354497,0.9444559963153258,0.9428070599072571,0.9389753280494195,0.9428995426272165,0.7822366305557216,0.8265649194140132,0.8764719488731133,0.7468481685779085,0.6864453666970335,0.6581515488924635,0.9285246949626924,83,100,0.2,120,8,0.35,0.15,0.15,0
0.7602612829413298,0.929885140494499,0.9393698043657634,0.9386730857622706,0.9384754385052059,0.9406597532765923,0.7946685445881151,0.8607038877648269,0.9111461607717611,0.7591216613603268,0.6603152488176991,0.6374340442447091,0.9285246949626924,84,100,0.2,120,8,0.35,0.15,0.15,0
0.7617393515837583,0.9336202863965529,0.9412735680172355,0.9352397119533745,0.9354779800932758,0.9417254894177424,0.7923218310823853,0.8697802835011426,0.9161853630782258,0.7682045031413646,0.6932440231570558,0.658586759568864,0.9285246949626924,85,100,0.2,120,8,0.35,0.15,0.15,0
0.75995530437065,0.9189762592630674,0.9212309135617288,0.9203378842116693,0.9211837755902302,0.9133326632253067,0.7713674936740554,0.8314212693631698,0.8471555594341178,0.7544219209424214,0.6859619376720812,0.6698593761985502,0.9285246949626924,86,100,0.2,120,8,0.35,0.15,0.15,0
0.7590056145530687,0.918652415285573,0.9256779298646255,0.9200383827919683,0.9206009478326149,0.9215260259063851,0.7758406758218703,0.8528692966557323,0.8932913993932855,0.764129785264515,0.6842658446238747,0.6652360098812294,0.9285246949626924,87,100,0.2,120,8,0.35,0.15,0.15,0
0.7766481644131717,0.9297313101172467,0.9400132638858361,0.9400898208099463,0.9396874982243878,0.9359629241196278,0.7931053113260088,0.8475222321606667,0.9019558998224737,0.7502992249309218,0.6732623247925512,0.656086659248221,0.9285246949626924,88,100,0.2,120,8,0.35,0.15,0.15,0
0.7637993619404557,0.9340836777470645,0.9459191177749965,0.9459129312808092,0.9444374524171599,0.9456578350595586,0.8002371360553134,0.8332633486178406,0.9110110510118978,0.7583259578722945,0.6485580248689333,0.6458382873618816,0.9285246949626924,89,100,0.2,120,8,0.35,0.15,0.15,0
0.7632757169094356,0.9303152897655753,0.9383693332370231,0.933664143259131,0.9327838320349211,0.9387996703347452,0.7673820268492456,0.8482669483346813,0.9128463271256639,0.7606115937807261,0.6656666583776696,0.6291036949585925,0.9285246949626924,90,100,0.2,120,8,0.35,0.15,0.15,0
0.7713427713427713,0.9309247684938292,0.9417337779768719,0.9338780927731204,0.9294166779249652,0.93471134907599,0.7854866073650604,0.8401406931793672,0.8935295832533402,0.7706462263368341,0.7111650561374319,0.6951120971010474,0.9285246949626924,91,100,0.2,120,8,0.35,0.15,0.15,0
0.7830011345226441,0.9291611799978315,0.9407840462860098,0.939105734524844,0.9363448532427391,0.9393062794728398,0.7868547009621444,0.8363104404367755,0.8621378209308428,0.7573357024219387,0.6855754756116915,0.665862064359804,0.9285246949626924,92,100,0.2,120,8,0.35,0.15,0.15,0
0.7111513297675928,0.9250464663711843,0.9381405679742982,0.9376814141088413,0.9376277656045616,0.9374768731447767,0.7621245619672123,0.8878686328891817,0.9359199065530053,0.8047077480813168,0.7264598096338407,0.6913255491770223,0.9285246949626924,93,100,0.2,120,8,0.35,0.15,0.15,0
0.7788127654100584,0.9316115427007908,0.93841949031103,0.9384858611533708,0.9365754756707365,0.9365409706525535,0.7984486622023234,0.8467518754894727,0.9027718966108448,0.7726850456228674,0.676802540194925,0.6442591274081668,0.9285246949626924,94,100,0.2,120,8,0.35,0.15,0.15,0
0.7801897143056243,0.9284477345476746,0.940175496999747,0.9385567351551481,0.9363792604577109,0.9411893416410271,0.7805554671865792,0.8363739204467128,0.89318302149184,0.741704425467838,0.6489655716993051,0.6398243060636771,0.9285246949626924,95,100,0.2,120,8,0.35,0.15,0.15,0
0.7685541198878482,0.9316416338528216,0.9434099380407405,0.9401080546445576,0.9406034801695158,0.9404110503070445,0.7905511907325147,0.8542425162685098,0.8992365830966097,0.7792884711038106,0.7016370543968942,0.6745759515538342,0.9285246949626924,96,100,0.2,120,8,0.35,0.15,0.15,0
0.762898989083274,0.918330262162936,0.934870729421323,0.934707749382707,0.9338607426114492,0.9373843416805542,0.7833235692139028,0.8438517126363367,0.8987876340731061,0.7673983148940752,0.678824194460147,0.6607404579592256,0.9285246949626924,97,100,0.2,120,8,0.35,0.15,0.15,0
0.7839995839836029,0.9387950510439631,0.9475759825070178,0.9433218636129658,0.9427721834109364,0.945593660472081,0.7934907873442036,0.8536839891055218,0.903420583601539,0.7589366449175168,0.7019659116320291,0.6681433102338863,0.9285246949626924,98,100,0.2,120,8,0.35,0.15,0.15,0
0.7627598170495375,0.9272586487645946,0.9366279053824884,0.9362476017087757,0.9370933093312735,0.941604758580448,0.7921569506264279,0.8750865067935076,0.9174917847503901,0.8070007079397328,0.7203801637310381,0.6990060949762565,0.9285246949626924,99,100,0.2,120,8,0.35,0.15,0.15,0
0.7631196847127152,0.9299147879832397,0.9406447682987119,0.9349841160081845,0.9324088623300746,0.939525389030531,0.7620190915487741,0.8186840168506488,0.8617573417409423,0.7426413710313017,0.6253835699068414,0.6059549419669985,0.9285246949626924,100,100,0.2,120,8,0.35,0.15,0.15,0
0.7815941255411463,0.9353741109882412,0.9460645920798367,0.9431741569447836,0.9434710593461725,0.9462359317928317,0.809684563388912,0.8648893612200186,0.9117958516241967,0.7881737500378981,0.7168346952746143,0.6874508320846877,0.9285246949626924,101,100,0.2,120,8,0.35,0.15,0.15,0
0.723322647686692,0.9193410964684513,0.9254378372654251,0.9253726263981006,0.9263024040851281,0.9236041380953236,0.7712936058463159,0.8325148228769228,0.8892074968922649,0.7411104802324092,0.6856562423387925,0.6651967604838114,0.9285246949626924,102,100,0.2,120,8,0.35,0.15,0.15,0
0.7781598270824182,0.9330690435229118,0.9406063186000476,0.9344381444494856,0.9345877424553846,0.9391021558959471,0.7969447735953551,0.8882692540768103,0.9268841190164768,0.8153527408347395,0.7200557305518501,0.7077273723630102,0.9285246949626924,103,100,0.2,120,8,0.35,0.15,0.15,0
0.7591595067444241,0.9327838620756492,0.9459150918383387,0.9451528747962726,0.9432445252153098,0.9445876385119443,0.7846634918621339,0.8781100799387311,0.9290295073235476,0.788515943031589,0.7097558462903992,0.6574208166901008,0.9285246949626924,104,100,0.2,120,8,0.35,0.15,0.15,0
0.7542114533639958,0.9373834543326068,0.9479885316749723,0.944536119324255,0.9291526696187713,0.9341699172207647,0.7422487973335431,0.8674788039194818,0.9215592711355424,0.7957930966405543,0.7051187358390748,0.6680944233910335,0.9285246949626924,105,100,0.2,120,8,0.35,0.15,0.15,0
0.764250006531237,0.9151020832340842,0.9244965953045785,0.9244377181241058,0.9246368248045623,0.9334024171723894,0.7839378441385606,0.8098025030773652,0.8857681848847199,0.7289328227698899,0.6418107316675862,0.6214637193627357,0.9285246949626924,106,100,0.2,120,8,0.35,0.15,0.15,0
0.7726017091429295,0.9282738481427548,0.9374473352012316,0.9369161816699266,0.9336026046447549,0.9385709176570852,0.7783807196374419,0.8270961591141741,0.90852244601758,0.7211186644046835,0.6313166720332697,0.593303200257597,0.9285246949626924,107,100,0.2,120,8,0.35,0.15,0.15,0
0.7809538447008078,0.9363344041550743,0.94454046820375,0.9427561607034742,0.9418928605675063,0.9439825354844151,0.7995330715797575,0.8369704436079675,0.8786248675258439,0.7561033809607118,0.6734253693094301,0.6632677429770063,0.9285246949626924,108,100,0.2,120,8,0.35,0.15,0.15,0
0.7722092859003057,0.9294022359108043,0.9394117783910383,0.93510966195511,0.9354526454541091,0.9390104857339381,0.8080948424960678,0.84297903255683,0.8842322710955711,0.7685038076174731,0.6770027011668408,0.6473842011041634,0.9285246949626924,109,100,0.2,120,8,0.35,0.15,0.15,0
0.7611470325531466,0.9335346248967524,0.9438813597635743,0.9427686264349707,0.9406255951069605,0.9397568167363058,0.7657721236652489,0.8718277118853649,0.9180040386609247,0.7789279788092375,0.6801482418918726,0.6563121765598158,0.9285246949626924,110,100,0.2,120,8,0.35,0.15,0.15,0
0.7755662590935218,0.93425700440692,0.945316507871266,0.9445976019988751,0.9450736212150244,0.9458190852705033,0.8068440727543559,0.817886772131948,0.854776667892528,0.7253424170689347,0.6643762245736784,0.6526437850374867,0.9285246949626924,111,100,0.2,120,8,0.35,0.15,0.15,0
0.7660805402208298,0.9316873398197989,0.9440025757304874,0.9425721155991452,0.9431461237678512,0.9391549379756371,0.7829917643116379,0.8625746183649858,0.9219614662324224,0.7715251347026431,0.7032933829009116,0.6878415498161713,0.9285246949626924,112,100,0.2,120,8,0.35,0.15,0.15,0
0.76848466796875,0.930720703125,0.940915234375,0.9403837890625,0.9374296875,0.93393681640625,0.7835634765625,0.878066796875,0.91802841796875,0.80519326171875,0.72848623046875,0.697954296875,0.9285246949626924,113,100,0.2,120,8,0.35,0.15,0.15,0
0.7685820058893965,0.9245790117848182,0.9394154747889084,0.9374915396662622,0.938165052525367,0.9412843800849869,0.7922506556382074,0.8180351419669106,0.877651523824099,0.7342238123298143,0.645082623066977,0.6321763211878088,0.9285246949626924,114,100,0.2,120,8,0.35,0.15,0.15,0
0.7060158106486375,0.9200241032229723,0.9268901485455029,0.9238505090358816,0.9253127827291667,0.930285797411606,0.760399569952197,0.8155528461151234,0.8647763384394562,0.7377269008623668,0.6811979815467366,0.6488889106104109,0.9285246949626924,115,100,0.2,120,8,0.35,0.15,0.15,0
0.7646876987582759,0.9294603412819433,0.9407556438266994,0.9353302958574903,0.9339774487880119,0.9386525111572355,0.7970529561845449,0.8502139466112563,0.9001009113574902,0.781803714501748,0.6943596345391064,0.6813360074747454,0.9285246949626924,116,100,0.2,120,8,0.35,0.15,0.15,0
0.760965976875825,0.9300450474032896,0.9397364064562392,0.9313293822659661,0.9295584021855011,0.930353910454107,0.7864493103678039,0.8532023000431516,0.9054402136320946,0.7765093735721901,0.7077475346481876,0.6840550119301452,0.9285246949626924,117,100,0.2,120,8,0.35,0.15,0.15,0
0.7794702112017314,0.9295494615257636,0.9364344767185934,0.9364117409698955,0.9278661563669267,0.9366474094238341,0.7843567731896994,0.8553874553691522,0.8934803425570419,0.7833165649225992,0.7137321820510626,0.6839610565283314,0.9285246949626924,118,100,0.2,120,8,0.35,0.15,0.15,0
0.758774586631931,0.9189364192201352,0.9179257515968421,0.9180111366021543,0.9158011486395732,0.9187573956531859,0.7905766199741369,0.8156468955672606,0.8415069578953667,0.7466614119024733,0.6696107298590381,0.6510030871248353,0.9285246949626924,119,100,0.2,120,8,0.35,0.15,0.15,0
0.76685273673044,0.9298425906970397,0.9453440997295218,0.9393414112322886,0.9377934122124618,0.9367698136120003,0.7933334070014144,0.8961301381547929,0.9366940130338222,0.8124654923199087,0.7343246924551478,0.7133258967344103,0.9285246949626924,120,100,0.2,120,8,0.35,0.15,0.15,0
0.7694779996654311,0.9247659108155483,0.9343152851958078,0.9347163800606588,0.9296743771077239,0.9341403395632663,0.7756243711679124,0.841150432394035,0.8984363991650323,0.7627481204739243,0.6855762465724863,0.6617363160076708,0.9285246949626924,121,100,0.2,120,8,0.35,0.15,0.15,0
0.7683864606916153,0.9094201375721088,0.924777473714117,0.9249149130962804,0.9240248752778483,0.9266348770369569,0.7832313566459636,0.8361581181903667,0.8832403878271988,0.7648169800826387,0.6557074228134563,0.6348093271423736,0.9285246949626924,122,100,0.2,120,8,0.35,0.15,0.15,0
0.7685412925951001,0.9319345754962274,0.9439207606040091,0.9402683503566558,0.9393686162540841,0.9415928335246617,0.7960140896201886,0.8566632325670386,0.9084536739960164,0.781521600486661,0.7120365191966169,0.6928874890844691,0.9285246949626924,123,100,0.2,120,8,0.35,0.15,0.15,0
0.755980494574285,0.9271166348299038,0.9407991656203752,0.9382650959276171,0.9386853946634833,0.9374498450934305,0.7760612691596075,0.8587609118017212,0.9102240910086863,0.7898220180893804,0.7161193426626782,0.7022427516784969,0.9285246949626924,124,100,0.2,120,8,0.35,0.15,0.15,0
0.728481944578425,0.9136556099391443,0.9322249659438928,0.9307346011751624,0.9287480825753038,0.9323221331589533,0.7380383902658084,0.8284778274933333,0.8906807725414666,0.7424636056189096,0.6408324084917735,0.6097160603682877,0.9285246949626924,125,100,0.2,120,8,0.35,0.15,0.15,0
0.7665248364465218,0.934839180727287,0.9448354322667984,0.9445195726385162,0.9404926300555669,0.9420204367506425,0.7772525780034576,0.856988883395819,0.9138441031732845,0.7508084595092778,0.6712989500903825,0.6595396275348222,0.9285246949626924,126,100,0.2,120,8,0.35,0.15,0.15,0
0.7727612225743357,0.9374001812045343,0.9470433913339118,0.9470538273976545,0.9411905787046279,0.9427064887710348,0.7799965742902687,0.8698543384009518,0.9070698204259809,0.7758115212420332,0.7313725597203747,0.7177925599673936,0.9285246949626924,127,100,0.2,120,8,0.35,0.15,0.15,0
0.7570346022630553,0.921456264421672,0.9350073756782594,0.9351147252006436,0.9333085868972496,0.9372666901396329,0.7760361641538356,0.8386467035687697,0.8940664168211827,0.7669569216017186,0.6629157344055419,0.6398755820030466,0.9285246949626924,128,100,0.2,120,8,0.35,0.15,0.15,0
0.7628380680312751,0.9321780852669359,0.9463663017687137,0.946657502896735,0.9462069275015373,0.9512258645903736,0.7846074309278838,0.8368038557553694,0.893604503990918,0.7735884683952614,0.7049210987187852,0.6920202977303642,0.9285246949626924,129,100,0.2,120,8,0.35,0.15,0.15,0
0.7657330494872991,0.9350304430440419,0.9448386639984503,0.9397941917368824,0.9398499784609546,0.94259168214972,0.7815219851402464,0.8780106434307503,0.9226668719140793,0.802020573268752,0.7351416386141981,0.7085767165903154,0.9285246949626924,130,100,0.2,120,8,0.35,0.15,0.15,0
0.7610640184576438,0.9342828219854404,0.9487222403272123,0.9356702152447165,0.9358992827275247,0.9404593786997154,0.7207455831696012,0.8240522628088869,0.8862972186012242,0.7524050117761153,0.6646687219766241,0.6632211099460944,0.9285246949626924,131,100,0.2,120,8,0.35,0.15,0.15,0
0.7563245957365072,0.9208514772792821,0.9374326501267504,0.9374719742883751,0.936188383410769,0.9371332261049438,0.7696855352110186,0.8664944712837483,0.9132270344239073,0.8029003453279756,0.7314400343733752,0.7196906125689876,0.9285246949626924,132,100,0.2,120,8,0.35,0.15,0.15,0
0.7622507640911503,0.9148841220473184,0.9324539004699226,0.9319442720578223,0.9308508053032686,0.9250438531482885,0.776554602642476,0.8342631164796657,0.8970399978470083,0.7508143008460535,0.6684050267537343,0.6496834379100876,0.9285246949626924,133,100,0.2,120,8,0.35,0.15,0.15,0
0.7624927435272263,0.9302639421030225,0.941899647819188,0.9416436394597314,0.9386293974225008,0.9430087271179225,0.7883795812531444,0.8026364216881459,0.8339919308022756,0.7283115639150122,0.651400886257208,0.6235357405472348,0.9285246949626924,134,100,0.2,120,8,0.35,0.15,0.15,0
0.7525095292589205,0.9271480090808553,0.9423873904275211,0.9421377432189664,0.940466028604476,0.945169286872194,0.7802379111138993,0.854693828362242,0.910109463214895,0.7720818109462025,0.6763429488637485,0.654853566897672,0.9285246949626924,135,100,0.2,120,8,0.35,0.15,0.15,0
0.7710303715504394,0.909808706462183,0.9282448322357876,0.9280528779680843,0.9226717958883024,0.9255281067152181,0.771318645552676,0.7943592266034324,0.8629225306444074,0.7276411698344994,0.6562345737925162,0.6512224237040517,0.9285246949626924,136,100,0.2,120,8,0.35,0.15,0.15,0
0.752367050999541,0.9215022209088873,0.935369904910903,0.9307352150696351,0.9307620961939113,0.9325477708779693,0.7741410496752616,0.8564332914659822,0.9112039661946821,0.7768233058579442,0.6927699664110751,0.6617305242174448,0.9285246949626924,137,100,0.2,120,8,0.35,0.15,0.15,0
0.7194457785995594,0.9321838890552355,0.9379828019112508,0.9364750536504272,0.9371564147997593,0.9414890291869338,0.7917659070340104,0.7968059698521847,0.8489759920679205,0.7087450655182079,0.6439320837911893,0.6369746057704487,0.9285246949626924,138,100,0.2,120,8,0.35,0.15,0.15,0
0.7627848985020284,0.9279768398265879,0.9416630671725751,0.9417144885167407,0.9399599534452495,0.9377872561221476,0.7791581336341773,0.8587517769470159,0.9052344405804054,0.7644892735076071,0.6770025508867562,0.6618123947560319,0.9285246949626924,139,100,0.2,120,8,0.35,0.15,0.15,0
0.7560384226689822,0.9262986293036627,0.9353831964599338,0.9343990816236423,0.9344826774203043,0.9399794935193634,0.7875628685524779,0.8627092102552026,0.9061589105073637,0.7656999185627803,0.6872555656943259,0.6667720444666844,0.9285246949626924,140,100,0.2,120,8,0.35,0.15,0.15,0
0.7708737877314153,0.9256666138203196,0.9413850586107539,0.9409252174847917,0.9384291040284888,0.9402703188037042,0.7977812130067455,0.8496966139254929,0.9159001998682607,0.7569744518425002,0.674986006105506,0.6703487391471846,0.9285246949626924,141,100,0.2,120,8,0.35,0.15,0.15,0
0.7406529943866775,0.9318901136187613,0.9418755824160153,0.9419005632992469,0.9405393018629936,0.9430433895321247,0.7741412452576891,0.846593182874326,0.9090786332309675,0.7637302162960923,0.6975166149919722,0.6837030717143131,0.9285246949626924,142,100,0.2,120,8,0.35,0.15,0.15,0
0.7858875171245916,0.9316007881908835,0.9454715268498096,0.9361091368474233,0.9357853929002943,0.9400300678514559,0.8116534151135766,0.8367594068410186,0.8897924775306972,0.7421844909225105,0.6797631345653317,0.664557565822882,0.9285246949626924,143,100,0.2,120,8,0.35,0.15,0.15,0
0.770169827355702,0.9201427043093474,0.9410236051779954,0.9400561694783041,0.9414675607294888,0.9445718427834738,0.7872634301421193,0.8501306899629933,0.9108084439353054,0.7600707875981733,0.6947830404501812,0.6867696476125927,0.9285246949626924,144,100,0.2,120,8,0.35,0.15,0.15,0
0.7712867563439995,0.929808264689883,0.9398726026528176,0.9391121592347338,0.9370237816607319,0.9413990274057901,0.7844997400579578,0.859145709294927,0.8938427012053908,0.7774881544445329,0.7191946819676394,0.6968362658545943,0.9285246949626924,145,100,0.2,120,8,0.35,0.15,0.15,0
0.7526274195532113,0.9275716958120706,0.9388529450646423,0.9391742828867645,0.9373651439430323,0.9387664810726418,0.7587006143246617,0.8458733308521637,0.8805590017171708,0.7668016098714658,0.6699576356461417,0.6465533141077712,0.9285246949626924,146,100,0.2,120,8,0.35,0.15,0.15,0
0.7609238009298986,0.9355852189884217,0.9487005760847383,0.9484804689324853,0.9471523514239841,0.9495027181463005,0.7819496399163042,0.8992992075454069,0.9401993061412157,0.8144792739807873,0.7225237576559277,0.7085710492216832,0.9285246949626924,147,100,0.2,120,8,0.35,0.15,0.15,0
0.7737551906980082,0.9257662905551315,0.938576774215646,0.9384174446597381,0.9294329091069227,0.9357591997272947,0.799710719504955,0.8853353199068366,0.9181186757481455,0.7808074858591196,0.7019669809628194,0.6880410884726544,0.9285246949626924,148,100,0.2,120,8,0.35,0.15,0.15,0
0.7592027560725482,0.9275127705947812,0.9282123591719176,0.9278757536893503,0.9272900155404865,0.9295040863478887,0.7839937353171496,0.8394386999328438,0.897393998608387,0.7660527891657838,0.7076260876522228,0.6853392359705288,0.9285246949626924,149,100,0.2,120,8,0.35,0.15,0.15,0
0.7658421478129713,0.9265559939668175,0.935543987933635,0.9158957948717948,0.9079810316742082,0.906531137254902,0.7740466968325792,0.8041230286576169,0.8549319819004525,0.7317730075414781,0.6768331101055807,0.6471867269984917,0.9285246949626924,150,100,0.2,120,8,0.35,0.15,0.15,0
0.7725489013366308,0.9239371506322404,0.9258733299848934,0.9244548828645324,0.922251330966226,0.9208086211889746,0.8025884871663111,0.8312262520787587,0.8932225602883525,0.7647779879896949,0.6770398707950689,0.6528831576175657,0.9285246949626924,151,100,0.2,120,8,0.35,0.15,0.15,0
0.7715032514074247,0.9402268018137059,0.9508114574989699,0.9504759357304986,0.9225425561229997,0.9238524245414268,0.7150378676272693,0.8298972769979922,0.8796500839875132,0.7388236063655108,0.672502623484324,0.6401138223774817,0.9285246949626924,152,100,0.2,120,8,0.35,0.15,0.15,0
0.7623974489438196,0.914546241960644,0.9254651040724473,0.9250265057123345,0.9247337517174966,0.9294089061517656,0.8007040622207313,0.8469727513142457,0.9046367661830108,0.7907955548651782,0.7095819360616753,0.6869807078700564,0.9285246949626924,153,100,0.2,120,8,0.35,0.15,0.15,0
0.7680760788609997,0.9308915514460013,0.9425394876723674,0.9422164435908055,0.9406867888201446,0.9442727229882997,0.8003992226081796,0.8638244131317564,0.9147289172450878,0.7837082254266307,0.6692716220308917,0.6537486054539499,0.9285246949626924,154,100,0.2,120,8,0.35,0.15,0.15,0
0.7787552036058986,0.9309993146144753,0.9415964367329756,0.9359129105142372,0.935793324766257,0.9385078824188664,0.7460157901720511,0.8291303116771503,0.8751120995054372,0.7644082141043042,0.7009564239046863,0.7128577295539189,0.9285246949626924,155,100,0.2,120,8,0.35,0.15,0.15,0
0.7681510864371344,0.9348528421498712,0.9418494077430001,0.9397520917794053,0.9323104739400248,0.9316234571739724,0.7376437317118294,0.8096230508051027,0.8725014286254471,0.7145788652018755,0.6548255239494103,0.6519422584844491,0.9285246949626924,156,100,0.2,120,8,0.35,0.15,0.15,0
0.7766959798994975,0.9301620853957678,0.9395853722419839,0.9396576162648448,0.939201704527632,0.9427035301350699,0.7816061228426778,0.7852198923769911,0.8477672381884453,0.690111959610788,0.6148812296501233,0.5901895557688568,0.9285246949626924,157,100,0.2,120,8,0.35,0.15,0.15,0
0.7698990450989416,0.9305597100782329,0.9423176484123332,0.9422533172265685,0.937930472465102,0.9408328539653321,0.7945145919619574,0.840961708084062,0.9067576507132996,0.76680079383341,0.6774024965485503,0.6581322863936186,0.9285246949626924,158,100,0.2,120,8,0.35,0.15,0.15,0
0.7613306282448975,0.9266075157634369,0.9384357469365985,0.9369727650854103,0.9324148002414228,0.9415928206375868,0.7937809673751831,0.8186645253657601,0.8747862403091707,0.7426875275850399,0.6833519118089704,0.6626786301912511,0.9285246949626924,159,100,0.2,120,8,0.35,0.15,0.15,0
0.781649612184698,0.9302508829379742,0.9398323380074391,0.9393646002684993,0.935858636010937,0.9403617543908267,0.7970413687617006,0.860070304032417,0.9042273061077446,0.7870084375615825,0.711029007630062,0.7005483529781259,0.9285246949626924,160,100,0.2,120,8,0.35,0.15,0.15,0
0.7533131944253848,0.9235092415034134,0.9380348713762993,0.9249836617490819,0.9207736037507771,0.9261039705430186,0.7748106731836698,0.8420570444611241,0.8979285921976549,0.7566485643221923,0.6721406270944882,0.6414872641196099,0.9285246949626924,161,100,0.2,120,8,0.35,0.15,0.15,0
0.741316001426563,0.9288348156547167,0.9386332802102368,0.9373061232240749,0.9362770872808697,0.9321418567854413,0.778469614954922,0.8318062501943794,0.8528200535765272,0.7572371378015835,0.6963750050744523,0.6661447368459298,0.9285246949626924,162,100,0.2,120,8,0.35,0.15,0.15,0
0.7558827759882054,0.9152098439495507,0.9256575760001144,0.9189513196372086,0.9185703669248368,0.9200932111346068,0.7627518144794123,0.8583589589522244,0.9072333263348618,0.7806660650301069,0.6951690053547974,0.6719914015463916,0.9285246949626924,163,100,0.2,120,8,0.35,0.15,0.15,0
0.768434081333099,0.9351699229357566,0.9472405039339657,0.9467985364602384,0.9467014540393413,0.9473457012972823,0.7993354851785525,0.8772102332194867,0.9383165413402876,0.8028152120731342,0.7459641026615428,0.7198490304029287,0.9285246949626924,164,100,0.2,120,8,0.35,0.15,0.15,0
0.7667334664725434,0.9222817046256652,0.9340247287490819,0.9322471946431499,0.9302662205502394,0.9318648694248116,0.7971337886002436,0.8717173241186498,0.9167706966615795,0.7937133878762237,0.6969115392867937,0.6708657536837649,0.9285246949626924,165,100,0.2,120,8,0.35,0.15,0.15,0
0.7650266410500473,0.9320365407573138,0.9359993310955866,0.93596030516715,0.9360860662215369,0.928153851137157,0.7873187391971351,0.8234193816029431,0.8835957046502125,0.7460993584527624,0.6702910046405731,0.6498434670010408,0.9285246949626924,166,100,0.2,120,8,0.35,0.15,0.15,0
0.7787671181367646,0.9334460379174719,0.9474360459140828,0.9473723738403034,0.9463709675397762,0.9502430317934217,0.8065291450144014,0.8650228241823528,0.9236013326013551,0.7556987759419832,0.6478914265803334,0.6436379315099056,0.9285246949626924,167,100,0.2,120,8,0.35,0.15,0.15,0
0.7655445111424066,0.9215080848535322,0.9296937261287057,0.9279065469534419,0.920206811769825,0.9208880550343965,0.7464404576426351,0.820059275669488,0.8866329914737858,0.7011391939163972,0.6294260830101107,0.6028239672862871,0.9285246949626924,168,100,0.2,120,8,0.35,0.15,0.15,0
0.7745026740449151,0.9219536118775488,0.9334226516632319,0.9321185607932836,0.9324665542863951,0.9362332397879638,0.792383838002541,0.8450001592512596,0.8930053701097576,0.7670322171196283,0.7044940508841198,0.6933915839051633,0.9285246949626924,169,100,0.2,120,8,0.35,0.15,0.15,0
0.7679447827310024,0.9361152025083601,0.942970937822,0.9426600004108957,0.9438425107939137,0.9461331554892504,0.8097283307836729,0.8865996050660278,0.9330749694988969,0.8181332218647078,0.7007248160451606,0.6559191104424399,0.9285246949626924,170,100,0.2,120,8,0.35,0.15,0.15,0
0.7587355210247603,0.9275952981268493,0.9412814704449661,0.94076795488209,0.9380844539564915,0.940391204770633,0.7876505958328818,0.7954608162019222,0.8555860052220979,0.7039859685395792,0.6564065780807659,0.6485825620674966,0.9285246949626924,171,100,0.2,120,8,0.35,0.15,0.15,0
0.7606005421940136,0.9319593881129803,0.9447384006561326,0.9447211402020591,0.9438072187730191,0.9406198209443646,0.7985629495134661,0.8600363509085619,0.8979718868392862,0.7882671867293783,0.7190461951535587,0.704785235329129,0.9285246949626924,172,100,0.2,120,8,0.35,0.15,0.15,0
0.7541129258694008,0.9301226226112895,0.9407894538214084,0.9408086065282992,0.9388665409192394,0.941811906454783,0.7723079974156111,0.8397846820612916,0.8995978308946182,0.7529068714251426,0.6634551445491584,0.652645564346302,0.9285246949626924,173,100,0.2,120,8,0.35,0.15,0.15,0
0.756301832219876,0.9104856211458401,0.9242342608541071,0.9231443939164631,0.9082634149388259,0.910564223786908,0.7673322426976658,0.8402310033607914,0.8921615966521809,0.7687683264027521,0.6949342135291673,0.6728181401058445,0.9285246949626924,174,100,0.2,120,8,0.35,0.15,0.15,0
0.7107688743892223,0.9203745539354437,0.9350134732209165,0.9340462619476053,0.9317902544064183,0.9383251184616522,0.7492319135129089,0.8573591995745706,0.921380876897283,0.7744522450534342,0.7010277021287812,0.6903602252644314,0.9285246949626924,175,100,0.2,120,8,0.35,0.15,0.15,0
0.7778742863144722,0.9333129930569701,0.944050719008194,0.9441100938033583,0.9424357441753669,0.9444542912545336,0.7860149038574119,0.854160512410361,0.911705564505865,0.7746989105117,0.70545565207389,0.6896257046225434,0.9285246949626924,176,100,0.2,120,8,0.35,0.15,0.15,0
0.7598787595878082,0.9033607261713168,0.8967609831735522,0.8972052096870252,0.8971937770308442,0.9033362137813694,0.7711496146177554,0.8452312889321909,0.8882204983456075,0.7927565597044794,0.7313210502037968,0.7233122807751845,0.9285246949626924,177,100,0.2,120,8,0.35,0.15,0.15,0
0.7666469271633692,0.9271943478078469,0.9405645433202142,0.9242359472087086,0.9249172805399702,0.9154188180070884,0.7935953307302308,0.8194522025634292,0.8732202400282166,0.7354207680032816,0.6645441359496947,0.6394606590210242,0.9285246949626924,178,100,0.2,120,8,0.35,0.15,0.15,0
0.7671974419306185,0.928363149321267,0.9399914570135747,0.939752060331825,0.925011113122172,0.9266382383107089,0.7834904132730015,0.856553604826546,0.9219043619909503,0.7786193665158371,0.7054155294117647,0.6857597104072398,0.9285246949626924,179,100,0.2,120,8,0.35,0.15,0.15,0
0.7606040498633414,0.9250278350694474,0.9358388726618717,0.925512320349255,0.926231169235516,0.9308877281896059,0.7522282860111223,0.8388234806438244,0.8791899269618617,0.738314314417196,0.6952816433274975,0.6687964480313507,0.9285246949626924,180,100,0.2,120,8,0.35,0.15,0.15,0
0.7599849820048693,0.9282830411459598,0.9378864438757402,0.9377675530358222,0.9387822114396728,0.940133305624568,0.7772871017254155,0.8254388648123587,0.8813892637874458,0.7228763488564686,0.6589322435071202,0.6415328317735478,0.9285246949626924,181,100,0.2,120,8,0.35,0.15,0.15,0
0.770192490540468,0.9239195617393076,0.933010497369995,0.9331123735117602,0.9330268056061273,0.935025772549836,0.7943739806723241,0.8757357707368031,0.9127813384652601,0.8131341903076529,0.7170290501026261,0.700580079932504,0.9285246949626924,182,100,0.2,120,8,0.35,0.15,0.15,0
0.7779118729866544,0.9279153244362632,0.9384413828808099,0.9362270862095413,0.9349682658383187,0.9392923569565884,0.7954626859947844,0.8604133110906581,0.9143307063966866,0.7710676484123332,0.707038656235619,0.6918633034207701,0.9285246949626924,183,100,0.2,120,8,0.35,0.15,0.15,0
0.7781038901555238,0.935050789455081,0.9445427655080215,0.9426354077042717,0.942907044683855,0.9409998771687073,0.8044452559196168,0.8573434892897488,0.8968458807893286,0.7827519746961829,0.7139506568334397,0.679753226129175,0.9285246949626924,184,100,0.2,120,8,0.35,0.15,0.15,0
0.7677818810263135,0.9248930314372337,0.9394702598695034,0.9391728977675482,0.9391659283432836,0.9442849704656127,0.7922773745675448,0.8416680387720687,0.8994949974537402,0.7769970086650271,0.697352267323109,0.6758713401689834,0.9285246949626924,185,100,0.2,120,8,0.35,0.15,0.15,0
0.7723843563089212,0.9249054933822303,0.94072810396219,0.940674634450575,0.9373958324136544,0.9379065208103041,0.7876101717462537,0.8546780019385922,0.8947179364220722,0.7905277817761421,0.7191157273673924,0.7020514138618568,0.9285246949626924,186,100,0.2,120,8,0.35,0.15,0.15,0
0.7800557870497286,0.934085556134291,0.9465404566527161,0.9378243012531146,0.9363753685630913,0.9381959103203757,0.804220751777327,0.8735992318048625,0.9025526611168985,0.7985402921700142,0.7237627245645777,0.7069722580124398,0.9285246949626924,187,100,0.2,120,8,0.35,0.15,0.15,0
0.7731989763879533,0.9336049058825056,0.9402325107710867,0.9402488291100293,0.9305509189190889,0.9385164309944631,0.7727638862183174,0.8414758895559092,0.8828581157784182,0.7415471004277764,0.680063138209253,0.6643987124633968,0.9285246949626924,188,100,0.2,120,8,0.35,0.15,0.15,0
0.7121649723616978,0.9246708463591133,0.9312119620524509,0.9268518539708985,0.9266908911845793,0.9304214516859898,0.7685174907808755,0.849884942122054,0.9078581498281284,0.7488252005169118,0.6605989036221966,0.6210011999737577,0.9285246949626924,189,100,0.2,120,8,0.35,0.15,0.15,0
0.7731435827520781,0.9302372444989834,0.9436116450522383,0.9327308886268018,0.9282149303522149,0.9367539781686317,0.7819589475273319,0.8839436755821576,0.9382285094679308,0.8158142754189287,0.719698275075861,0.6886373576647491,0.9285246949626924,190,100,0.2,120,8,0.35,0.15,0.15,0
0.7502805634956652,0.9220979299947079,0.9296090939977824,0.9261909362955941,0.9261829694679101,0.9289781601077814,0.7667683020134991,0.8401466712407917,0.8842879487449283,0.7383457698428174,0.6274690972097741,0.6064917598226857,0.9285246949626924,191,100,0.2,120,8,0.35,0.15,0.15,0
0.7253986436412971,0.9332582847275893,0.9474635538062945,0.9478927628476653,0.9471659171979219,0.9509719259501046,0.7692991713940216,0.8734570637392866,0.9253613228009504,0.7783516066902741,0.6872007829237972,0.6653798146378885,0.9285246949626924,192,100,0.2,120,8,0.35,0.15,0.15,0
0.7594307304045697,0.931252583344643,0.9408337228891391,0.9407866475349334,0.9409195604959867,0.944644216652573,0.7803568369847182,0.8636080059421277,0.9192992132712673,0.7724361911456575,0.6818833157598233,0.6685792600102309,0.9285246949626924,193,100,0.2,120,8,0.35,0.15,0.15,0
0.7754310534039961,0.9338778572278834,0.9471274179585712,0.9382199300728339,0.9388683046280774,0.9412265965259462,0.7747318608369509,0.8714208399723012,0.9207295370498898,0.7922756424326048,0.6966027269301056,0.6692231883576528,0.9285246949626924,194,100,0.2,120,8,0.35,0.15,0.15,0
0.7548310392784189,0.92615379515705,0.9342095236712907,0.922723083768416,0.9234360582065663,0.9318818141404113,0.7752240696247489,0.8393031130896125,0.8868221238616069,0.7678253171436812,0.677362590849076,0.6506147712808404,0.9285246949626924,195,100,0.2,120,8,0.35,0.15,0.15,0
0.7610828542004541,0.9315071838304066,0.9432718504844548,0.9384429442451048,0.9374342864601839,0.9448629505235949,0.7813632012414974,0.8344527293534322,0.8902426358910155,0.7187969973478724,0.6169050064045111,0.6130594556935423,0.9285246949626924,196,100,0.2,120,8,0.35,0.15,0.15,0
0.7660912380789516,0.9209587784676139,0.933362764844011,0.9327362319115954,0.932900114163385,0.9347743689741604,0.78971997115039,0.84804730734335,0.8953833498798989,0.7586615134803049,0.6759993452626946,0.6537302608973781,0.9285246949626924,197,100,0.2,120,8,0.35,0.15,0.15,0
0.7747049821265037,0.93637941671572,0.9443682266605483,0.943211688963809,0.9422238396383069,0.9452258241842502,0.8034876812269504,0.87379416322507,0.9160873656342073,0.7949549594184537,0.7149880207663643,0.6984510554033166,0.9285246949626924,198,100,0.2,120,8,0.35,0.15,0.15,0
0.766007501133413,0.9345705273825311,0.9446019720174267,0.9445356400813633,0.9437835872097675,0.9441344482399975,0.8005797256049516,0.8379953014878622,0.9078765779897253,0.7584395509017604,0.6680811984357689,0.6476085833913172,0.9285246949626924,199,100,0.2,120,8,0.35,0.15,0.15,0
0.7795476898569998,0.9315723196909579,0.9439903156428187,0.9433039343918901,0.9437070920379288,0.9497320482561581,0.8029634717543642,0.8863239631819056,0.9025472100234071,0.8267589311158688,0.7733778579936136,0.7560069076551725,0.9285246949626924,0,250,0.2,120,8,0.35,0.15,0.15,1
0.7759785456328068,0.9345055881061166,0.944097776953976,0.9440417546561568,0.9438612173692552,0.9474901018613857,0.8003607155776281,0.8878402421674829,0.911274756683257,0.8006041716678141,0.7106297161351114,0.6912118019803551,0.9285246949626924,1,250,0.2,120,8,0.35,0.15,0.15,1
0.7773283878726501,0.9331918222672321,0.944556592189379,0.9405908728400532,0.9402784480030382,0.9420542565985189,0.7979738464459776,0.9130434078106209,0.9304096714981961,0.8511342743211595,0.7549981644407874,0.7367749351224762,0.9285246949626924,2,250,0.2,120,8,0.35,0.15,0.15,1
0.7664623557898184,0.9313258048061664,0.944418566116275,0.9438245453285977,0.9411669492619461,0.944965750081866,0.7858045857578276,0.876735914317741,0.9022588336607975,0.7940972615808962,0.682446051065518,0.6632367550190181,0.9285246949626924,3,250,0.2,120,8,0.35,0.15,0.15,1
0.7699645482057933,0.9335842381570008,0.9465827682045581,0.9465010437897597,0.9464803903403125,0.9509235501204373,0.8037703909579396,0.8942597739484899,0.9200443703291953,0.815189870915941,0.7199871533568032,0.6974853684145513,0.9285246949626924,4,250,0.2,120,8,0.35,0.15,0.15,1
0.7671601423031574,0.9290822541253443,0.9371957394471159,0.937114689041626,0.9365754854458224,0.9440862857763527,0.7923889495391824,0.9079088791544279,0.931308665084291,0.8313225552795313,0.7681516751080422,0.749560944614812,0.9285246949626924,5,250,0.2,120,8,0.35,0.15,0.15,1
0.7757368374238672,0.9272692129520627,0.9363293822563359,0.9364090719013909,0.9366251998781312,0.9405352246342427,0.8005079409926351,0.8792414109252894,0.8979745146075546,0.8058443299006415,0.7126626845992516,0.6926965044016454,0.9285246949626924,6,250,0.2,120,8,0.35,0.15,0.15,1
0.7785686159374061,0.9325178782170119,0.9447887357523195,0.9447871014581365,0.944661741480809,0.9498737940350954,0.8053045151510607,0.8924497915986512,0.912942783168385,0.8187497572592464,0.7197627697018009,0.6971513483311549,0.9285246949626924,7,250,0.2,120,8,0.35,0.15,0.15,1
0.7814965458831212,0.9378245696384657,0.947704670455821,0.9457482219206318,0.9454871988489678,0.9502638802436759,0.8114033816671599,0.8889688670292554,0.9096867314972602,0.8215007295992817,0.7442217777732426,0.7245057602628598,0.9285246949626924,8,250,0.2,120,8,0.35,0.15,0.15,1
0.7658528824559502,0.9328610657542089,0.9470527144468384,0.9401348439861511,0.9404662371953594,0.9446566393175464,0.7885258748721173,0.8665978075446096,0.893120479445284,0.8037510058910379,0.737676221986406,0.6964297269732833,0.9285246949626924,9,250,0.2,120,8,0.35,0.15,0.15,1
0.765511929497743,0.9237054106980225,0.9391222237590705,0.9378947140548951,0.9380353292906134,0.9418032045714128,0.7961632730629102,0.8847340130630404,0.9065610800782694,0.820824005281309,0.7070901305346176,0.6925747684159023,0.9285246949626924,10,250,0.2,120,8,0.35,0.15,0.15,1
0.7738232060173186,0.9339081371539871,0.9418878873119358,0.9406866957839479,0.9402631202567763,0.9448158820762647,0.7976666890734777,0.8773682303502474,0.9004678522859432,0.8142318483854221,0.6865074317155648,0.6779323419107056,0.9285246949626924,11,250,0.2,120,8,0.35,0.15,0.15,1
0.7795862990991497,0.931531599791922,0.9375895615198556,0.9370787634928971,0.9349297321347054,0.9405474223641896,0.800242460906987,0.8795219943359186,0.9067505757605762,0.795256541978468,0.7291038452190977,0.7145747868550817,0.9285246949626924,12,250,0.2,120,8,0.35,0.15,0.15,1
0.7826926975464896,0.9371537447616543,0.9474189064165723,0.9450880676081209,0.9453707269422776,0.9488142983943306,0.8143341058768094,0.8685761287979474,0.8979544034978139,0.805273744166788,0.7237042676960984,0.6954295286936892,0.9285246949626924,13,250,0.2,120,8,0.35,0.15,0.15,1
0.7702794666514466,0.9296473744376339,0.9429291577717487,0.9419613091572107,0.9422655151102708,0.9405531675614729,0.7939603567421465,0.8953310210186513,0.9288260960174548,0.8312707218465593,0.7494365055491379,0.7337384494678871,0.9285246949626924,14,250,0.2,120,8,0.35,0.15,0.15,1
0.7662224749444756,0.9316277538798583,0.942959267214338,0.9427924216628792,0.9415803321306631,0.9464992861807231,0.7898699868095572,0.8712065180481077,0.8934408577365848,0.7952606412019206,0.6729864803988785,0.6416445917786034,0.9285246949626924,15,250,0.2,120,8,0.35,0.15,0.15,1
0.7556966674629718,0.9271916308329352,0.9396795867176302,0.9391704491161013,0.9388484432234432,0.9437525879917185,0.7876441312310878,0.8841124183787227,0.9158455765249244,0.8199616778149387,0.7222946528109572,0.6967609292881032,0.9285246949626924,16,250,0.2,120,8,0.35,0.15,0.15,1
0.7804076208147253,0.9278683823958621,0.9406519574023499,0.9385258324384057,0.9374036941848242,0.9423616383640472,0.8048221904673205,0.8847600483818513,0.9144306537346989,0.8296069883824682,0.7211229741556561,0.7011469239557176,0.9285246949626924,17,250,0.2,120,8,0.35,0.15,0.15,1
0.7752267361143269,0.9333803979258517,0.9461473906487654,0.9420953144638774,0.941897734794905,0.9439944295280425,0.8042336025057564,0.8642925437874489,0.8942994580799977,0.7969682674503727,0.7108553994669532,0.6803985532467747,0.9285246949626924,18,250,0.2,120,8,0.35,0.15,0.15,1
0.7616353308411273,0.9264418105767476,0.9332191527123405,0.9291321804931074,0.9286376967212987,0.9329577284119283,0.7826257916808979,0.8810560372052982,0.8991136137143071,0.8237657108011709,0.7350904321435311,0.715234466990747,0.9285246949626924,19,250,0.2,120,8,0.35,0.15,0.15,1
0.7884080842881918,0.9285551115290728,0.9392424698760852,0.9383662765569775,0.9384759865450164,0.9413321131441981,0.8107868406288493,0.900189579255754,0.9211124731535101,0.8417653932676917,0.7676254249279922,0.7419889657717721,0.9285246949626924,20,250,0.2,120,8,0.35,0.15,0.15,1
0.7342107579841157,0.9299716109942735,0.9434269791378982,0.9422626715347631,0.9412532998129084,0.9451506529899801,0.7933174820260744,0.8799475769430478,0.9075468089440949,0.787425341550356,0.7202304970685859,0.684611409902886,0.9285246949626924,21,250,0.2,120,8,0.35,0.15,0.15,1
0.7834781686580312,0.9425939539442666,0.9528661923993151,0.9520455687486041,0.9512368676952282,0.9566089186456239,0.810836943069307,0.908460236296186,0.9352349003697362,0.8353888666592223,0.7449464665686494,0.7161564958187548,0.9285246949626924,22,250,0.2,120,8,0.35,0.15,0.15,1
0.7840140573287416,0.9331076595037441,0.9439705719932331,0.943059706960877,0.9417109297705637,0.9444060642122096,0.7995590677581946,0.8927520794777656,0.9152004014388376,0.8168877668115823,0.7450156758807295,0.7274022952056459,0.9285246949626924,23,250,0.2,120,8,0.35,0.15,0.15,1
0.7805961845818744,0.9404816955901277,0.947350891578769,0.9469113220821448,0.9464089130096272,0.9494898974361761,0.8080850648985203,0.9005728242514428,0.9191310014485906,0.8327875789633602,0.7400235510019016,0.7155260600231738,0.9285246949626924,24,250,0.2,120,8,0.35,0.15,0.15,1
0.7761424358057454,0.9301822784333653,0.9341546214217153,0.9339570041217322,0.934110020294983,0.9412334573930827,0.8028423366834171,0.9164699315867728,0.9266357536747407,0.8318669855206118,0.7476410415059066,0.7185403256921311,0.9285246949626924,25,250,0.2,120,8,0.35,0.15,0.15,1
0.7754914039697384,0.9305549600696355,0.9445461601809486,0.944674684019441,0.9435647881490302,0.9465899015655033,0.7988739451135459,0.8787765379985633,0.9029389185148752,0.8126548151036442,0.7186596996162284,0.6997853014839599,0.9285246949626924,26,250,0.2,120,8,0.35,0.15,0.15,1
0.771472467985758,0.9319935191726749,0.9446476444910239,0.9445264847574621,0.9445277519147721,0.9494974454108631,0.806234199523081,0.8916818335649307,0.9212369131891971,0.8099779670585887,0.7089398143166162,0.6878398905799915,0.9285246949626924,27,250,0.2,120,8,0.35,0.15,0.15,1
0.7749296110713434,0.9343399665950847,0.9447514197089,0.9448570746838464,0.9441265569076592,0.947760725363875,0.8023666905273205,0.872696062992126,0.899929754235266,0.8057776187067526,0.715726366022429,0.6889071820567884,0.9285246949626924,28,250,0.2,120,8,0.35,0.15,0.15,1
0.7683717933547353,0.9253868605342706,0.9398114816072682,0.9325838034543328,0.9309795203459558,0.934060247203478,0.7932295852741352,0.8892244578689111,0.9064522282275452,0.8198876934590814,0.719383097773386,0.7066335468919764,0.9285246949626924,29,250,0.2,120,8,0.35,0.15,0.15,1
0.7810452441676098,0.9366262388096661,0.9489437326883428,0.9486392711308329,0.9476796116143026,0.9523632055567909,0.806978619158655,0.8874907398550428,0.9137402745185242,0.8102894962522552,0.7387758140128096,0.7043996092622569,0.9285246949626924,30,250,0.2,120,8,0.35,0.15,0.15,1
0.7790786801283373,0.9338746455518598,0.9451279937989973,0.945108468489683,0.945387023028091,0.9523630530126865,0.795955611809378,0.9025863676056476,0.9250380203887401,0.802592450867846,0.7164139169340359,0.6874097077090631,0.9285246949626924,31,250,0.2,120,8,0.35,0.15,0.15,1
0.7657687449541907,0.933009593401718,0.9457265116820334,0.9456677439141176,0.9439145055046294,0.9467341946464115,0.7882336455168969,0.9075126251300092,0.9349545543807928,0.8209720440952213,0.7214119780542148,0.6951291121072755,0.9285246949626924,32,250,0.2,120,8,0.35,0.15,0.15,1
0.765512966870996,0.936247723490747,0.9482538054435088,0.948211771536681,0.9479547558026433,0.951398589860636,0.798820418579144,0.9185229677980989,0.9337332512559103,0.8467653926595442,0.7482154249510128,0.7261811134978339,0.9285246949626924,33,250,0.2,120,8,0.35,0.15,0.15,1
0.7687735937653956,0.9315843348174697,0.9449858244962558,0.9449587859641344,0.9459629643314612,0.9515482013314119,0.7909059313109666,0.8467626313245147,0.8862130043600355,0.7807871696103065,0.6984729291371071,0.6831458341031136,0.9285246949626924,34,250,0.2,120,8,0.35,0.15,0.15,1
0.7832566817436715,0.9346723856985232,0.9445286061199487,0.942777335291639,0.9401825316215209,0.9441869256306645,0.7949749487893336,0.8807953059121831,0.9039617691976062,0.8237445044439411,0.7593136187490714,0.7472947858894824,0.9285246949626924,35,250,0.2,120,8,0.35,0.15,0.15,1
0.7532050907851232,0.9328505119894893,0.9450283586759569,0.9448119812389866,0.9449008088468795,0.9474380872545907,0.7819450541410594,0.9013671084502394,0.9222486986220337,0.8263837648428695,0.7402698257772464,0.7223528205343744,0.9285246949626924,36,250,0.2,120,8,0.35,0.15,0.15,1
0.7616316171439907,0.9268545672646815,0.9396917482954737,0.9395774998983727,0.9401438759361754,0.9437416360187992,0.7853410486989115,0.8809850016285719,0.9126466082164973,0.7967915360083678,0.7021785557481998,0.6667935868025766,0.9285246949626924,37,250,0.2,120,8,0.35,0.15,0.15,1
0.7658518943198948,0.9279178413421809,0.9382209754432591,0.9387180742326094,0.9386734355508535,0.9429082394706358,0.7963628887968448,0.9007633518244771,0.9225430808828621,0.8324631320928436,0.7413038584421363,0.6947329594615987,0.9285246949626924,38,250,0.2,120,8,0.35,0.15,0.15,1
0.7567126395173454,0.9289650196078432,0.9398441508295626,0.9400634690799397,0.9402075897435898,0.9413055324283559,0.7902172669683258,0.8919246576168929,0.9053393665158371,0.8050145882352941,0.7246452609351433,0.7051130015082956,0.9285246949626924,39,250,0.2,120,8,0.35,0.15,0.15,1
0.77013359375,0.932536328125,0.94273154296875,0.9427578125,0.943098046875,0.94439619140625,0.78459443359375,0.8874599609375,0.9061640625,0.8056109375,0.72514013671875,0.70784287109375,0.9285246949626924,40,250,0.2,120,8,0.35,0.15,0.15,1
0.7762241294324159,0.9292174201593414,0.9387749859386493,0.9384945315252393,0.9380059575316303,0.9427251052283502,0.8054616951808197,0.8826294416871149,0.9137629719823723,0.7859458730708135,0.6928492043747798,0.6837164729496696,0.9285246949626924,41,250,0.2,120,8,0.35,0.15,0.15,1
0.77256953125,0.93191630859375,0.94623974609375,0.9401001953125,0.93990029296875,0.9443708984375,0.789958984375,0.8893994140625,0.90898603515625,0.8259849609375,0.7363421875,0.69922646484375,0.9285246949626924,42,250,0.2,120,8,0.35,0.15,0.15,1
0.7584542081549382,0.9275693004263004,0.936569689651862,0.9365698904906451,0.9360077427367658,0.9410043104019628,0.789322225341918,0.8777418008570996,0.9003268249517284,0.8159707201154903,0.7217253135997178,0.7073504785385685,0.9285246949626924,43,250,0.2,120,8,0.35,0.15,0.15,1
0.7757213588827562,0.9338072536482251,0.9441996155533992,0.9435166356595855,0.944472923401178,0.9486435238981155,0.8032829584154867,0.8649768451273556,0.8958676819167939,0.7710828514874127,0.7137504944650815,0.6929230844113702,0.9285246949626924,44,250,0.2,120,8,0.35,0.15,0.15,1
0.7677825412300693,0.9363521732052527,0.9400826861062965,0.9401233127228577,0.9381299444709316,0.9444029033854341,0.7937926145378018,0.8705511357327648,0.9077589321231994,0.799126308912043,0.7186691481568979,0.7062847853511267,0.9285246949626924,45,250,0.2,120,8,0.35,0.15,0.15,1
0.7872818150059497,0.9339896818304457,0.9429287943368595,0.9407692658597409,0.9413207717104987,0.9385537875137048,0.8018566583853063,0.899769026464483,0.9230889123345483,0.8147761069496365,0.7547980424174087,0.7350124532321479,0.9285246949626924,46,250,0.2,120,8,0.35,0.15,0.15,1
0.774593420595223,0.932484888247966,0.9425835506144209,0.9425365086469376,0.941288264440372,0.9469285963416134,0.7960072122056433,0.8840399180855341,0.9040432187035791,0.8001205042399694,0.7303893318034134,0.7155224380104473,0.9285246949626924,47,250,0.2,120,8,0.35,0.15,0.15,1
0.7860186588711013,0.9384876207749919,0.9471185387722557,0.9472601121196039,0.9467263500721557,0.9498776926482697,0.8036810787507469,0.9053655630846161,0.9219886972189709,0.8337536808831811,0.7391333631426001,0.7142984978629007,0.9285246949626924,48,250,0.2,120,8,0.35,0.15,0.15,1
0.7791166414654583,0.9350302896052238,0.9463824869258699,0.9460974082884688,0.9463471410272462,0.9444919147460777,0.8060535870790034,0.8934439618225771,0.9125744719785035,0.8357366297155955,0.7676178597913917,0.7487022180273714,0.9285246949626924,49,250,0.2,120,8,0.35,0.15,0.15,1
0.7575827016254555,0.9231251912012679,0.9389438934393352,0.9378093526160172,0.9373427927341791,0.9388471652696739,0.7715604979044149,0.89408073501126,0.9205368490184586,0.8284990359809599,0.6826111731015849,0.6634051616761456,0.9285246949626924,50,250,0.2,120,8,0.35,0.15,0.15,1
0.7837292217238642,0.934058440501005,0.9467180094419216,0.9465351962827862,0.9438037583128613,0.9464143224707809,0.797285699552098,0.8790728755676319,0.9136325110424577,0.8086814731755131,0.7042739312700067,0.6927060069728778,0.9285246949626924,51,250,0.2,120,8,0.35,0.15,0.15,1
0.7380586367880485,0.9373133520074697,0.9466549953314659,0.9463397759103641,0.946640056022409,0.946934827264239,0.7836673202614379,0.8972209150326798,0.9261999066293184,0.8140980392156862,0.7132076563958917,0.6922873949579832,0.9285246949626924,52,250,0.2,120,8,0.35,0.15,0.15,1
0.7633867162900662,0.9343928216574913,0.9440835013517769,0.9417425149223119,0.941343621860403,0.9455207764514485,0.7889750367957192,0.890958171258416,0.9204623773061743,0.8425587198249753,0.769667510032131,0.7503441338650464,0.9285246949626924,53,250,0.2,120,8,0.35,0.15,0.15,1
0.7605528680764504,0.929034656781456,0.9396457977241941,0.9379151355538924,0.937381226767983,0.9402349929228455,0.7815172783367793,0.8719788813801385,0.8931309692665793,0.7797578869769992,0.6919954455842989,0.6862149549549016,0.9285246949626924,54,250,0.2,120,8,0.35,0.15,0.15,1
0.7540293108008567,0.9301274262829053,0.9429754806423517,0.9426994114479373,0.9401909575030949,0.9468822275086721,0.7774506682002319,0.8831383899075771,0.9127141779625387,0.8074131492688972,0.7036451627234211,0.6635830603942308,0.9285246949626924,55,250,0.2,120,8,0.35,0.15,0.15,1
0.7777995091271668,0.9310073439177788,0.9420457508820371,0.9417648412333179,0.9388532558674644,0.9444055836784783,0.7961260354348827,0.8599413253566498,0.8745619535204786,0.7748184154011352,0.7057376514802884,0.6767123025003835,0.9285246949626924,56,250,0.2,120,8,0.35,0.15,0.15,1
0.7672769593717689,0.9335631931390735,0.9439745190942369,0.9428300300802614,0.9429340834600379,0.9463238677151713,0.7900588578924341,0.9072186443238538,0.9202881414780429,0.8220614564783487,0.7315920491045569,0.7243019318884245,0.9285246949626924,57,250,0.2,120,8,0.35,0.15,0.15,1
0.7596078893660072,0.9268941914441046,0.9363075035225371,0.9354880050233054,0.9351002466972724,0.9416357896147789,0.7892939407575489,0.8732955787572266,0.8944341919866471,0.79911595489876,0.7453193740335962,0.727257096535866,0.9285246949626924,58,250,0.2,120,8,0.35,0.15,0.15,1
0.7697449850254552,0.9265489894454441,0.9354778365290795,0.9351107223781225,0.9348083365016204,0.9382001750260236,0.7901867126990815,0.8708395853504814,0.9030809985389492,0.7682845112548812,0.716125544383543,0.694442630407035,0.9285246949626924,59,250,0.2,120,8,0.35,0.15,0.15,1
0.7730117866636638,0.9316661415637525,0.9444377225947191,0.9443709366917558,0.9442593273651294,0.9443592566459461,0.7985757132514811,0.8786090842404836,0.8977744421430428,0.821332535496358,0.7471838111769853,0.7225999103132209,0.9285246949626924,60,250,0.2,120,8,0.35,0.15,0.15,1
0.7693579991709867,0.9301761259901471,0.9428729286572345,0.9424798512910785,0.941244820219643,0.9432034780462616,0.7839048638898447,0.8797605633977785,0.9019836690174702,0.805692965271299,0.6967639494326725,0.6736944386126409,0.9285246949626924,61,250,0.2,120,8,0.35,0.15,0.15,1
0.7570180327107527,0.9338472462719506,0.9431114162938715,0.9430273154180906,0.9434497710934168,0.945800497892795,0.7839359717202512,0.8853557740227029,0.9098178113556866,0.7989243673604306,0.6988492034222618,0.6812791450511806,0.9285246949626924,62,250,0.2,120,8,0.35,0.15,0.15,1
0.7755192348368314,0.9326227577145604,0.9437204906062696,0.9432504242964391,0.9423230488109378,0.9464347413184294,0.7918545016712819,0.887815709855636,0.9091201239019613,0.8204226915722281,0.7064050746516328,0.671464550163973,0.9285246949626924,63,250,0.2,120,8,0.35,0.15,0.15,1
0.7616577653933976,0.9302591044545068,0.940182379349046,0.9384860095204923,0.9382789581640156,0.9407971477224351,0.7799135028445373,0.8776584813653779,0.9072461202058903,0.8066267076899261,0.719333855799373,0.6901762839119161,0.9285246949626924,64,250,0.2,120,8,0.35,0.15,0.15,1
0.772371620156908,0.9318405393621867,0.9433293631366015,0.9427416765921585,0.9418668693171992,0.9464975314144861,0.7941960108047807,0.9057245365465134,0.9203021246641774,0.8370480247662333,0.7327248945949303,0.7244439897797881,0.9285246949626924,65,250,0.2,120,8,0.35,0.15,0.15,1
0.773005812358276,0.9290694948794044,0.9383927667050483,0.9374987144663959,0.9366268801292791,0.9401041272517212,0.788652648238033,0.8989665668122376,0.9190848281421061,0.8276799931386463,0.7267096238635398,0.7042461611541045,0.9285246949626924,66,250,0.2,120,8,0.35,0.15,0.15,1
0.7681271575411157,0.9333072737360313,0.9464281734548692,0.9460457835649764,0.9452471830024957,0.9491000152877758,0.7961398561697905,0.9148730899566351,0.931818768305743,0.8609104671999012,0.77745455796628,0.7500087973134177,0.9285246949626924,67,250,0.2,120,8,0.35,0.15,0.15,1
0.7826221301917896,0.9373122311125407,0.9454274054119255,0.943233384262796,0.9431901612319569,0.9472632785171485,0.7966852961280206,0.9002586345543002,0.9190860841944434,0.8354057938965059,0.7281051224317479,0.7170808371195369,0.9285246949626924,68,250,0.2,120,8,0.35,0.15,0.15,1
0.7671002033239038,0.9273250809573439,0.9393400541886896,0.9382311557048562,0.93811609779399,0.9427935362850195,0.7948072532817192,0.8917480505099382,0.9165595571540237,0.8147608346360952,0.7147379975309561,0.705339113563612,0.9285246949626924,69,250,0.2,120,8,0.35,0.15,0.15,1
0.7674867328956505,0.9327207779022809,0.9441239950967489,0.9432623665455895,0.9399542262965664,0.9452990707386713,0.7880141081272138,0.8966604247980167,0.9153538437627688,0.833169039328786,0.7518044515302605,0.7407516814190349,0.9285246949626924,70,250,0.2,120,8,0.35,0.15,0.15,1
0.7781876210666719,0.9342641983056166,0.9463933468955023,0.9464507564749322,0.9465099028147482,0.9489325870666928,0.8051983939983737,0.893256583962137,0.9200082901362431,0.8394436423184439,0.7463538645427245,0.7050851572211988,0.9285246949626924,71,250,0.2,120,8,0.35,0.15,0.15,1
0.7763005364728488,0.9330757100988997,0.944085603886684,0.9434934643785011,0.9440094948848249,0.9489823958731328,0.8051190761667529,0.9119288813009362,0.9347767845361806,0.8420251534514285,0.7238195551180244,0.7112728523014942,0.9285246949626924,72,250,0.2,120,8,0.35,0.15,0.15,1
0.7795759897888285,0.929892316651778,0.9432328306843842,0.9432709248368446,0.9423151784163378,0.944362375617261,0.7954373092384427,0.8966198370306956,0.9209659746519765,0.8232502085969875,0.7288706372986923,0.7057925599890816,0.9285246949626924,73,250,0.2,120,8,0.35,0.15,0.15,1
0.7813644506682846,0.9395506018106257,0.9513781643783656,0.9514216539452185,0.9514602446872995,0.9544749214663403,0.80608062125896,0.9002629269238309,0.9289849365137304,0.8245028017778535,0.729298541279947,0.7072877216755701,0.9285246949626924,74,250,0.2,120,8,0.35,0.15,0.15,1
0.7560958912230258,0.9228837968524529,0.9379322484549681,0.9377057381215457,0.9352497885967298,0.9330800127434771,0.7762292081871869,0.8550643656505924,0.8934129762406054,0.782850213277311,0.6563281766616144,0.6466204543516182,0.9285246949626924,75,250,0.2,120,8,0.35,0.15,0.15,1
0.7701957969173432,0.9348230508379147,0.9442382289014032,0.9427251887414719,0.9423600024867073,0.944866161583579,0.7971179219259938,0.8533045055147426,0.8787057705293129,0.7855297097003869,0.7158178432193631,0.6955018163519769,0.9285246949626924,76,250,0.2,120,8,0.35,0.15,0.15,1
0.77796093037378,0.9294451479931927,0.9419575061350617,0.9412224657755107,0.9412661072645034,0.9451101869140456,0.8061479383711565,0.9045484140535794,0.9271493114598921,0.8425795591699644,0.7352302245457583,0.7057035699424491,0.9285246949626924,77,250,0.2,120,8,0.35,0.15,0.15,1
0.7745820808609895,0.9378362559968568,0.9475135244262647,0.947503731822727,0.9481194788633577,0.9525548358596437,0.8037386182003351,0.8884400887031834,0.9169473467534206,0.8194749364247362,0.7226622903950088,0.7003093374650866,0.9285246949626924,78,250,0.2,120,8,0.35,0.15,0.15,1
0.7628507917669223,0.9275951642152928,0.9393956714845856,0.9385458503673351,0.9376397319520964,0.9397245511080371,0.7878912171523696,0.8926064892593276,0.9239569034609529,0.8237570001812429,0.7370714164735277,0.7301792101929513,0.9285246949626924,79,250,0.2,120,8,0.35,0.15,0.15,1
0.7775496368115753,0.9393234152643004,0.949001747435228,0.948645620911018,0.948628724034346,0.9517757176178068,0.8063233280962955,0.8737640307439665,0.9035471613197494,0.8099003968877544,0.7454438814471399,0.7140710529566999,0.9285246949626924,80,250,0.2,120,8,0.35,0.15,0.15,1
0.7688553795962542,0.9323753450013079,0.9459021918604128,0.9459092297111471,0.9458881161589444,0.9500127854288338,0.7918225257360517,0.8907750003030186,0.9138571957527353,0.8014931191324364,0.6963899540154653,0.6800129731048534,0.9285246949626924,81,250,0.2,120,8,0.35,0.15,0.15,1
0.7760339615990083,0.9329614472400567,0.9438463364624634,0.9426506103895506,0.9378773079624637,0.9398820401140427,0.7843709274744716,0.893782410579452,0.9197477139479134,0.8186906368397481,0.7481391733441266,0.7294473803615024,0.9285246949626924,82,250,0.2,120,8,0.35,0.15,0.15,1
0.7758990347165087,0.9296262823599599,0.9320515222920606,0.9304013908553785,0.9306212797902491,0.9323643818116746,0.8019865422185308,0.8758999894974101,0.8901682738651103,0.8104503373607406,0.7503739799636817,0.7012924550802108,0.9285246949626924,83,250,0.2,120,8,0.35,0.15,0.15,1
0.7837698896030179,0.9347212618194651,0.9443529369692304,0.9426927800051108,0.9411695586935558,0.9450156774793742,0.7927505444118784,0.8656566084574945,0.8909767819440475,0.8009556646032157,0.6966780131929037,0.6999435328256396,0.9285246949626924,84,250,0.2,120,8,0.35,0.15,0.15,1
0.7622321430068513,0.9288009508856064,0.9397633378996384,0.9365585078015959,0.9354899352080467,0.9404179545050829,0.7994852229942541,0.8773349874476748,0.9035223147132702,0.823538462646168,0.7475452370452833,0.7054378154170545,0.9285246949626924,85,250,0.2,120,8,0.35,0.15,0.15,1
0.7792502851786043,0.9364673246301048,0.9443604944530669,0.9440674958568391,0.9439922134881708,0.9451764520194471,0.8076431213964066,0.9004921094607553,0.9196455893571585,0.8423741208487681,0.7465567882073565,0.7241922809266331,0.9285246949626924,86,250,0.2,120,8,0.35,0.15,0.15,1
0.7676760162898487,0.9368259500210537,0.9386934986660783,0.939134092925476,0.9353310176804834,0.9402546609570364,0.7937961570314066,0.8956384955662836,0.9185459981572147,0.7877131011776113,0.7213503995549969,0.7062470575256646,0.9285246949626924,87,250,0.2,120,8,0.35,0.15,0.15,1
0.7604520690989331,0.9329911894190493,0.9424726117528448,0.9423292619826635,0.9423988636272764,0.9476845408626319,0.7867250609656108,0.8832732044231895,0.9024790131296345,0.8197461544104094,0.7016897206071514,0.6836928085507545,0.9285246949626924,88,250,0.2,120,8,0.35,0.15,0.15,1
0.7711202390831731,0.9323719107223655,0.9446596967247225,0.9446636581267535,0.9442792088906229,0.9450932286982128,0.80130322397255,0.8852748019757928,0.9142045345299473,0.8198192035436963,0.7041072299355229,0.6770981976490335,0.9285246949626924,89,250,0.2,120,8,0.35,0.15,0.15,1
0.7748333712975116,0.9378219567976162,0.9478841187663221,0.946629646155893,0.9440850533753653,0.9473934684025989,0.7937738558528045,0.9137122924226999,0.9321560750391532,0.82935759031574,0.7374191299177676,0.7294736954576971,0.9285246949626924,90,250,0.2,120,8,0.35,0.15,0.15,1
0.771848152037158,0.9285248460425122,0.9382534457152046,0.9326445686825401,0.9266357332727909,0.9324028719811561,0.7877498084399921,0.8967035597052341,0.9216862010576005,0.8139611771717229,0.7238943913121624,0.6926943269858388,0.9285246949626924,91,250,0.2,120,8,0.35,0.15,0.15,1
0.7676955795221275,0.9320158601684956,0.9465822577760697,0.9451384351382105,0.9454860923033177,0.9489895040600036,0.7931251208898779,0.9070344318683855,0.9276042609251143,0.8490120555835248,0.7413213831328802,0.7124155618543362,0.9285246949626924,92,250,0.2,120,8,0.35,0.15,0.15,1
0.7798485990193441,0.9362729382688122,0.945238847637622,0.944969648730772,0.9450147381147441,0.9480695438788487,0.8076420965187938,0.8977144458743977,0.9282124466569661,0.8340141320828545,0.7454208482612311,0.7217173973184808,0.9285246949626924,93,250,0.2,120,8,0.35,0.15,0.15,1
0.7617354076935635,0.9297995326739199,0.940266881639715,0.9370249309233161,0.9366350157377359,0.9409178845675593,0.7841332649813634,0.9039435501219808,0.918719800406145,0.8326054725821634,0.7416149640465587,0.7346052635593984,0.9285246949626924,94,250,0.2,120,8,0.35,0.15,0.15,1
0.7760894596253712,0.9260350168637461,0.9387969500676683,0.9384710993550772,0.9387591221845365,0.9366893017721747,0.8076631327460057,0.8919939039276056,0.918348751276928,0.8223122886106311,0.7209436113303517,0.6952486187845304,0.9285246949626924,95,250,0.2,120,8,0.35,0.15,0.15,1
0.763642388726458,0.935149185095091,0.9446900400937436,0.9415779764195193,0.9401301832514997,0.9447866673384465,0.7828756530542741,0.8943710742657617,0.9064506914805162,0.8098632285272706,0.7216690079673556,0.6967722966357462,0.9285246949626924,96,250,0.2,120,8,0.35,0.15,0.15,1
0.7602964924767974,0.9340358851954611,0.9437593473329292,0.9422169630681221,0.942076530079728,0.9460863866487428,0.799173881062583,0.8929975792435476,0.9174559441449672,0.8193650240605665,0.7068358611429818,0.6870316700174903,0.9285246949626924,97,250,0.2,120,8,0.35,0.15,0.15,1
0.775493774115529,0.9360147331194574,0.9436841398722277,0.9395859013450581,0.937808131073745,0.9405792784106666,0.7929005862904841,0.883079791163681,0.9110141288814044,0.8030694516556657,0.7222119170109853,0.6900131631682497,0.9285246949626924,98,250,0.2,120,8,0.35,0.15,0.15,1
0.7620401767482154,0.9344793541500832,0.9435956720651575,0.9417980555607403,0.9391078201443489,0.9434925808668732,0.7931783606352545,0.9014539050336647,0.9240476080182516,0.8277873137673459,0.7497617829322947,0.7229021738993782,0.9285246949626924,99,250,0.2,120,8,0.35,0.15,0.15,1
0.7829464222815774,0.9334040148139134,0.9451966721505071,0.9450606783952462,0.9417832092978186,0.9460227264376857,0.8096396057709557,0.9053886153827161,0.9257015558253876,0.8435368330953933,0.7492249678655967,0.7301675202038417,0.9285246949626924,100,250,0.2,120,8,0.35,0.15,0.15,1
0.7618702414719899,0.9302962284992397,0.9450089079763679,0.9441686266601274,0.9430619413620871,0.9456958503825915,0.8014169629031213,0.901332576781824,0.9251907985516533,0.8294237877773575,0.734037339913979,0.7154880055559997,0.9285246949626924,101,250,0.2,120,8,0.35,0.15,0.15,1
0.7604348166248387,0.9320971351188096,0.9410831867636317,0.936527638934006,0.9364310272012799,0.9445398365762736,0.7816888175739353,0.8852132696746796,0.909067663898323,0.8193767740559105,0.7215741735852691,0.7086879672166121,0.9285246949626924,102,250,0.2,120,8,0.35,0.15,0.15,1
0.770240588526005,0.9331650238129777,0.9425295111270656,0.9425384609710581,0.942720113299124,0.9452566564464694,0.7937863495209129,0.8937935782410606,0.9072245402755273,0.8133596583323294,0.7101921511835185,0.6825836527657231,0.9285246949626924,103,250,0.2,120,8,0.35,0.15,0.15,1
0.780687356480199,0.9293751539896433,0.9397623034515673,0.9384045301997004,0.9380698827891146,0.9418159185398056,0.7969936183494519,0.8886078522389258,0.9214755761162511,0.8192761559069386,0.7214579620747791,0.7047520416737757,0.9285246949626924,104,250,0.2,120,8,0.35,0.15,0.15,1
0.7243573409589944,0.929779037043534,0.9398625725113265,0.9397325209141115,0.938657232381033,0.942328260060852,0.7881812019489592,0.889096421161512,0.9153367882699508,0.812892328619215,0.7069373264718514,0.6838467409977075,0.9285246949626924,105,250,0.2,120,8,0.35,0.15,0.15,1
0.7729707037165232,0.9276270195808173,0.9425167924977286,0.9423991638904513,0.9431751457126787,0.9408971296302019,0.8015543587096934,0.8821119917053483,0.9161334105419955,0.8116044580662707,0.7156468453127801,0.6915998108671063,0.9285246949626924,106,250,0.2,120,8,0.35,0.15,0.15,1
0.7739804570782525,0.9177325708021016,0.931501496430835,0.9314680194499302,0.926610431211901,0.929193444580669,0.7949900034015354,0.9018614473899946,0.9224377506796952,0.819332564928947,0.7428961014489561,0.7282099848521556,0.9285246949626924,107,250,0.2,120,8,0.35,0.15,0.15,1
0.7534445204149419,0.9370738261075388,0.9466904471742742,0.9441894158980144,0.9444388073031575,0.9495096376361157,0.7760340149486727,0.9045590730141668,0.9265349473532147,0.8160660963204813,0.728865761541614,0.6953078541172809,0.9285246949626924,108,250,0.2,120,8,0.35,0.15,0.15,1
0.7625955764162814,0.9325475972856273,0.9477917235393518,0.9477727161424682,0.9476810733360649,0.948334501092198,0.7962795929895677,0.9145244150497853,0.9314937535002461,0.846752765648979,0.7360086890957183,0.7283522962826477,0.9285246949626924,109,250,0.2,120,8,0.35,0.15,0.15,1
0.7593144006629287,0.9302867495809499,0.9400467110841719,0.9384213228125945,0.9391574973720245,0.9444836414802782,0.7874630607268195,0.8702145641055303,0.8943259629516713,0.7990805801348753,0.7092781291787019,0.6945802449349463,0.9285246949626924,110,250,0.2,120,8,0.35,0.15,0.15,1
0.7804348542331041,0.9302806169491359,0.9398517374745212,0.9402708065432211,0.9390420224680425,0.9417886410743747,0.794837415265385,0.8982486335506047,0.9157375138611938,0.8425747029217306,0.7568546707613023,0.7285709016967823,0.9285246949626924,111,250,0.2,120,8,0.35,0.15,0.15,1
0.7869140446543998,0.9414013549898425,0.9509786253754411,0.9510710640655528,0.9513612107427172,0.9520246114367363,0.8094985371164183,0.9041479796654323,0.927419492802224,0.8391903109478125,0.7357896169286249,0.7175747237045461,0.9285246949626924,112,250,0.2,120,8,0.35,0.15,0.15,1
0.760103994967287,0.9266510883009915,0.9392149880194673,0.9373493733661372,0.9372672089902133,0.9428525499375744,0.7850205836261285,0.8788955097265222,0.9032084318822524,0.7665928540578956,0.6806918356449555,0.6647167610300359,0.9285246949626924,113,250,0.2,120,8,0.35,0.15,0.15,1
0.7755859788838613,0.9310742202111614,0.9409864977375566,0.937720084464555,0.9371991070889895,0.9395550407239819,0.7845734901960785,0.8942513423831071,0.9226551794871795,0.8225633303167421,0.7265841809954751,0.716566395173454,0.9285246949626924,114,250,0.2,120,8,0.35,0.15,0.15,1
0.7623741020865797,0.9348169016761051,0.9453355060621033,0.9454311884763027,0.9454399300672722,0.9493689901562085,0.7906884953061457,0.8856807038881076,0.9134342100262248,0.820301109801984,0.7500100718330737,0.737265877389685,0.9285246949626924,115,250,0.2,120,8,0.35,0.15,0.15,1
0.7416796359401969,0.9298263148542999,0.940218391461062,0.937641888611788,0.9363256263326226,0.9403385654634988,0.795632408747081,0.9056139305069043,0.9153348372931263,0.8476464338067317,0.75418725092649,0.7238320118159204,0.9285246949626924,116,250,0.2,120,8,0.35,0.15,0.15,1
0.7753277746525039,0.9334734721314001,0.9447682193982656,0.9407505459825142,0.9409275148160904,0.9450598332588108,0.803309913495903,0.9054263164774046,0.9262074588323846,0.8449381768035985,0.7457496462306455,0.72607782916179,0.9285246949626924,117,250,0.2,120,8,0.35,0.15,0.15,1
0.7804425499633678,0.9333286339882503,0.9443305313981905,0.9443892732117289,0.9439599149813442,0.9476308340616825,0.8001204651443355,0.9107623986444562,0.9308790510008272,0.8120017126940862,0.6953974357569416,0.6656125719722964,0.9285246949626924,118,250,0.2,120,8,0.35,0.15,0.15,1
0.7764250415333444,0.9299799718935263,0.9425752976019738,0.9426412514210316,0.9430328766128928,0.94546038692647,0.7988212413445369,0.8869682278208819,0.9188817783647277,0.7996092724044929,0.7254166895943996,0.6963291040934687,0.9285246949626924,119,250,0.2,120,8,0.35,0.15,0.15,1
0.770389418260199,0.9259212094535552,0.9385492146524173,0.9380959672063787,0.9320032947833297,0.9361481418003312,0.7971133391282688,0.8968782157671582,0.9217715682811085,0.8376467248777016,0.7686341580978628,0.7406715473166663,0.9285246949626924,120,250,0.2,120,8,0.35,0.15,0.15,1
0.7634160070550806,0.9245936199900358,0.9367043209965542,0.9364057536392778,0.9364879547795608,0.9413447305564767,0.7877699721737625,0.8981147403765594,0.923209316743321,0.8037192962220716,0.708296187629259,0.7044577648338516,0.9285246949626924,121,250,0.2,120,8,0.35,0.15,0.15,1
0.7708709533827677,0.9341683577497398,0.9441060661274605,0.943911441190864,0.9397968604649809,0.9413207756589597,0.7810908000035703,0.8920686360459353,0.9252925486397405,0.8216218796461124,0.7337201964799859,0.7032427657930471,0.9285246949626924,122,250,0.2,120,8,0.35,0.15,0.15,1
0.7605698211021186,0.9393315412315535,0.9487431985413348,0.9480753643660019,0.9456276319993466,0.9486879460735915,0.7845308464918287,0.8839737574801031,0.9134706957727058,0.8118856225872089,0.7401808917748294,0.7179471065724011,0.9285246949626924,123,250,0.2,120,8,0.35,0.15,0.15,1
0.7687571855221272,0.9260685716650621,0.9387767771182083,0.9385297368692812,0.9382972110930977,0.944479003491221,0.7958294231703354,0.8755666406027273,0.9044191567895516,0.810063609676799,0.7211283354969378,0.7042706580420623,0.9285246949626924,124,250,0.2,120,8,0.35,0.15,0.15,1
0.7832099836660527,0.9379287465226308,0.9464435428489575,0.9450596986131479,0.9453606876737827,0.9495052639283129,0.8053904867665241,0.8832575912782149,0.9144046682305949,0.8088631284579572,0.7051080253853703,0.6858761765100965,0.9285246949626924,125,250,0.2,120,8,0.35,0.15,0.15,1
0.7654681915859476,0.9282025926244165,0.9385382249122146,0.9386067069372688,0.9383929359849653,0.944717761392966,0.7972162007262662,0.8671286180634572,0.8909856347307532,0.8000827334218743,0.686799490081454,0.661211890025598,0.9285246949626924,126,250,0.2,120,8,0.35,0.15,0.15,1
0.7714127396561297,0.9187245620710992,0.9320530084306133,0.9293566475307735,0.9299240823722841,0.933188169853913,0.7871357902208465,0.8897873300892463,0.9090792394797726,0.8134005840056894,0.7447186014282242,0.7206467220694421,0.9285246949626924,127,250,0.2,120,8,0.35,0.15,0.15,1
0.7767249004865104,0.9326187125567931,0.9409567367616903,0.9396040569337782,0.9350071368260223,0.9379129307225282,0.7846153150255317,0.8645170077600418,0.8874602951228339,0.7706600056290459,0.6827121949258173,0.6727816533311889,0.9285246949626924,128,250,0.2,120,8,0.35,0.15,0.15,1
0.7604878185747365,0.928940949193111,0.9418998688290968,0.9414481885619866,0.9409416149090047,0.9442796185521768,0.7859631102845042,0.8976881529094611,0.9149953088015278,0.8176797313896605,0.7250475799352142,0.7083514408639383,0.9285246949626924,129,250,0.2,120,8,0.35,0.15,0.15,1
0.7782146483851637,0.9360550160193919,0.946218665205164,0.945410252237372,0.9455008253231556,0.9497626744266603,0.8084431267024006,0.9187399472305785,0.9340615409430335,0.8546265358521515,0.7676066129529726,0.7341837953379721,0.9285246949626924,130,250,0.2,120,8,0.35,0.15,0.15,1
0.759652592876599,0.9274296273545124,0.9416543765991991,0.9410258070231293,0.941643438956474,0.945088796414897,0.7698982079904111,0.9082769281068743,0.9301926138591363,0.8367573574615761,0.7143863208913214,0.7076873596027922,0.9285246949626924,131,250,0.2,120,8,0.35,0.15,0.15,1
0.7833759437474078,0.9349272819536788,0.9462191476267728,0.9456770762687458,0.945831981740713,0.9496926876891516,0.8026500375381727,0.8927451723817235,0.919357228349931,0.8158207188220221,0.7281574238594131,0.7240355105147468,0.9285246949626924,132,250,0.2,120,8,0.35,0.15,0.15,1
0.7713120891272631,0.932610221673377,0.9416130690107878,0.9404937171027794,0.9406700620373686,0.9449986968986187,0.8006969034901196,0.8924850265126327,0.917874702539708,0.8112367771745352,0.7292557707905563,0.7044902194325298,0.9285246949626924,133,250,0.2,120,8,0.35,0.15,0.15,1
0.7757352304989289,0.9295594212060629,0.939316542018088,0.9389629576648589,0.939012755569963,0.9432726875602526,0.8019916085723152,0.8786622129266133,0.9047053636766005,0.8034987162138518,0.7038338811102894,0.6907253036037917,0.9285246949626924,134,250,0.2,120,8,0.35,0.15,0.15,1
0.7741518161779553,0.9258155971032496,0.9387923335194155,0.9377559187711377,0.9384382091825964,0.9406004078991279,0.8034151111186038,0.8961119695750009,0.9184430674964625,0.8279654009890577,0.7510777947086525,0.7338307804835248,0.9285246949626924,135,250,0.2,120,8,0.35,0.15,0.15,1
0.7632105240395256,0.9301657530194924,0.9399174160571053,0.9398508936103493,0.9396299373247367,0.9437129644993446,0.7895723520650556,0.9076046557797877,0.9362318275233137,0.8265305651326835,0.7057434217921693,0.6921578609697823,0.9285246949626924,136,250,0.2,120,8,0.35,0.15,0.15,1
0.7785781720240627,0.9347963228630545,0.9475546621930059,0.9473840035941676,0.9475567100961919,0.950516515315244,0.8102904404561909,0.8744312558395716,0.8987269941237856,0.8196970449049583,0.7207477265105261,0.7201693401392633,0.9285246949626924,137,250,0.2,120,8,0.35,0.15,0.15,1
0.7696690360486382,0.9354855789324359,0.9447713213610999,0.941140880839984,0.940216361089882,0.9441676312384453,0.7964924153796356,0.8989167253932119,0.9236852877912354,0.8455823057738171,0.7462146063054136,0.7208485547736692,0.9285246949626924,138,250,0.2,120,8,0.35,0.15,0.15,1
0.7637151299893732,0.929041653233021,0.945589562079256,0.9421689971662695,0.9422552848523431,0.9451552929442539,0.7937812152293081,0.8666294965865119,0.8895235523898517,0.7788086423169454,0.6914646153623902,0.6661953055399135,0.9285246949626924,139,250,0.2,120,8,0.35,0.15,0.15,1
0.7693196370169054,0.936595106080185,0.9472391513585198,0.9463558892625179,0.9462916908097782,0.9490215796989364,0.8029434311745554,0.8779032707754,0.9009797052398836,0.8154721180398137,0.7429862463058009,0.7169815090030572,0.9285246949626924,140,250,0.2,120,8,0.35,0.15,0.15,1
0.7602704733923821,0.9339678845061447,0.9428033899957089,0.9424045065592928,0.9414315681409077,0.9446754390018864,0.7786992369477095,0.8915626125402093,0.9170375740058603,0.819648395441238,0.7261929225851251,0.6934086183431543,0.9285246949626924,141,250,0.2,120,8,0.35,0.15,0.15,1
0.7845361020238122,0.9372235444258463,0.9473132809326247,0.9464748969639103,0.9461184102746365,0.9510711022329927,0.8135983201432281,0.8853374786274157,0.9156668031227726,0.82098161205099,0.7152453336117194,0.6974374207997422,0.9285246949626924,142,250,0.2,120,8,0.35,0.15,0.15,1
0.7752699692893376,0.935863970407873,0.9453665165474544,0.943329408648044,0.9432585680785722,0.9478958780992749,0.8009591930847045,0.8693180859309844,0.8936393606687664,0.8002142878167957,0.7106351121969408,0.689029621562221,0.9285246949626924,143,250,0.2,120,8,0.35,0.15,0.15,1
0.7575651548767508,0.9287664735697686,0.9406496433175026,0.9391483102002831,0.9391275760333365,0.9442561921642593,0.7843429327542121,0.8843059402092417,0.911606757384628,0.8174273863057406,0.7165466925963374,0.7094533147802412,0.9285246949626924,144,250,0.2,120,8,0.35,0.15,0.15,1
0.7779752734531866,0.9377395040866571,0.9462020645515844,0.9408157844746651,0.9410465007759726,0.9402005094858913,0.7958069014242855,0.8994611166914829,0.9196221283030371,0.8334226413442288,0.7332430703082398,0.680787733532884,0.9285246949626924,145,250,0.2,120,8,0.35,0.15,0.15,1
0.7628531883747515,0.9331383964247406,0.9449429773710749,0.9429137457442691,0.9438156372275393,0.9475636243622456,0.7926205462752743,0.8845467532875024,0.9078455359034738,0.8258096299116915,0.7376352837224905,0.7049685669561215,0.9285246949626924,146,250,0.2,120,8,0.35,0.15,0.15,1
0.7721755115078693,0.9258518006966683,0.9363155573225262,0.9362452502857976,0.9333963163174509,0.9387324946841787,0.7878019515570011,0.9005168002387538,0.9204436712497119,0.827498832487344,0.7313966565377469,0.7096371605666689,0.9285246949626924,147,250,0.2,120,8,0.35,0.15,0.15,1
0.7719064688238568,0.9314400813967691,0.940692302014614,0.9405510741854605,0.9395217290601028,0.9410658466263778,0.7922915174111241,0.8739508664986515,0.9063951137168678,0.8053659783358108,0.7190151486323023,0.6974623236812002,0.9285246949626924,148,250,0.2,120,8,0.35,0.15,0.15,1
0.7762172969207612,0.9264039293246146,0.9368929809213045,0.937028985931368,0.9377913480774933,0.9355717185368877,0.8009415395707619,0.8707938516212125,0.902887760352625,0.7948042514908222,0.7141634982591656,0.6840824835169567,0.9285246949626924,149,250,0.2,120,8,0.35,0.15,0.15,1
0.7548624492890937,0.9355899972689726,0.9475041995267236,0.9473418063838909,0.9476045151968705,0.9500030323558086,0.7894687808480222,0.87366185380307,0.8995908798942985,0.8074515090070503,0.7374504333789522,0.6942538573854456,0.9285246949626924,150,250,0.2,120,8,0.35,0.15,0.15,1
0.7721489350420072,0.9298543626861552,0.9417114460565285,0.941570791595121,0.9412074098680753,0.948000445259584,0.7932286817353115,0.897321170962525,0.9244528609682797,0.8240284022588931,0.748522592050206,0.721433887919351,0.9285246949626924,151,250,0.2,120,8,0.35,0.15,0.15,1
0.774029288196008,0.9384775334001964,0.9379107227574085,0.9379294739493964,0.9366521582962025,0.9426060989563553,0.80050665137813,0.8694169904647759,0.896714548272612,0.7563784899927415,0.6967133629641029,0.6856273279289095,0.9285246949626924,152,250,0.2,120,8,0.35,0.15,0.15,1
0.7820980269298045,0.9354861171202353,0.9463818290263365,0.94661621706399,0.9470774602728211,0.9483521564858367,0.8068548891780136,0.9167778569265287,0.9367558879974782,0.8526868768967372,0.7290425031367629,0.713514464648837,0.9285246949626924,153,250,0.2,120,8,0.35,0.15,0.15,1
0.7648084281346709,0.9288905324752956,0.9400173335450408,0.9372396465731418,0.937199562263775,0.9431227973088251,0.7925181663646722,0.8884214331969689,0.9115469663572002,0.8007711559536486,0.6963569784058431,0.6639835475314292,0.9285246949626924,154,250,0.2,120,8,0.35,0.15,0.15,1
0.7780132545347594,0.9340716848646634,0.9414791442862794,0.9412036763347409,0.9407270399170427,0.9404212069140083,0.8029181004269041,0.8710401007512408,0.90055293809866,0.791782002463175,0.7131481906557058,0.6966572158606912,0.9285246949626924,155,250,0.2,120,8,0.35,0.15,0.15,1
0.7579033201403058,0.9245434197020076,0.9346620428096426,0.9317516656590846,0.9311379655343963,0.9350758992669841,0.7977490577533439,0.8852820600015113,0.9186109851633543,0.8034145420854429,0.7244173538691151,0.7076699428826922,0.9285246949626924,156,250,0.2,120,8,0.35,0.15,0.15,1
0.7577519362608857,0.9275880180347107,0.9424929899326786,0.9425242171576802,0.9410870730652832,0.9455797418318819,0.7884917793836081,0.8840592427892039,0.9066429497869186,0.8069839293434624,0.727403322833673,0.7091146439379903,0.9285246949626924,157,250,0.2,120,8,0.35,0.15,0.15,1
0.7689706989426706,0.9313727097146073,0.9408771818908764,0.9409314279314034,0.9391221858890828,0.9428461375453238,0.7891643729177228,0.9112516239664471,0.9259991320633516,0.8281504949073115,0.7531399286371873,0.7378460575421705,0.9285246949626924,158,250,0.2,120,8,0.35,0.15,0.15,1
0.7659825604413955,0.9294398083550588,0.9408242671119779,0.938585281160538,0.9329968254133433,0.9351741445829731,0.7840371488401972,0.9008977238116354,0.9275499142012721,0.8272801123954182,0.7548404328661208,0.7246925067826233,0.9285246949626924,159,250,0.2,120,8,0.35,0.15,0.15,1
0.7864970543132928,0.9363813052615454,0.9474226438096697,0.9469152069879476,0.9469817282851348,0.9489882379974437,0.8073226085444063,0.8811071936350189,0.9059836654810517,0.7987835478769832,0.7238462594087244,0.7079349036747681,0.9285246949626924,160,250,0.2,120,8,0.35,0.15,0.15,1
0.7820571339123805,0.9330770754461366,0.9444958703684373,0.9445617392955186,0.9445928756130613,0.9484551985773069,0.7989478763848445,0.9036557159890858,0.9204424499114603,0.8468985625147697,0.7664176171366721,0.7461223218153249,0.9285246949626924,161,250,0.2,120,8,0.35,0.15,0.15,1
0.782310125884783,0.93240482285448,0.9440907083616715,0.944161061991486,0.9429773498702738,0.9436651426988085,0.8073792397163656,0.8866146463072118,0.914403936497141,0.815460559459936,0.7286751752248167,0.7014501900236781,0.9285246949626924,162,250,0.2,120,8,0.35,0.15,0.15,1
0.7674509488887362,0.9278866099207879,0.9397760008631024,0.939952676839943,0.9404296340624297,0.9416813071965432,0.793659340774487,0.8770396324673979,0.9115017322201485,0.8068592968431951,0.7351986086354483,0.707839930982854,0.9285246949626924,163,250,0.2,120,8,0.35,0.15,0.15,1
0.779471728246031,0.9395436857706155,0.9473374404106064,0.9472660312766089,0.9445386757886246,0.9475870764853963,0.8056174330605945,0.9092582238122042,0.9285106786737903,0.834529945923362,0.7696287089968309,0.7576555473899715,0.9285246949626924,164,250,0.2,120,8,0.35,0.15,0.15,1
0.7585167502909543,0.9215704384987633,0.9351132513421383,0.9352342990762509,0.9351958621180255,0.9404579008219389,0.7858387345864929,0.8819284529487649,0.9043549838583899,0.8131524004358484,0.712300897512536,0.694840287745571,0.9285246949626924,165,250,0.2,120,8,0.35,0.15,0.15,1
0.7677474233219879,0.934542145979042,0.9449178726269749,0.9449989548078043,0.9441574155189499,0.9362777833627742,0.7921657259936905,0.8885205783184055,0.914668534449056,0.8451419107709051,0.7550067498671569,0.7439144482262849,0.9285246949626924,166,250,0.2,120,8,0.35,0.15,0.15,1
0.7454410561193218,0.912472598764798,0.9289669767496516,0.9292989377626643,0.9292424579557115,0.9280489903571154,0.7806644602899575,0.8819681014180222,0.9031652762146855,0.8137997226045455,0.7398272855084567,0.7190583527380008,0.9285246949626924,167,250,0.2,120,8,0.35,0.15,0.15,1
0.778849299526522,0.9398118527858575,0.9390058997127673,0.9365221431226651,0.9365036490304083,0.9409625746735476,0.8039622327275155,0.8960449020986025,0.9052631363780644,0.8325444629612487,0.6857123695594639,0.6559861337136498,0.9285246949626924,168,250,0.2,120,8,0.35,0.15,0.15,1
0.7743940023226714,0.9388225037528104,0.9489224895361721,0.9483649935221706,0.9479859158282916,0.9497302218981103,0.8026324001594694,0.895368873753215,0.921788012189665,0.7891575549380969,0.6973958665540702,0.6762518749355181,0.9285246949626924,169,250,0.2,120,8,0.35,0.15,0.15,1
0.7719667383369786,0.9326917547493643,0.9422013862435455,0.9405137375816808,0.940258723264986,0.9436142408176513,0.7845813114547838,0.9087260052079654,0.923475056840308,0.8234419040142708,0.7453681565369152,0.7427688051590274,0.9285246949626924,170,250,0.2,120,8,0.35,0.15,0.15,1
0.7180719301772248,0.9273847979777329,0.9378874948518294,0.9377919897944935,0.9337032867560315,0.9375551334397233,0.7714585900270036,0.9105981161484469,0.9296164900061392,0.8213322459863333,0.7381603038090219,0.7094447353123087,0.9285246949626924,171,250,0.2,120,8,0.35,0.15,0.15,1
0.776371901928332,0.9317174037055848,0.9454963424680726,0.9439261197709258,0.939284754959632,0.9412892716958366,0.7929290322681546,0.8723585088983847,0.9011129187961052,0.8234160241695434,0.7449025433619578,0.7368826192065292,0.9285246949626924,172,250,0.2,120,8,0.35,0.15,0.15,1
0.7817048867809212,0.9357490346452602,0.9462940233118611,0.946044528825475,0.9462982107681119,0.9498786806279704,0.8063157357594352,0.8943676181476173,0.9135318525189594,0.8286788945582935,0.7379365228376074,0.7264556863902998,0.9285246949626924,173,250,0.2,120,8,0.35,0.15,0.15,1
0.7617413531577188,0.9298555178202776,0.9399841736054679,0.9382027918801502,0.9382478664302012,0.9423952181918911,0.7900682913954262,0.8960778138626236,0.9171111572925247,0.8348383663128791,0.7467493802742525,0.7042839266620303,0.9285246949626924,174,250,0.2,120,8,0.35,0.15,0.15,1
0.7705529989262156,0.9272492905353582,0.9380202101549318,0.937857800276116,0.9381705399601166,0.9398670233164595,0.7975947231170425,0.8929461957355422,0.9186108874060439,0.8123920463261236,0.7407229828194508,0.726007439791379,0.9285246949626924,175,250,0.2,120,8,0.35,0.15,0.15,1
0.771809896938209,0.9373116655473961,0.9472026881889878,0.9474767438195655,0.9475583980449535,0.952962511303825,0.8011782646537575,0.9005042293882479,0.9218448812158916,0.8014613391002035,0.7299986665729227,0.7029038162682952,0.9285246949626924,176,250,0.2,120,8,0.35,0.15,0.15,1
0.75835752147839,0.9273853595415199,0.9404315211885073,0.9404593168368245,0.9387341592455972,0.9418041837932905,0.7902063331567172,0.8901566953224733,0.9100219277849821,0.8058140224910075,0.7405871575833406,0.7103098099114281,0.9285246949626924,177,250,0.2,120,8,0.35,0.15,0.15,1
0.7602272924271172,0.9317720141383594,0.9423003727210564,0.9420934980882395,0.9405221947202665,0.9446118211324172,0.790254933497703,0.8917356088258805,0.9218507960050467,0.8047611021756508,0.7514473519469137,0.7385851046411958,0.9285246949626924,178,250,0.2,120,8,0.35,0.15,0.15,1
0.76183920127277,0.9302313093518305,0.9423357128683486,0.9423320995536453,0.9420013808884358,0.9456685942027778,0.789908734696483,0.8453816468304054,0.880480482530075,0.7396160110390779,0.6587160025979732,0.6384896705871466,0.9285246949626924,179,250,0.2,120,8,0.35,0.15,0.15,1
0.7663567005749669,0.9303176390173294,0.9412034095935025,0.9402440593462266,0.9395952112902577,0.9422072896144104,0.7954475091471995,0.8945993325559889,0.9162778939326927,0.8222653894093522,0.7416589602348116,0.7084817659121064,0.9285246949626924,180,250,0.2,120,8,0.35,0.15,0.15,1
0.7552785946553113,0.9311579154691402,0.9421911163863291,0.9418585194733488,0.94249437514174,0.9445196859526261,0.7841738438394417,0.8850962257340431,0.9171813149968545,0.803575558615634,0.6951717509530745,0.6747073103158536,0.9285246949626924,181,250,0.2,120,8,0.35,0.15,0.15,1
0.7778283263616299,0.9280389654849839,0.9346694825292091,0.9307261308479302,0.9309784990066475,0.935080870404288,0.8075055917304192,0.8816769308619374,0.9030491609006726,0.8209453865979611,0.7599619701818687,0.7464553136244779,0.9285246949626924,182,250,0.2,120,8,0.35,0.15,0.15,1
0.7884390912912707,0.9400187822391242,0.9492164779966078,0.9484454084407659,0.9482793109755902,0.9512206364625363,0.8118189627096604,0.9047227791490111,0.9184530491186574,0.8465567694004125,0.7862354797216681,0.7606099861335845,0.9285246949626924,183,250,0.2,120,8,0.35,0.15,0.15,1
0.7702760970583237,0.9292725368164821,0.9397424136193667,0.938232421875,0.9379130662089646,0.9410899294932498,0.8008802720716783,0.8746916467863733,0.9010955407439782,0.7958167727454837,0.7403314052483975,0.7232846228207557,0.9285246949626924,184,250,0.2,120,8,0.35,0.15,0.15,1
0.7706075425725014,0.9326695731881659,0.9469860600690968,0.9453350612228603,0.9448649459553956,0.9455538367172626,0.7885454192040927,0.8821841537179131,0.9174568125075866,0.8180066144804777,0.7294491172560028,0.7158496494147907,0.9285246949626924,185,250,0.2,120,8,0.35,0.15,0.15,1
0.7753505185578993,0.9287019443625901,0.9442863223462036,0.9438893411520947,0.9435112083064089,0.9478613876911929,0.7986267715140053,0.9052882150507171,0.9221799300259923,0.8370230918500422,0.7383491703180484,0.730975482670741,0.9285246949626924,186,250,0.2,120,8,0.35,0.15,0.15,1
0.7705717293209966,0.9359465370129576,0.9456359300544834,0.9454107542194848,0.9460976686187915,0.9489544506198314,0.79764701215959,0.9132256025588629,0.9348648769442055,0.8170111850616093,0.7326828823000312,0.7104078396489952,0.9285246949626924,187,250,0.2,120,8,0.35,0.15,0.15,1
0.7869267874912697,0.9354491288143345,0.9466222047270861,0.9458927721566712,0.9456456361911355,0.9499370522773207,0.8087748043772521,0.9013202217675891,0.9256646112886379,0.8280144213831424,0.7386029661724076,0.7313747944879505,0.9285246949626924,188,250,0.2,120,8,0.35,0.15,0.15,1
0.7545453406176836,0.9330870801545131,0.943433463092742,0.9434385574239638,0.9431267843531895,0.9464931184245556,0.7911651255126043,0.9001087232169357,0.9243187172555493,0.8173996067787617,0.7261225384318895,0.6843915091355114,0.9285246949626924,189,250,0.2,120,8,0.35,0.15,0.15,1
0.7764725315795953,0.9364743787584053,0.9465492165467553,0.9359844356152502,0.9361149602350686,0.9406419507330165,0.7966882207591044,0.9069108028005395,0.9272585191856666,0.8317028774818586,0.7483687678125286,0.7118919949340821,0.9285246949626924,190,250,0.2,120,8,0.35,0.15,0.15,1
0.771488031885878,0.9345077835775121,0.9431855330435351,0.9402864201362036,0.940009649163214,0.9439152813167471,0.8004689784251499,0.8803947913913948,0.9022265322895427,0.8170887165400719,0.6963034007239297,0.6793441478309991,0.9285246949626924,191,250,0.2,120,8,0.35,0.15,0.15,1
0.7727053302665055,0.9337816876684552,0.9453796065392075,0.944334732140608,0.9411998137547545,0.9436709481032268,0.7713767782248924,0.9066269577004459,0.9294205497934457,0.8158534574233608,0.7349643961434796,0.7278651737134436,0.9285246949626924,192,250,0.2,120,8,0.35,0.15,0.15,1
0.7571838917983199,0.9329241571687206,0.9430905813392492,0.943209369254185,0.9430886799320177,0.9471292703730031,0.7880549394606948,0.8915705513650652,0.9143289948891175,0.8058512104808769,0.6963358581686306,0.680636439028525,0.9285246949626924,193,250,0.2,120,8,0.35,0.15,0.15,1
0.7702124933185003,0.9278577688244334,0.939676905818492,0.9398936416457512,0.9393112116397786,0.9421242145346278,0.7989985283827449,0.8998928583548667,0.9214632063841249,0.8155819561339994,0.7308833059133995,0.7146324916093291,0.9285246949626924,194,250,0.2,120,8,0.35,0.15,0.15,1
0.7822480413329314,0.9338990875147025,0.9442671042695671,0.9442241302309932,0.9443181720732536,0.94719704724032,0.8085265695665375,0.9051526354021864,0.9278331959802123,0.8493407291075593,0.7250129813393428,0.7055614476238489,0.9285246949626924,195,250,0.2,120,8,0.35,0.15,0.15,1
0.75440885154304,0.9254197931281716,0.9358819789110643,0.9320880217379212,0.9316152860789537,0.9383147084819304,0.7818457724780735,0.8738941172562132,0.9057009699241614,0.7927063310072872,0.6995979767106947,0.6857743941257548,0.9285246949626924,196,250,0.2,120,8,0.35,0.15,0.15,1
0.7791117963557004,0.9331966416519916,0.9464942188577038,0.9434163664662083,0.9434040905204855,0.9471816718181796,0.8047311105103042,0.8999491912246473,0.9213622402626662,0.8266281825511071,0.7189328695753838,0.6864221707476879,0.9285246949626924,197,250,0.2,120,8,0.35,0.15,0.15,1
0.76302979940661,0.9347229803445464,0.9445363903236699,0.9439350833626452,0.9418613027473549,0.9450605370932048,0.7890785978024014,0.8815113832883282,0.9083437394099395,0.7874313080892916,0.7182841221104237,0.7000611554798957,0.9285246949626924,198,250,0.2,120,8,0.35,0.15,0.15,1
0.7675446389621667,0.9330989729243968,0.9451863699557221,0.9449908119627771,0.9451839544666789,0.9471769261665194,0.7953020863738302,0.8830269478721039,0.9083264902528737,0.8071500601311843,0.7163243870382539,0.6912126730854906,0.9285246949626924,199,250,0.2,120,8,0.35,0.15,0.15,1
0.769021514035895,0.9383612325510048,0.9487280449455437,0.9484779107225034,0.9482685227795674,0.951616812394539,0.8001157194354962,0.9083166513268907,0.9152555990182544,0.8411099286700414,0.7573981822365393,0.7464124098788157,0.9285246949626924,0,500,0.2,120,8,0.35,0.15,0.15,2
0.7673133411408788,0.9337131657634671,0.9429315797177846,0.9411943562486478,0.9406126059055687,0.9441889334831415,0.7900834658128514,0.9195853537265074,0.929018529689931,0.8418989877246713,0.7738772094496473,0.7542076059843578,0.9285246949626924,1,500,0.2,120,8,0.35,0.15,0.15,2
0.7760427298088045,0.9350998746099787,0.9471101002148155,0.9469430107213328,0.9467318889180494,0.9487133428590869,0.8033721167585222,0.9181174000524889,0.9261242819234246,0.8532069712963773,0.7531569124894293,0.7307141399119353,0.9285246949626924,2,500,0.2,120,8,0.35,0.15,0.15,2
0.7668863758396616,0.9326845181348123,0.9425016711046824,0.9421115836123726,0.9421922036509137,0.947581222732033,0.7930502200222606,0.917413771781108,0.928201006889491,0.8515994467743375,0.7643023274926855,0.7434838658169471,0.9285246949626924,3,500,0.2,120,8,0.35,0.15,0.15,2
0.7739925661939451,0.9343513007018177,0.9463407670095447,0.9448939521835344,0.9441446896627481,0.948480751919121,0.7998846794025065,0.9100255882791736,0.9165088417651822,0.8421202395926131,0.7863835413882333,0.7764348270152085,0.9285246949626924,4,500,0.2,120,8,0.35,0.15,0.15,2
0.7614263343096628,0.936905302049323,0.9477153629030266,0.9468128612731465,0.9461738920569296,0.9498498785667828,0.7856173503540393,0.9250062322509224,0.9329603574584663,0.8560281731652113,0.777896044407537,0.7560763356515466,0.9285246949626924,5,500,0.2,120,8,0.35,0.15,0.15,2
0.7663624152249725,0.9318574134133017,0.9467815364635516,0.9462864774230174,0.9462099090580567,0.9500268276768095,0.796731690362132,0.9079650169777652,0.9190650341409619,0.8377522096298087,0.7495153624985015,0.7227829409516078,0.9285246949626924,6,500,0.2,120,8,0.35,0.15,0.15,2
0.7749553832054231,0.9325634240058032,0.9446269979175448,0.9447493162950392,0.9448391787183062,0.9496784629184637,0.7990943977371708,0.9361988965786961,0.9403753693386167,0.8777378118763639,0.7858668721669502,0.7591403066844254,0.9285246949626924,7,500,0.2,120,8,0.35,0.15,0.15,2
0.7776583109629092,0.9334444848368587,0.9442109052413696,0.9439391445518198,0.9440624927224579,0.9490576002406177,0.8048848046500484,0.9019557691222229,0.9092475208991272,0.8461969686743013,0.7674278136901865,0.7305191793577133,0.9285246949626924,8,500,0.2,120,8,0.35,0.15,0.15,2
0.7725418534637128,0.9360995217889028,0.9463163675782149,0.9464706550101046,0.9465621882274693,0.9496414416042056,0.801247709671024,0.9169880655074057,0.9256045788992351,0.8389520006203474,0.7550007514517408,0.7318082726842495,0.9285246949626924,9,500,0.2,120,8,0.35,0.15,0.15,2
0.7736477345399698,0.9342277888386123,0.9453154268476621,0.9431271674208145,0.9432404947209653,0.9468670648567119,0.8027942805429864,0.9032438733031675,0.9170971221719457,0.8484011825037707,0.7885127239819004,0.7622068898944193,0.9285246949626924,10,500,0.2,120,8,0.35,0.15,0.15,2
0.777931534073326,0.9319207126995844,0.9445180990249669,0.9445291377772143,0.94478000993299,0.9486243261643713,0.8044485982860309,0.9134343879210011,0.9246374949240609,0.8559332444194862,0.7957958204453542,0.7614803023372718,0.9285246949626924,11,500,0.2,120,8,0.35,0.15,0.15,2
0.7784261937652605,0.9307443851360389,0.9427867499205438,0.941948173162046,0.9389387543906084,0.9441120783289119,0.8020314016366462,0.917925777505645,0.9281133664328364,0.8531137499134116,0.7608230186828805,0.7267175753006854,0.9285246949626924,12,500,0.2,120,8,0.35,0.15,0.15,2
0.7712442315355578,0.9381392931028506,0.9470491287948579,0.9469618738925152,0.9468522209683659,0.950487712055706,0.8005858348677601,0.9211416291191423,0.9324098791246931,0.8574488614209071,0.775259709931984,0.7527366487339664,0.9285246949626924,13,500,0.2,120,8,0.35,0.15,0.15,2
0.7763352045095203,0.9346908741889481,0.9476487141003532,0.9472942410595862,0.9467519167837531,0.9509657637472241,0.8083498656702988,0.9041325713591236,0.9161513498606064,0.8559269645304927,0.7788753349478087,0.760113972820877,0.9285246949626924,14,500,0.2,120,8,0.35,0.15,0.15,2
0.7777897798918909,0.9332763630081742,0.9436414888645408,0.9436155368770887,0.9433476927801767,0.9486270125521439,0.8129205446117602,0.8980951632938223,0.9086340205680763,0.8396705801610864,0.7647803913442189,0.7406992973572847,0.9285246949626924,15,500,0.2,120,8,0.35,0.15,0.15,2
0.7760391314722024,0.9283122882366976,0.9423150560725364,0.9424663326175137,0.938903937007874,0.9427822476735862,0.7960174659985684,0.9076367454068242,0.9157888809353376,0.8409473633977571,0.7473584347411119,0.7315199236459079,0.9285246949626924,16,500,0.2,120,8,0.35,0.15,0.15,2
0.7660622942155372,0.9323431395656118,0.9444021150416985,0.9444194467656575,0.9448605486633384,0.9490197814964801,0.8029756284535483,0.9042201319401294,0.9173031075685829,0.8222007956404048,0.7803853451703294,0.7556065032056547,0.9285246949626924,17,500,0.2,120,8,0.35,0.15,0.15,2
0.7724689508694244,0.937659824775489,0.9479761008770968,0.9481064597292959,0.9481394878689786,0.9524713378588705,0.798443975165567,0.9005496408555165,0.9091879120905887,0.833945425627011,0.7527528077572285,0.7415412644711236,0.9285246949626924,18,500,0.2,120,8,0.35,0.15,0.15,2
0.7686947898088532,0.9336547907381599,0.9467511233141673,0.9461157689653126,0.946498812623725,0.9502128889908763,0.801256355635413,0.9219961270358239,0.9306910507278371,0.8677207799757258,0.7655943117770617,0.7375060185894798,0.9285246949626924,19,500,0.2,120,8,0.35,0.15,0.15,2
0.7744841257271089,0.9388698462711388,0.9487723453004834,0.9488433485320131,0.9489575028987265,0.9546215797454063,0.8026015034836206,0.8968926181058828,0.9074850449443591,0.8348457969666517,0.7591240868753959,0.7400479507182653,0.9285246949626924,20,500,0.2,120,8,0.35,0.15,0.15,2
0.7786728913378083,0.9325918822825852,0.9466124376360809,0.9464422803177293,0.9464670322379687,0.948437188022672,0.803651849778946,0.8918333320229376,0.9044882608436949,0.8154238630448104,0.7414513419471958,0.7238973771797584,0.9285246949626924,21,500,0.2,120,8,0.35,0.15,0.15,2
0.7735891873052236,0.9327981544686564,0.9438009531721582,0.9435565700586217,0.9429996379112129,0.9458097511592839,0.8084991102835849,0.9151324539897103,0.9233447408042077,0.8439532879134412,0.7691465051410659,0.750558077998001,0.9285246949626924,22,500,0.2,120,8,0.35,0.15,0.15,2
0.7809653997782884,0.931217725180416,0.9434419132779789,0.9432375274998226,0.9436261345588649,0.946803902711195,0.8114874008599278,0.920664449550826,0.9326720161315978,0.8434760265172928,0.7572126987389848,0.7320939019525792,0.9285246949626924,23,500,0.2,120,8,0.35,0.15,0.15,2
0.7699649615878842,0.9345849338181961,0.9432484670275442,0.9425713305233989,0.9423354922929006,0.946542056683781,0.8017857774310001,0.9048593504300239,0.9174161789625973,0.8276953046726157,0.7524563926870408,0.7350901316985461,0.9285246949626924,24,500,0.2,120,8,0.35,0.15,0.15,2
0.7658368707697457,0.9351960431370989,0.9444717633858045,0.94361863203165,0.9435838123682421,0.9486271082884588,0.7907610040800511,0.9004039576961922,0.9157533779785568,0.8345860641390104,0.7466561962979853,0.738888038513127,0.9285246949626924,25,500,0.2,120,8,0.35,0.15,0.15,2
0.7654697265719923,0.9298701387066359,0.9427722858892486,0.942642910603719,0.9422185285626804,0.9469684775318579,0.7948663964463107,0.9187382264602105,0.9271290545203589,0.8472826329960439,0.7420059487358937,0.7352993322252355,0.9285246949626924,26,500,0.2,120,8,0.35,0.15,0.15,2
0.7802334283148291,0.9358062485551119,0.9455922179240619,0.9456301371924921,0.946204425960168,0.9494258270163498,0.8050916797213156,0.8912961674329639,0.9058675870724819,0.8359853664429333,0.7343847873684259,0.7129174641291439,0.9285246949626924,27,500,0.2,120,8,0.35,0.15,0.15,2
0.777213610747926,0.9349383677078531,0.9454170413980567,0.9446560406700071,0.9443571624709347,0.9472149459253157,0.8065864048711302,0.9039760574982807,0.9167380356769476,0.8337333323256523,0.7353384170842245,0.7209634438507524,0.9285246949626924,28,500,0.2,120,8,0.35,0.15,0.15,2
0.7765887147546341,0.9340080034474417,0.9414859042565973,0.9413075848524024,0.9418337322241286,0.9440573681858159,0.8125478588855728,0.9026092704463572,0.9125989617625526,0.8513595127444809,0.7751571533614959,0.7401561881739293,0.9285246949626924,29,500,0.2,120,8,0.35,0.15,0.15,2
0.7718330804164973,0.9320156494853831,0.9434957958235315,0.9434643420621334,0.9426655118370512,0.9481697294528542,0.7984253293899848,0.9277822591444901,0.9350511280891526,0.8655153446221836,0.7730676882085853,0.7478965773637192,0.9285246949626924,30,500,0.2,120,8,0.35,0.15,0.15,2
0.7740746500777606,0.9394372517359907,0.9500032689126408,0.949948390803459,0.949820110746798,0.9517124149339778,0.8012705173797189,0.9109874097334351,0.9229693613733395,0.8312229695594893,0.7684720309853296,0.7521555011837426,0.9285246949626924,31,500,0.2,120,8,0.35,0.15,0.15,2
0.7806658478575781,0.9309377507753093,0.9435643799414413,0.9436029463103054,0.9437532048902957,0.946699374954359,0.804602841029127,0.9165990753487677,0.9263696895988306,0.8537767644339144,0.770040362459757,0.7500022789217965,0.9285246949626924,32,500,0.2,120,8,0.35,0.15,0.15,2
0.7672156257743806,0.9321423942380764,0.9451499200849066,0.9451825204003121,0.9451130846832096,0.9485096238888808,0.7974404517320322,0.920779756208735,0.9320866486836367,0.8520495256900334,0.7633593334801496,0.7449587699575979,0.9285246949626924,33,500,0.2,120,8,0.35,0.15,0.15,2
0.7704899583864258,0.9266841237670211,0.9369970230084372,0.9368950381402694,0.9368833010036041,0.9411203087083932,0.7967611223424879,0.8835194721563063,0.8963834725729254,0.8132031740768274,0.7433437366446919,0.7231964977173242,0.9285246949626924,34,500,0.2,120,8,0.35,0.15,0.15,2
0.7798071397128953,0.935056002543347,0.9452590041207112,0.9451815306240983,0.9456401622606442,0.9500479361289771,0.810502502078697,0.9051778852620381,0.9154501448974102,0.8388836900234771,0.7675845731640214,0.7452208118840331,0.9285246949626924,35,500,0.2,120,8,0.35,0.15,0.15,2
0.7673319141904568,0.9344077994537272,0.9482825455146336,0.9482970285481002,0.9482468725395853,0.9522796683482537,0.8028900941883184,0.9246163940162715,0.9328127217410744,0.8714058262619193,0.7670619854392052,0.7395905870002625,0.9285246949626924,36,500,0.2,120,8,0.35,0.15,0.15,2
0.7691656409876749,0.9360153682187581,0.9429223136850255,0.941192347972009,0.940863340227747,0.9453645671866011,0.7970706646554104,0.9180264625179879,0.9381135758254402,0.8525358949087762,0.7410453596894275,0.7167972093819551,0.9285246949626924,37,500,0.2,120,8,0.35,0.15,0.15,2
0.7672329420679191,0.9346540973100055,0.942285520082154,0.9422767115042641,0.9422856168797132,0.9481949142755975,0.7960337974485906,0.8981705164507936,0.9093189817400116,0.8456692626804077,0.7783203280972629,0.7739043266476228,0.9285246949626924,38,500,0.2,120,8,0.35,0.15,0.15,2
0.7758806720160699,0.9363034842227399,0.9486451988930534,0.9487100642138309,0.9494064681315072,0.951927989281904,0.8024464248854385,0.918778217241902,0.9296362558942578,0.8477245935729057,0.75664999552278,0.7316464945920194,0.9285246949626924,39,500,0.2,120,8,0.35,0.15,0.15,2
0.7857479608057711,0.9360121123279026,0.9450277323426353,0.9450235584894184,0.9459579192118678,0.9497085631257929,0.8119119052950764,0.9300848524945713,0.9383153027727683,0.840339728355926,0.7480773824621094,0.7198768888020468,0.9285246949626924,40,500,0.2,120,8,0.35,0.15,0.15,2
0.7685335649282458,0.9363588840523738,0.9462484103351554,0.9462931514352596,0.9456853697377396,0.9509774090370824,0.7976740632162692,0.8848011577679653,0.8961742098353721,0.8270589912373296,0.7693451994736432,0.7471590369855887,0.9285246949626924,41,500,0.2,120,8,0.35,0.15,0.15,2
0.7770667867133991,0.9335726420540241,0.9443190448628727,0.9440878324061867,0.944345841008515,0.9471553211786017,0.8011538420313622,0.9256350495116211,0.9371723214190014,0.8452911133262592,0.7552975979935046,0.7265563392790152,0.9285246949626924,42,500,0.2,120,8,0.35,0.15,0.15,2
0.7609087202463156,0.9328418311767471,0.9464447361046429,0.9461341631152381,0.9460789608064568,0.9509807338182112,0.7932852103606381,0.9193808201834234,0.9289676851444635,0.8581642438613353,0.772767136212705,0.759532022667316,0.9285246949626924,43,500,0.2,120,8,0.35,0.15,0.15,2
0.762030615313053,0.9320635630475479,0.9425891207300899,0.9420829955941717,0.9425133309214185,0.9461685027673696,0.7974060045170329,0.9035709598451904,0.9180299490769863,0.8359310356389671,0.737733434346731,0.7103688493569423,0.9285246949626924,44,500,0.2,120,8,0.35,0.15,0.15,2
0.7781062785303928,0.9315310574192388,0.940175983521692,0.9400868092752144,0.9402486693134051,0.9444745919741617,0.8091330624153381,0.9116826653460293,0.9227587116604401,0.8598605252343604,0.7661175133146712,0.7496710114232795,0.9285246949626924,45,500,0.2,120,8,0.35,0.15,0.15,2
0.7689545708197681,0.9230893972298381,0.9348131916607997,0.9347495330485048,0.9333435926876695,0.9395696775146198,0.7913608449503,0.9014764223197996,0.9135616302483922,0.8400531617548791,0.7657490579450085,0.7538211471379272,0.9285246949626924,46,500,0.2,120,8,0.35,0.15,0.15,2
0.780887206762711,0.9387986674336719,0.9468264431920905,0.9464571309366525,0.9465816836924983,0.9486636210340664,0.8106736871882724,0.911852898553015,0.9244568275059896,0.8357014819111075,0.7609463204291015,0.7382423581303614,0.9285246949626924,47,500,0.2,120,8,0.35,0.15,0.15,2
0.7816106823857628,0.9335762206831002,0.94491616074181,0.9449146805637623,0.9452321294157164,0.9495347109646458,0.8046254774560989,0.9165383845692031,0.9253227478893647,0.848377468295573,0.7739187891433085,0.7600865252879538,0.9285246949626924,48,500,0.2,120,8,0.35,0.15,0.15,2
0.7714472700682243,0.9342833524855163,0.9486613209877309,0.9477840909594313,0.9478312453959206,0.9510114626626939,0.795606092510704,0.9134445370797779,0.9216644708843996,0.8357753720155253,0.7482428573580265,0.7157954859914407,0.9285246949626924,49,500,0.2,120,8,0.35,0.15,0.15,2
0.7749848672234398,0.9367549295126817,0.9515184269860805,0.9506700231624028,0.9505523097796621,0.9561241774310865,0.8080560739348981,0.8836536862192933,0.8978470756899068,0.8287025170994575,0.7479846248367572,0.7179990822996091,0.9285246949626924,50,500,0.2,120,8,0.35,0.15,0.15,2
0.7647897226854425,0.9307204249274288,0.9415500463220308,0.9414421345191774,0.9395769007473288,0.9442302513742202,0.7890691865851399,0.8935226730899882,0.9048052868877772,0.8299620282873201,0.7599943672410598,0.740882317336792,0.9285246949626924,51,500,0.2,120,8,0.35,0.15,0.15,2
0.7720678079078986,0.9325206055822374,0.9439015779451525,0.943311129715519,0.943388804902998,0.9457103975052054,0.7976965316082044,0.919700792841735,0.930276980179492,0.8623936358519075,0.7737795821522665,0.7616513511248447,0.9285246949626924,52,500,0.2,120,8,0.35,0.15,0.15,2
0.7753680038773753,0.9253567189195625,0.935564795100845,0.9355335259459822,0.9363320920547884,0.939496891324854,0.7953989042165653,0.9095159855536504,0.9203429304249278,0.8276405097513662,0.7421734908924578,0.730273973920723,0.9285246949626924,53,500,0.2,120,8,0.35,0.15,0.15,2
0.7747071437745205,0.934154312635177,0.9446827396086145,0.9439859984179447,0.9439946309492169,0.9477581268327943,0.8005895827024792,0.9071661423682812,0.9170385928820559,0.8300538506892453,0.7569715123590511,0.7366924494797893,0.9285246949626924,54,500,0.2,120,8,0.35,0.15,0.15,2
0.7654628405017244,0.9306569324677353,0.9429210154401929,0.9425000062980066,0.9416983960236905,0.9476949044088565,0.7993215283498467,0.9249906411622594,0.9380052449798589,0.855143229265073,0.7842078241395034,0.7502961322682145,0.9285246949626924,55,500,0.2,120,8,0.35,0.15,0.15,2
0.7792003952813291,0.9354332653943549,0.9441752084491384,0.9441637452905935,0.944760224816256,0.9478219751713916,0.7981343709468223,0.9115392007905626,0.9205349144586499,0.8434467543697116,0.7677669816564758,0.7509017108270026,0.9285246949626924,56,500,0.2,120,8,0.35,0.15,0.15,2
0.782745278240998,0.9375537520844914,0.9462562658266939,0.9461906491260577,0.9460042739793713,0.9499790253844729,0.8079095793959608,0.919976283120252,0.9276978074238774,0.8561212525477117,0.7784460996850102,0.7670221728120561,0.9285246949626924,57,500,0.2,120,8,0.35,0.15,0.15,2
0.7636954430306312,0.9358798489712252,0.9471968345516192,0.9465445842679971,0.945579705065233,0.9500611560179455,0.7986226601175742,0.9321083597617574,0.9394043774494637,0.859124211981745,0.7707056228083746,0.7436363295753403,0.9285246949626924,58,500,0.2,120,8,0.35,0.15,0.15,2
0.7764688229882365,0.9303159221501096,0.9437868617383592,0.9437955830382214,0.9425285169161999,0.9473988673608227,0.7966942111083791,0.922832055811562,0.928352638624318,0.8540324961579205,0.7781459884151406,0.7565103264650124,0.9285246949626924,59,500,0.2,120,8,0.35,0.15,0.15,2
0.7673405433607103,0.9339049815454333,0.9465747817674265,0.9464133735834477,0.9468728574572758,0.9506552123264788,0.7875325983174756,0.900440938261518,0.916800563216589,0.8309063717736177,0.74436446937777,0.7253216684004934,0.9285246949626924,60,500,0.2,120,8,0.35,0.15,0.15,2
0.7880202765844443,0.9417292400512373,0.9529910651257538,0.9529324365635001,0.9532409038724907,0.9559120132593486,0.8136179221088408,0.9184792087101676,0.9291652281412354,0.855067623548078,0.7711381178194842,0.7557903861812973,0.9285246949626924,61,500,0.2,120,8,0.35,0.15,0.15,2
0.7640912473915887,0.9333314946915043,0.9439662572969479,0.9440907540658586,0.942928913704511,0.9474215767467227,0.7966014130091937,0.9180787953840249,0.9267651155780612,0.8519503263718728,0.7556499391694415,0.7406291417996833,0.9285246949626924,62,500,0.2,120,8,0.35,0.15,0.15,2
0.7699611962059265,0.9328123275787048,0.9440246274055247,0.9440706811801848,0.9439228505571958,0.9466530817999769,0.8008561017912027,0.91060334332461,0.914601947356947,0.8436145394757106,0.7648221133080356,0.7316959920556242,0.9285246949626924,63,500,0.2,120,8,0.35,0.15,0.15,2
0.785885316658319,0.9317466303357173,0.945430558113293,0.9447311716965795,0.9443519097403463,0.9495617764942823,0.807271878820722,0.8988239555927259,0.9080145089202803,0.8047437264403059,0.7494613111750513,0.7380847232111054,0.9285246949626924,64,500,0.2,120,8,0.35,0.15,0.15,2
0.7819456949312411,0.9359013228108698,0.9455661183409664,0.9440057213598967,0.944056442635577,0.9458487219769737,0.8111622981293228,0.8934916373057471,0.9038215514508965,0.8418883856317536,0.7697559368774681,0.7603058933145913,0.9285246949626924,65,500,0.2,120,8,0.35,0.15,0.15,2
0.7721749292700091,0.9274916863338328,0.9373054227124253,0.9373375364421019,0.937319385203589,0.9441341779443703,0.800050444485933,0.9113120513053733,0.9206709096682671,0.8280367620424491,0.7464810532984191,0.7274787012170505,0.9285246949626924,66,500,0.2,120,8,0.35,0.15,0.15,2
0.7622661331624032,0.932504717704317,0.9449541359220768,0.9398306152506214,0.9403091136098226,0.9470282744211536,0.7810181923159728,0.910638035869232,0.9203878222065645,0.8340141792091545,0.75606451307746,0.7277468700865741,0.9285246949626924,67,500,0.2,120,8,0.35,0.15,0.15,2
0.7580241717534971,0.926237859471354,0.9369998870927833,0.9370221802623772,0.9375719182936116,0.9418864153400068,0.7821001222761134,0.9058920751145287,0.9167854594723149,0.8314257779187116,0.7515065906584893,0.734645843693171,0.9285246949626924,68,500,0.2,120,8,0.35,0.15,0.15,2
0.7661085029529352,0.9346241993694484,0.9447193601386662,0.9447107470918525,0.9448205155884664,0.9491059848808491,0.7907656462694406,0.9065398290252787,0.9200590587049958,0.8438192393263296,0.7470936709035201,0.7320795033985169,0.9285246949626924,69,500,0.2,120,8,0.35,0.15,0.15,2
0.7810667014977359,0.9345289097875304,0.9490922636324935,0.9429415805565231,0.9414567127210806,0.9449119547970123,0.8055098881535663,0.9287048647393475,0.9334202175006773,0.8713417701923449,0.7778428925268006,0.7578977514609698,0.9285246949626924,70,500,0.2,120,8,0.35,0.15,0.15,2
0.7698934303403131,0.934190031152648,0.9451562561615205,0.9439045309357624,0.9441240782365236,0.9476028234551835,0.7980654797113451,0.8934960960605702,0.9060859063843212,0.8053643676801135,0.7447857762530068,0.7313788990102134,0.9285246949626924,71,500,0.2,120,8,0.35,0.15,0.15,2
0.7581541357466063,0.9305322956259426,0.9429112277526395,0.942937580693816,0.9433747692307692,0.9482507390648567,0.7953432518853696,0.8780461176470589,0.8909004645550528,0.8253736349924585,0.7524096772247361,0.7383987933634992,0.9285246949626924,72,500,0.2,120,8,0.35,0.15,0.15,2
0.774444713669513,0.9340353657772325,0.9457346229567093,0.9449365743924217,0.9448777556140406,0.9480359678273796,0.8045728279000088,0.9113141819005859,0.9187538428348765,0.8583662107200545,0.7808882097614336,0.7577216974579603,0.9285246949626924,73,500,0.2,120,8,0.35,0.15,0.15,2
0.7755222988796759,0.9349102095069308,0.9448913981897589,0.9449793024874992,0.9432610165200329,0.9483668586619406,0.7994045192733717,0.8988309639850623,0.9097879106272548,0.8371001708968923,0.7613018545477562,0.7371040698778404,0.9285246949626924,74,500,0.2,120,8,0.35,0.15,0.15,2
0.7832906948718198,0.9341064557450697,0.9450908583904917,0.9446920347580838,0.9443701460614177,0.9478196413220585,0.8072619701376507,0.9177192161754769,0.9341715016294387,0.8530577117152649,0.7572892412633404,0.7396964911872161,0.9285246949626924,75,500,0.2,120,8,0.35,0.15,0.15,2
0.7837627952503998,0.9404333149197845,0.9511893569090493,0.951154302451651,0.9496756417032124,0.9526876362032477,0.8081820091163499,0.9042428740113921,0.9128975407007645,0.8322894175672028,0.7535561103852914,0.7452478056357807,0.9285246949626924,76,500,0.2,120,8,0.35,0.15,0.15,2
0.7739278493806575,0.9368372722054327,0.9479530200053927,0.9464996986152249,0.9469326531281259,0.9510890361406762,0.7995131181378112,0.9142777628635875,0.9234387180844943,0.8337776580704818,0.7384444804747654,0.7249168669253565,0.9285246949626924,77,500,0.2,120,8,0.35,0.15,0.15,2
0.7816661430731286,0.937738885516628,0.9481527155136181,0.9480626522601615,0.9461640607719719,0.9510883902074708,0.8155040695032654,0.8990679518531531,0.9122867195631719,0.8119594510053965,0.7440222210256829,0.7263489054312596,0.9285246949626924,78,500,0.2,120,8,0.35,0.15,0.15,2
0.7747111079892303,0.9365982618254003,0.9468587471294836,0.9468724294466977,0.946819338201733,0.9501767090539073,0.7901690431020935,0.8987706052565728,0.9102224157017501,0.8278130482863427,0.768962607672369,0.7523318474529548,0.9285246949626924,79,500,0.2,120,8,0.35,0.15,0.15,2
0.7712229117560687,0.9355504893635865,0.9449938897529643,0.9450973133558425,0.9448827943523138,0.9490941257724238,0.791413432599275,0.9083549373748234,0.9169897885458311,0.8358042996250724,0.750606654692188,0.7297413069791219,0.9285246949626924,80,500,0.2,120,8,0.35,0.15,0.15,2
0.7807427869906237,0.9313928733674927,0.9428950776001137,0.9430404232930139,0.9418360338337732,0.9453403619484396,0.7981488270361144,0.9180392257603945,0.9300247889252183,0.8446748042227318,0.7826881014704156,0.7682275087922072,0.9285246949626924,81,500,0.2,120,8,0.35,0.15,0.15,2
0.7725335691967496,0.9317778664898291,0.9432269198619251,0.943190828520238,0.9428518098508167,0.9470141113146956,0.7929919612285012,0.9149911936126524,0.9256614338220261,0.8558727761210085,0.7671181683514124,0.7453252964613789,0.9285246949626924,82,500,0.2,120,8,0.35,0.15,0.15,2
0.7955303899185004,0.9387990484776954,0.949972130813673,0.9499749097923667,0.9498099575570554,0.9540449225875786,0.820040981995791,0.9155500134780467,0.9261191641943681,0.8509480882810071,0.7713582377463912,0.7642614209076859,0.9285246949626924,83,500,0.2,120,8,0.35,0.15,0.15,2
0.7835494533063457,0.9277078324917978,0.9417667131886038,0.94181951924084,0.9416568142459427,0.94597463458358,0.8042804079316249,0.9082037904418122,0.9208782172598823,0.84392080066446,0.7616155534283745,0.7388041182875056,0.9285246949626924,84,500,0.2,120,8,0.35,0.15,0.15,2
0.7746746069262617,0.9329487343402934,0.9444877793586876,0.944411144984026,0.9447752560115953,0.9480464881320332,0.8015261579317164,0.9064271803359323,0.9158793071157754,0.8439029144130882,0.763683048046234,0.7541706107955156,0.9285246949626924,85,500,0.2,120,8,0.35,0.15,0.15,2
0.7670970251408882,0.9367907043601262,0.947126093111748,0.9469086438177589,0.9473352094948361,0.9497854821050242,0.7904593328651692,0.9153522078394637,0.9259097083471265,0.80825823214716,0.7314926792897701,0.7147415443522654,0.9285246949626924,86,500,0.2,120,8,0.35,0.15,0.15,2
0.7787015662442284,0.9322205943366353,0.9460101362831739,0.9455167791345266,0.9454458003946059,0.9493473350128641,0.7998168928203058,0.8772857450331853,0.8925312995278866,0.8254104687551787,0.756716924805662,0.7261938703918226,0.9285246949626924,87,500,0.2,120,8,0.35,0.15,0.15,2
0.7619288672162235,0.9296983242385541,0.942263148728666,0.941362281822052,0.9404821200510856,0.945311834823329,0.791008552962576,0.9301851851851852,0.9365548202329812,0.8594068075389915,0.7775151902163396,0.7586173033012114,0.9285246949626924,88,500,0.2,120,8,0.35,0.15,0.15,2
0.785879346502734,0.9375304019707908,0.9481724474093605,0.9481529660474004,0.9480432076524397,0.9518031105107371,0.8134353313177153,0.925636327558415,0.9328029582749394,0.8499918057776498,0.7814133949024706,0.7662759749819145,0.9285246949626924,89,500,0.2,120,8,0.35,0.15,0.15,2
0.7794022211862693,0.9341024056061605,0.9458624989557851,0.9459280722177574,0.9414901955702906,0.9457749370550675,0.7982634668878096,0.9100593997553175,0.9189281834370775,0.8245371416085023,0.7644842059239945,0.7380598501297575,0.9285246949626924,90,500,0.2,120,8,0.35,0.15,0.15,2
0.781633036019502,0.9357780789437318,0.9435330968722649,0.9433645516896946,0.9435005127633216,0.9494866790634978,0.8089324097936582,0.9125989463501677,0.918323954896223,0.8481611555721493,0.7696819412758715,0.742580690521273,0.9285246949626924,91,500,0.2,120,8,0.35,0.15,0.15,2
0.7677192646816163,0.930807085343135,0.9425547698363541,0.9424459117225744,0.9408972185221411,0.9441204900528268,0.7911083583038988,0.9111897627457498,0.9273691586214813,0.8416376545763693,0.75637688056457,0.7366071757393718,0.9285246949626924,92,500,0.2,120,8,0.35,0.15,0.15,2
0.7736732566084102,0.930943975312576,0.9428582210152177,0.9425968675115433,0.942130564144216,0.9473718099997963,0.7963792656625421,0.9051830852172149,0.9151455653162138,0.8372824865998928,0.7592140587021133,0.7329771817826425,0.9285246949626924,93,500,0.2,120,8,0.35,0.15,0.15,2
0.7697341429611821,0.9320094797580859,0.9438662896197624,0.9419074968518532,0.9410111579578088,0.943906137729291,0.7914519472231762,0.925308956812541,0.9325627741688771,0.8519079596355214,0.74040632406061,0.7272868454960189,0.9285246949626924,94,500,0.2,120,8,0.35,0.15,0.15,2
0.7733078988852519,0.9310453092443789,0.9423598033184147,0.9419147298289446,0.9417069179820257,0.9462799526924744,0.8011292480107202,0.9098844080845462,0.9222891316360858,0.8399916288222117,0.743923851634082,0.7366804738266653,0.9285246949626924,95,500,0.2,120,8,0.35,0.15,0.15,2
0.7768979882184788,0.9370256930643897,0.9475653495024813,0.9474212282185143,0.9474402278140099,0.9521121594359424,0.806087371953309,0.9086520121703731,0.9228275808366339,0.8344257116308337,0.7442018501274499,0.7262476261580524,0.9285246949626924,96,500,0.2,120,8,0.35,0.15,0.15,2
0.7739036652843103,0.9334937030990957,0.9438543224731728,0.9436820577664957,0.9435354241407429,0.9458765948890433,0.8046057264205977,0.9144702750989876,0.9238312823170179,0.8409825883497398,0.7635060894679703,0.7358126006367635,0.9285246949626924,97,500,0.2,120,8,0.35,0.15,0.15,2
0.7814878574331897,0.9342470604743994,0.9476240621819804,0.9474577236631726,0.94768866342068,0.9510495718765664,0.8090318721042471,0.9057767723538419,0.912146763956648,0.8314988870309048,0.7508626151181018,0.7232208282130244,0.9285246949626924,98,500,0.2,120,8,0.35,0.15,0.15,2
0.7763385045984097,0.9313495881045336,0.9421071659848442,0.9415231220306478,0.9409174792495595,0.9445041493097716,0.8027408327573646,0.9086086502717949,0.919308533988381,0.8073461501939614,0.7334554931848891,0.7096141826848237,0.9285246949626924,99,500,0.2,120,8,0.35,0.15,0.15,2
0.7578274149593365,0.9318316171185764,0.9441241585172676,0.9441644219087584,0.94332588017595,0.9466824097511831,0.7953619526307598,0.9059060291820005,0.9176876488158083,0.8432595391013152,0.7711674936412882,0.7569878887915282,0.9285246949626924,100,500,0.2,120,8,0.35,0.15,0.15,2
0.7771544475969933,0.9369366694725256,0.9461850407742153,0.9444305057027241,0.9448779684183687,0.948424100737712,0.7999912486693515,0.9006408651825496,0.9147059611114927,0.833679311660304,0.7752019888611666,0.7606154999066654,0.9285246949626924,101,500,0.2,120,8,0.35,0.15,0.15,2
0.776612947274311,0.9335140384041225,0.9433537755046306,0.9432804695197,0.9427433029746625,0.9475056252589836,0.8066557727539108,0.9081440074513377,0.916681382620691,0.8447817637707449,0.7483064674769887,0.7227100503942712,0.9285246949626924,102,500,0.2,120,8,0.35,0.15,0.15,2
0.7713789477485673,0.9329726041501785,0.9390633668296147,0.9384930361646118,0.9383116982906601,0.9424519262538823,0.796597206321008,0.8854634258412617,0.9005780528922622,0.8256550638601301,0.744491862078716,0.7297155146845259,0.9285246949626924,103,500,0.2,120,8,0.35,0.15,0.15,2
0.7722682556444143,0.9349439468540034,0.9482013395939305,0.9474527224400029,0.947275658377546,0.9510260207524902,0.8027042581918082,0.9210721175619996,0.9363000150189134,0.8530130579167331,0.7649499311342074,0.7436240443876805,0.9285246949626924,104,500,0.2,120,8,0.35,0.15,0.15,2
0.7803813002104231,0.9277011959504345,0.9365219086114436,0.9340351085819881,0.9345308256510553,0.9386910741882792,0.8039034614234033,0.9047989500068994,0.9185664672095726,0.8247664120342776,0.7465923485498296,0.7304971419255865,0.9285246949626924,105,500,0.2,120,8,0.35,0.15,0.15,2
0.7832937829713489,0.9345150984091172,0.9494360762405291,0.9493949807396489,0.9492887362101222,0.9525527122835815,0.8174075283062304,0.9074974359134167,0.9172558644837879,0.8432798728259798,0.7581196724357478,0.7401081571258236,0.9285246949626924,106,500,0.2,120,8,0.35,0.15,0.15,2
0.7586174811516608,0.9311557583041958,0.9418104952772921,0.9414444740372475,0.9410046604870823,0.9438777232966686,0.7907674058797106,0.9144212178880148,0.9235076311492327,0.8363769341552545,0.7511727096688035,0.7396207037320318,0.9285246949626924,107,500,0.2,120,8,0.35,0.15,0.15,2
0.7711037578853671,0.9348562250861101,0.9454145864778049,0.9454690584000929,0.9456883006308293,0.9497060644761794,0.8093463369325439,0.91363220325864,0.9214611633577151,0.8535326444521847,0.7785402879368397,0.7580716165486281,0.9285246949626924,108,500,0.2,120,8,0.35,0.15,0.15,2
0.7866356373945375,0.9361092115651404,0.9443986540647517,0.9439051180561531,0.9437542551087723,0.9474142147427914,0.819326760652679,0.9222801080552323,0.9317976825035965,0.8550977901361484,0.785838111131742,0.7688805120169555,0.9285246949626924,109,500,0.2,120,8,0.35,0.15,0.15,2
0.7721232934115984,0.9415625952573303,0.9501283593290598,0.9495597858353615,0.9499872427911502,0.95041870929514,0.8012115876725365,0.9015363512974458,0.9140451637465258,0.8267639493893312,0.7278534805469924,0.7198152165483638,0.9285246949626924,110,500,0.2,120,8,0.35,0.15,0.15,2
0.7741876850560744,0.9269594625973551,0.9395793746407175,0.9378639899562871,0.9358206899081681,0.9416088204842415,0.7983481495270642,0.9136521088245819,0.9214290007137842,0.8413147210875433,0.7686588817744622,0.7296511979594122,0.9285246949626924,111,500,0.2,120,8,0.35,0.15,0.15,2
0.7805005725658808,0.9289600251405227,0.9407902599520521,0.9407846414261533,0.9407284561671654,0.9456512371470268,0.803548622865972,0.915647070867229,0.920550805996586,0.8665083956489754,0.7589526686807654,0.7338464285459207,0.9285246949626924,112,500,0.2,120,8,0.35,0.15,0.15,2
0.7656967284475522,0.9333383258199331,0.9440867469541612,0.9439613180320436,0.9434550253565084,0.9453433733602213,0.7916081234314081,0.9009575056939667,0.9102831655299508,0.824327153686656,0.7388449086959249,0.7071615434924787,0.9285246949626924,113,500,0.2,120,8,0.35,0.15,0.15,2
0.7821774467269336,0.931724168003633,0.9417835300939202,0.941446473158797,0.9409933319295841,0.9443221620041766,0.8029057607665727,0.9080563285778711,0.9210604211876032,0.8558558142714149,0.7733629953911981,0.7535590344615182,0.9285246949626924,114,500,0.2,120,8,0.35,0.15,0.15,2
0.772113093038723,0.9370772944070844,0.9477607861611982,0.9467632471487338,0.9468710163870825,0.9491629409301409,0.7994212407010542,0.9241959837483988,0.9254768019016651,0.8579014481106513,0.7541921271492266,0.7409416106266627,0.9285246949626924,115,500,0.2,120,8,0.35,0.15,0.15,2
0.7707138883731182,0.9358651324876706,0.9486924456440518,0.948431761264056,0.9484928989688107,0.9523977868150879,0.7997331641102049,0.9136726174032628,0.9228298756564756,0.856936072604421,0.7522810590861951,0.7362189197797835,0.9285246949626924,116,500,0.2,120,8,0.35,0.15,0.15,2
0.7829055426367998,0.9306468862528086,0.9438570825851902,0.9434703048499299,0.9421609317202877,0.9440193683219027,0.809148637643619,0.904747593677332,0.916459148931995,0.8464825008094663,0.762778579067691,0.7408756954051747,0.9285246949626924,117,500,0.2,120,8,0.35,0.15,0.15,2
0.7666545195529824,0.928835498931465,0.9401875548758524,0.9399432746038068,0.9392571681589649,0.944015854898283,0.7968861146448604,0.918267414454836,0.9283551575201576,0.8435683040039315,0.7578796395929388,0.735745132720358,0.9285246949626924,118,500,0.2,120,8,0.35,0.15,0.15,2
0.7661793850647857,0.9296893467272178,0.9431993670935616,0.9428422516315774,0.9431429134986122,0.947908888398385,0.7922484224302168,0.9039085455675416,0.9187879325108524,0.8290503937858388,0.73768450639403,0.7234033123095058,0.9285246949626924,119,500,0.2,120,8,0.35,0.15,0.15,2
0.7755822673608879,0.931948414313909,0.9440142462961773,0.9420340492192392,0.9413175443232652,0.9465507726663477,0.8040032473175109,0.9057009468168432,0.9124889831658489,0.8363822406966972,0.776253157444904,0.749439171124586,0.9285246949626924,120,500,0.2,120,8,0.35,0.15,0.15,2
0.7665772264545271,0.9267215956698867,0.9399065789600408,0.9397061571207057,0.9381248374762836,0.9422804364785083,0.7860500235960358,0.8958318806522136,0.9090196569425316,0.8283405726613439,0.7381821421348153,0.7095114175920486,0.9285246949626924,121,500,0.2,120,8,0.35,0.15,0.15,2
0.7773749620027792,0.9344006093513487,0.9457769966376337,0.9458184833990918,0.9460098265465644,0.951067237245341,0.805247959006427,0.9162784552656393,0.9287460994689695,0.8371581607173876,0.7831776804325169,0.7705052195774089,0.9285246949626924,122,500,0.2,120,8,0.35,0.15,0.15,2
0.7660073118113642,0.9291838219768395,0.9405361438740192,0.9400492525875179,0.9403329452927576,0.9421727268434847,0.7987691074153838,0.8990358276400919,0.9089543724948045,0.8319933515780137,0.7592257800297809,0.7392013942367581,0.9285246949626924,123,500,0.2,120,8,0.35,0.15,0.15,2
0.7768472321216441,0.933233063612162,0.9427377460387083,0.9428373113779386,0.9433291413089168,0.9483881266334047,0.7960160347789536,0.9038194063697449,0.9116349999390805,0.8299387834981207,0.7535425652295752,0.7425823822273394,0.9285246949626924,124,500,0.2,120,8,0.35,0.15,0.15,2
0.7753590093667192,0.936870646568328,0.9484762160687897,0.9484837475231557,0.9467858564508814,0.9499740717131026,0.806157837592923,0.9226412187861385,0.9303078376531747,0.8599062123050709,0.7663515907837493,0.7353079400809541,0.9285246949626924,125,500,0.2,120,8,0.35,0.15,0.15,2
0.772078002586955,0.9330111705693265,0.9447566188014518,0.9443083617621895,0.9438635242949356,0.9468997134300955,0.7982564872456315,0.9150270551652195,0.9261297215618377,0.8358792046935287,0.7508898459131083,0.7351604008871737,0.9285246949626924,126,500,0.2,120,8,0.35,0.15,0.15,2
0.7561285863198358,0.9306238740265067,0.9425966520565139,0.9418272001115642,0.9419986790928047,0.947065878091861,0.7782553487535799,0.8963567718626397,0.9084286571051058,0.8385807925521518,0.7557605577581556,0.7508542610813028,0.9285246949626924,127,500,0.2,120,8,0.35,0.15,0.15,2
0.7634045490052427,0.933127732667083,0.9453541920071885,0.9450532366205958,0.9446421135599774,0.9474741859332905,0.7820077207384483,0.9206836774947988,0.9291093520810145,0.8553210790874751,0.7438180867534232,0.7246458784375054,0.9285246949626924,128,500,0.2,120,8,0.35,0.15,0.15,2
0.7544803386776879,0.9305752877615898,0.9425576757146696,0.9420565713760616,0.9423598453401698,0.9472236040124352,0.7834639722697208,0.9080920635300594,0.921167958878187,0.8236263079184278,0.7258562617913086,0.7103745512588886,0.9285246949626924,129,500,0.2,120,8,0.35,0.15,0.15,2
0.7678933075817134,0.9320172693629952,0.9422390292241839,0.940689412807764,0.9408308366134835,0.9430031340189267,0.7928810209550041,0.9086144540282941,0.9188121312091815,0.8423471436107708,0.7626252460422395,0.7314184530217768,0.9285246949626924,130,500,0.2,120,8,0.35,0.15,0.15,2
0.7787999171702673,0.9382320523079627,0.9497517071048844,0.9494898693136478,0.9495757392236535,0.9534390798289165,0.8137603460406371,0.9180074234688202,0.9257102463338934,0.8507854781398665,0.7735232967683217,0.7400909093563068,0.9285246949626924,131,500,0.2,120,8,0.35,0.15,0.15,2
0.7664821015687251,0.9241920189292719,0.9376745462970355,0.9361244695123192,0.9370189214447737,0.9405241320039637,0.7964815614927387,0.9109040950283266,0.9199764910402176,0.8542022803730125,0.7721878282527055,0.7560767354050335,0.9285246949626924,132,500,0.2,120,8,0.35,0.15,0.15,2
0.7874350795671825,0.9376456570482797,0.9463699648255258,0.9449178194928559,0.9448683970296403,0.9486605020844943,0.8152673844757381,0.929762625003033,0.9404160993524763,0.8385525244437337,0.7773960547151416,0.7445343926645529,0.9285246949626924,133,500,0.2,120,8,0.35,0.15,0.15,2
0.7777727059935434,0.9308798920671961,0.9415208226028285,0.9405027682616381,0.9398119912489145,0.9438381699013034,0.8019903448279924,0.900786084018785,0.9105734823495528,0.828458579736154,0.7528991382122392,0.7369520742894013,0.9285246949626924,134,500,0.2,120,8,0.35,0.15,0.15,2
0.7670479391622526,0.9325277286746482,0.943334881112052,0.9433548721807764,0.9431746628366225,0.947130480063786,0.7924502135471071,0.9059651997020848,0.9193399007052309,0.833304135427805,0.7185039263617877,0.7155051694779067,0.9285246949626924,135,500,0.2,120,8,0.35,0.15,0.15,2
0.7759007475491212,0.9324442791907886,0.9437795813582824,0.9439094423123302,0.9438639515069989,0.9480044042204415,0.7952293072095723,0.9243911238261695,0.9343572612995805,0.8397758576250287,0.7730588056976198,0.763429458069319,0.9285246949626924,136,500,0.2,120,8,0.35,0.15,0.15,2
0.7628368868371859,0.9334042808144012,0.9456752487808621,0.9454584318550235,0.9454060319595861,0.9489986874320532,0.79372079200168,0.9085094859629578,0.9222997542939243,0.8508521013939954,0.7421046210380241,0.7285063538333588,0.9285246949626924,137,500,0.2,120,8,0.35,0.15,0.15,2
0.7713142261831358,0.9295965214709239,0.9432421892561099,0.942759605727428,0.9426658422411052,0.9463122214350839,0.7999246041452895,0.9203165355181189,0.9286948902461811,0.8749443459799483,0.7939639803812901,0.764936480051337,0.9285246949626924,138,500,0.2,120,8,0.35,0.15,0.15,2
0.7815176254271816,0.9386794064791801,0.9482957406625854,0.9483373514755222,0.9481083037201479,0.9515888316954646,0.8058159866295609,0.9198395931403915,0.9313422527962325,0.832362838004304,0.7631435331101099,0.7515521915859735,0.9285246949626924,139,500,0.2,120,8,0.35,0.15,0.15,2
0.777125085701709,0.9351494376542828,0.9455463612598191,0.9455758521481242,0.9453093455635412,0.9488335067160055,0.8081751315412373,0.9191903147964298,0.9272140135951016,0.860886531729029,0.749009383248542,0.743298047188588,0.9285246949626924,140,500,0.2,120,8,0.35,0.15,0.15,2
0.753724149549697,0.9257166229473577,0.9363431240066266,0.9361608119175949,0.9363024893707307,0.9414626926585967,0.7822416556626887,0.8893563355032822,0.8955764008271669,0.8257866608453349,0.7399031333555588,0.722087762113175,0.9285246949626924,141,500,0.2,120,8,0.35,0.15,0.15,2
0.7549549218999263,0.927396891022925,0.9391197887137261,0.9386697890971383,0.9388734343075786,0.9427219211062148,0.7900241219596027,0.9016396545563772,0.9091883107649207,0.8337116494475808,0.7683956028553427,0.7418036928117803,0.9285246949626924,142,500,0.2,120,8,0.35,0.15,0.15,2
0.7742482177930393,0.9326427597677736,0.9440649987792687,0.9439792641682772,0.9437483779254532,0.947787925570616,0.7963723023963988,0.9262577075111617,0.9396885859801744,0.8586797031861694,0.7592399034589816,0.7492593622802531,0.9285246949626924,143,500,0.2,120,8,0.35,0.15,0.15,2
0.7721517224431226,0.9292840616722823,0.9412754992382626,0.9394403956293341,0.9388298797023851,0.9431792500837595,0.7970403460057778,0.9117349635883204,0.9202494927018604,0.8447791159105132,0.7478249197173038,0.7357908122143485,0.9285246949626924,144,500,0.2,120,8,0.35,0.15,0.15,2
0.7794188824354807,0.9311388987116328,0.941982198766048,0.9419292165002721,0.9421732376786461,0.9468388055435799,0.8058451246627301,0.932646319861911,0.9416467453347349,0.8582612370844374,0.7834644064129331,0.7641215399048297,0.9285246949626924,145,500,0.2,120,8,0.35,0.15,0.15,2
0.7728427582915772,0.9343983774755429,0.946368599379623,0.9463015986638034,0.9455510379384395,0.9493130994989263,0.799908852302553,0.9264475304223335,0.9355249821045096,0.8626066332617514,0.7854150322118826,0.7699195418754474,0.9285246949626924,146,500,0.2,120,8,0.35,0.15,0.15,2
0.7928537361361411,0.9295422503703846,0.9412515439372005,0.9395992044442463,0.9395711262344818,0.9445077418619584,0.8184844781421824,0.9028773752683825,0.9163989278204441,0.825562907383005,0.7630583835364922,0.746764666419695,0.9285246949626924,147,500,0.2,120,8,0.35,0.15,0.15,2
0.77854574407443,0.9329877583161964,0.9445737095000442,0.9445919679232879,0.9446400680705431,0.9469339542767853,0.8058793889789212,0.8919466512432072,0.9000003828379067,0.850251774821811,0.7740073479355564,0.7550345884232369,0.9285246949626924,148,500,0.2,120,8,0.35,0.15,0.15,2
0.7580779254783973,0.9304596929238662,0.9421018204916224,0.9420695273122232,0.9423854767971567,0.946209066819243,0.7879113925585072,0.9150903699896478,0.9243946847172286,0.8301612476998383,0.7490380657064375,0.7325892971869538,0.9285246949626924,149,500,0.2,120,8,0.35,0.15,0.15,2
0.7792493446122546,0.9375010567599014,0.9502591470187968,0.9500004128736359,0.9501619251078681,0.9526017133862676,0.8081544312547702,0.884039720803051,0.893567074861068,0.8132359226801712,0.7377668490781711,0.7386424360960084,0.9285246949626924,150,500,0.2,120,8,0.35,0.15,0.15,2
0.7807034058114661,0.9321434869187859,0.9444011746954859,0.943569633081652,0.9412255400475211,0.9456828455125296,0.8065849063907203,0.9187929773197441,0.9304471693959843,0.8528060888356619,0.7563478481184892,0.7390133285163155,0.9285246949626924,151,500,0.2,120,8,0.35,0.15,0.15,2
0.7711967379006939,0.9290338858234022,0.9398065055442185,0.9377459365227664,0.9379735552503728,0.9427560852154563,0.7943094537579822,0.8951542090049208,0.9105958908038913,0.818920862832057,0.7299501365712365,0.7187885259087285,0.9285246949626924,152,500,0.2,120,8,0.35,0.15,0.15,2
0.7770820756105827,0.9373860441371765,0.9477301837102602,0.9468295686291516,0.9472416452021657,0.9506654090390181,0.803563582663911,0.9219365487669277,0.9335193907086956,0.8589406636363395,0.777284262269763,0.7687128222861054,0.9285246949626924,153,500,0.2,120,8,0.35,0.15,0.15,2
0.7854930472843124,0.9296349611139934,0.9417238448067148,0.9378533170628338,0.9385659064835992,0.9411228106070016,0.8065282699928634,0.9114256416251988,0.9173788907319046,0.8435533991460423,0.7744756782825367,0.7692161175373089,0.9285246949626924,154,500,0.2,120,8,0.35,0.15,0.15,2
0.7831837457325136,0.9431321652732453,0.9527687192126829,0.9518731146315651,0.9518567180142745,0.9550856873636606,0.8145107928550334,0.9105321973291172,0.9230516452695662,0.826548044417175,0.748932764555054,0.7234125454884853,0.9285246949626924,155,500,0.2,120,8,0.35,0.15,0.15,2
0.7750355193649622,0.9312930447041876,0.9413055424947079,0.9414205157433522,0.9413425757843287,0.9466909574815322,0.7971569581347163,0.9095546926421183,0.9183785352030231,0.8571836693395821,0.7856952494697484,0.7655391258121934,0.9285246949626924,156,500,0.2,120,8,0.35,0.15,0.15,2
0.771150617351102,0.9343765085448117,0.9447812614334087,0.9440988904796097,0.9450826871009423,0.9483619106347292,0.7957308508234616,0.913031255348729,0.9252048517018233,0.86167636224645,0.7798562911990701,0.7636651311595803,0.9285246949626924,157,500,0.2,120,8,0.35,0.15,0.15,2
0.773974890178832,0.931227228166105,0.9441037320488227,0.944247316521943,0.944451667460755,0.9496890582943981,0.7987576301078381,0.9061225955961774,0.9182838711930532,0.8345379029582493,0.7513596870876249,0.7461376624866856,0.9285246949626924,158,500,0.2,120,8,0.35,0.15,0.15,2
0.7778754014621233,0.9351391217216418,0.9463734129840563,0.9461675582732884,0.9466302530855488,0.9500600489287567,0.7948058991914558,0.9162788317362535,0.9259759086854522,0.8406701756987175,0.7577438247173922,0.7575326131925895,0.9285246949626924,159,500,0.2,120,8,0.35,0.15,0.15,2
0.7694424976451149,0.9327843889657803,0.9444406242492553,0.9446617669368247,0.9444367665486435,0.9473329352829252,0.7978193575751883,0.9026474531315898,0.9171504785815158,0.8379298961285178,0.759026513108322,0.7447228343375089,0.9285246949626924,160,500,0.2,120,8,0.35,0.15,0.15,2
0.7727364115141593,0.9300939034880151,0.9433761127881098,0.9428249149420582,0.9429993876467729,0.9488655077255634,0.7989045192627459,0.8980830586004451,0.9081823901281625,0.8239897171024021,0.7545621714397176,0.7398029397751401,0.9285246949626924,161,500,0.2,120,8,0.35,0.15,0.15,2
0.7713432235402624,0.9293574309010096,0.9444270450063286,0.9444743374640646,0.9448347216907544,0.9495786850341938,0.7983582060263542,0.9100913470501084,0.9220545727489476,0.845425877412455,0.7609344675673819,0.7435805885065592,0.9285246949626924,162,500,0.2,120,8,0.35,0.15,0.15,2
0.7712450087400083,0.9362229102167182,0.9452584060455159,0.9454511953567645,0.9446904145988445,0.9494985101982927,0.7977553815904633,0.9164297126343428,0.9265714195664665,0.8449614154692088,0.7696222037428085,0.7550790237374264,0.9285246949626924,163,500,0.2,120,8,0.35,0.15,0.15,2
0.7792266667213799,0.9377238293070804,0.9495701060624224,0.9486016832696658,0.9466041647065191,0.9514204853271538,0.81429574549552,0.920518399300297,0.9317035262333444,0.8643973605202986,0.7771581187625175,0.7480034340319128,0.9285246949626924,164,500,0.2,120,8,0.35,0.15,0.15,2
0.7751496181932048,0.9289901183470912,0.9411085795133514,0.9388561720710664,0.9383103920046426,0.9439852414485843,0.8015286052682754,0.9057915466582144,0.9140438025108754,0.8293246299452287,0.737313556246641,0.7240219981043641,0.9285246949626924,165,500,0.2,120,8,0.35,0.15,0.15,2
0.7767332327102442,0.9342808351716397,0.9438114865126359,0.9436168195363598,0.9438428344750184,0.9486168195363598,0.8031798831224118,0.9066195479701227,0.9157844730833237,0.8448331978791749,0.7637365029606409,0.7305992878981384,0.9285246949626924,166,500,0.2,120,8,0.35,0.15,0.15,2
0.7751462961840442,0.9350100475372919,0.9455880979216869,0.9455587171597998,0.9456784852489541,0.9487884535362773,0.8054213655143454,0.8781068325498627,0.8900572866290495,0.8150247750102272,0.7468090882017304,0.7360743729574392,0.9285246949626924,167,500,0.2,120,8,0.35,0.15,0.15,2
0.7659678064159764,0.9349086655973734,0.9464151356487441,0.9460137814993359,0.9447693572161202,0.9491650563771158,0.7979337890676721,0.9125354113574856,0.9239982709383664,0.8403387204569827,0.7433683290131403,0.7160360819053857,0.9285246949626924,168,500,0.2,120,8,0.35,0.15,0.15,2
0.7698259726855952,0.9288583115925576,0.9421129452318963,0.9420370647955121,0.942240067049642,0.9473981697795806,0.7990247253407969,0.9178462246145338,0.9241489145220136,0.8578540521772728,0.7685002737291033,0.7543376271058662,0.9285246949626924,169,500,0.2,120,8,0.35,0.15,0.15,2
0.7755597471095742,0.9319802329076142,0.9415378972908052,0.9415043111207839,0.9413986586259456,0.9452399568715193,0.8054247614134442,0.9186296343636803,0.93092601101089,0.8559800079762355,0.7501757036494541,0.7459182247770741,0.9285246949626924,170,500,0.2,120,8,0.35,0.15,0.15,2
0.7756927833059231,0.9316304450944237,0.94331355941394,0.9431861559311158,0.9433608472097122,0.9503107853594248,0.8021868456099388,0.9157576711503118,0.9272772322257731,0.8356402254611757,0.7656695292392459,0.750973478874226,0.9285246949626924,171,500,0.2,120,8,0.35,0.15,0.15,2
0.7744138964431505,0.9339257611671515,0.9449221096342418,0.9446135039385505,0.9438992885996776,0.9460417444124776,0.7917403230954226,0.8947888528389252,0.9045076022564259,0.8315214517572741,0.7443796673639539,0.7325617335023865,0.9285246949626924,172,500,0.2,120,8,0.35,0.15,0.15,2
0.7784934112071833,0.9349598532910388,0.9457352915312988,0.9446657718528562,0.9446586770292394,0.9509868599869535,0.7989733690299557,0.9284940707259983,0.9418212472180297,0.854374648256632,0.7718428634468292,0.744907415549615,0.9285246949626924,173,500,0.2,120,8,0.35,0.15,0.15,2
0.776261310886234,0.9326521682272502,0.9465151075280823,0.9462942265415859,0.9465071109537367,0.9514273446370438,0.8038116549290933,0.9201111016734197,0.93182071953371,0.8477600473787278,0.7660749429195747,0.7492789186603085,0.9285246949626924,174,500,0.2,120,8,0.35,0.15,0.15,2
0.7807527544351074,0.9310282913165266,0.9423605042016807,0.942540056022409,0.9427906629318394,0.9460210084033613,0.8013960784313725,0.903140522875817,0.9119663865546218,0.8420082166199814,0.7424948646125117,0.7309506069094305,0.9285246949626924,175,500,0.2,120,8,0.35,0.15,0.15,2
0.7755675382919691,0.9327059974915435,0.9466241305917678,0.9466586218691802,0.9467465128653415,0.9514377066626126,0.8009236631066854,0.9249479305233552,0.931491486450534,0.8816046520466725,0.7957115845083805,0.7848550986279503,0.9285246949626924,176,500,0.2,120,8,0.35,0.15,0.15,2
0.7817059276072099,0.93896666606413,0.9467694840238987,0.9457216381034329,0.9459869119577561,0.9485475664980416,0.808845061235862,0.9059389828493781,0.9152463758130814,0.8333028752638424,0.739313783953137,0.697808220915296,0.9285246949626924,177,500,0.2,120,8,0.35,0.15,0.15,2
0.7661483254167449,0.9318350619925448,0.9411373074345656,0.9411653787267423,0.94128889241232,0.9448655622258754,0.794960796504524,0.9215930090479583,0.9310656181942241,0.8480954935025122,0.759131083157912,0.7372030480777021,0.9285246949626924,178,500,0.2,120,8,0.35,0.15,0.15,2
0.7589575656688556,0.9291562951639893,0.9433098645444928,0.9433278663637356,0.9437702105317574,0.9493359494693747,0.7827957287362656,0.9043060832960542,0.9129027702489421,0.8355514558899113,0.7333922868846927,0.7151591394514297,0.9285246949626924,179,500,0.2,120,8,0.35,0.15,0.15,2
0.7733057444011351,0.9342672636305885,0.9449224461106853,0.9436254950237486,0.9437976727962358,0.9468945446064934,0.8065931434175051,0.9116511413129077,0.9197990672236278,0.8396727346931835,0.7715918619533078,0.7525614100721871,0.9285246949626924,180,500,0.2,120,8,0.35,0.15,0.15,2
0.7694305568748949,0.9325378325648689,0.9430633843126079,0.9430127216794663,0.9423440723501373,0.9469092627369026,0.800917480800567,0.9080902866579469,0.9189638517241128,0.8349000265491683,0.763112341953288,0.7353252516690658,0.9285246949626924,181,500,0.2,120,8,0.35,0.15,0.15,2
0.7740587631975867,0.9355630045248868,0.9469205429864254,0.9470109924585218,0.9473514570135747,0.9515292187028658,0.8024387571644043,0.8921907933634993,0.9043415263951734,0.8240790588235294,0.7715959698340875,0.7412152760180996,0.9285246949626924,182,500,0.2,120,8,0.35,0.15,0.15,2
0.7734507220424386,0.9307881116423095,0.9419357476794744,0.9418874951138059,0.9418990359336359,0.9457674988426846,0.7993106150968449,0.9230665072574346,0.9329308240274695,0.8482966197635147,0.7390693264011475,0.7277265908149599,0.9285246949626924,183,500,0.2,120,8,0.35,0.15,0.15,2
0.7762003154725147,0.9326260932630581,0.9439685229599205,0.943888238635729,0.9442529588513418,0.9470245133473437,0.8056397294308569,0.9022276556259266,0.9122263950124386,0.8389776703862744,0.7407816641374612,0.7189571933956619,0.9285246949626924,184,500,0.2,120,8,0.35,0.15,0.15,2
0.7740473724603579,0.9326319408994597,0.944941150945815,0.9426141287166632,0.9422926908204763,0.9462091894210906,0.8019428178795126,0.9089321006476894,0.9175559831831539,0.8584184154692889,0.7590761922899137,0.7363472706149822,0.9285246949626924,185,500,0.2,120,8,0.35,0.15,0.15,2
0.7713743345853488,0.9256550628736375,0.9364932349841604,0.9367640502035386,0.9363249440884793,0.9418361232135732,0.795556961401579,0.8955128123614133,0.9066915400742944,0.8429417765160486,0.7638973111605276,0.7387667317311987,0.9285246949626924,186,500,0.2,120,8,0.35,0.15,0.15,2
0.7565180613846303,0.9245398385920724,0.9378914847307851,0.9376359844285244,0.937601950227956,0.9429666764218373,0.7902896427491404,0.9040904525680755,0.9174876401728781,0.8186382789577655,0.735520617460364,0.7209897691632784,0.9285246949626924,187,500,0.2,120,8,0.35,0.15,0.15,2
0.7825775702277691,0.9342743749183675,0.9437564487193076,0.9437794745427687,0.9399935130697353,0.9440607468862536,0.8005611353477753,0.8935673987687537,0.9056910903164106,0.8323617825322134,0.7379303992876287,0.7185549628390999,0.9285246949626924,188,500,0.2,120,8,0.35,0.15,0.15,2
0.7736198547468437,0.9346873169076294,0.9445070622355622,0.9441371590620458,0.944444184665454,0.9494016632112192,0.8057478058265023,0.9247921582914971,0.9325788290226548,0.8728585685463511,0.7766078326947248,0.7653201149823818,0.9285246949626924,189,500,0.2,120,8,0.35,0.15,0.15,2
0.771444478803573,0.9354843750610425,0.9476641352102834,0.9469855674630472,0.9459877503195249,0.9506642981907565,0.7982241639637653,0.9097506899623562,0.9254415924364239,0.846880897336226,0.7578421705913707,0.7302729266795228,0.9285246949626924,190,500,0.2,120,8,0.35,0.15,0.15,2
0.7805155984076907,0.9360444937668277,0.9456570550233205,0.9454795923539699,0.9456443062683384,0.9490018183804206,0.8043320065449049,0.9128376800978371,0.926128716121841,0.8567958870272647,0.7784597851742995,0.7618063415163002,0.9285246949626924,191,500,0.2,120,8,0.35,0.15,0.15,2
0.7822646373770252,0.9359267754994123,0.9453822505042854,0.9453050345962998,0.9455589141498052,0.9507618570088423,0.809249612233223,0.9084337437884864,0.9153434758115709,0.8517956767825461,0.7690436462423642,0.7489174885496153,0.9285246949626924,192,500,0.2,120,8,0.35,0.15,0.15,2
0.7689067875338153,0.9383691610263462,0.9476945529473919,0.9474108257413864,0.9468644344677196,0.9510135841853725,0.8022381940869134,0.9234209691332692,0.9338562634127228,0.8352780829581803,0.7402429339662918,0.702622437666816,0.9285246949626924,193,500,0.2,120,8,0.35,0.15,0.15,2
0.7874409814399953,0.9417707691935125,0.951993043819333,0.951982225652276,0.9516331660785157,0.9550228253399982,0.81283856396673,0.9046397431270894,0.9159448269510118,0.8375512274947388,0.7670836722694847,0.7540609811144577,0.9285246949626924,194,500,0.2,120,8,0.35,0.15,0.15,2
0.7724712711310822,0.9341437055210997,0.9449911719910672,0.9444828764659853,0.9436696230933199,0.9483633263707942,0.80123153133712,0.9008588169757468,0.9134460908404504,0.8412575165101142,0.7494393126583009,0.7412714454817034,0.9285246949626924,195,500,0.2,120,8,0.35,0.15,0.15,2
0.7764883826971087,0.9355526500751982,0.9450178989346292,0.9447329267340302,0.9445485211021007,0.9470724598250162,0.8080680990852775,0.9103502447405347,0.9232051311119005,0.8207952114996562,0.7279667263717688,0.7063513632664988,0.9285246949626924,196,500,0.2,120,8,0.35,0.15,0.15,2
0.7841415533038153,0.9348217304119295,0.9467169462756646,0.9465892429109943,0.9464349999667031,0.9500805197135214,0.812806649663055,0.9112619286106853,0.9244020564158993,0.8500992639037038,0.768012637932365,0.757784421051312,0.9285246949626924,197,500,0.2,120,8,0.35,0.15,0.15,2
0.7731358114081769,0.9324459361613199,0.9431503276148983,0.9418703027233134,0.9405772649089251,0.9447723787312128,0.7966555040390558,0.9003858817168047,0.9082341308377525,0.8394021785575,0.7424830948537192,0.7280539970260616,0.9285246949626924,198,500,0.2,120,8,0.35,0.15,0.15,2
0.7661440218974485,0.9349754309512149,0.9462543340925733,0.9462957795560311,0.9464850043092401,0.9513664688000233,0.7918001485903943,0.9057401571228183,0.9184379986252768,0.8424881482295516,0.7530755451883647,0.7456167465785979,0.9285246949626924,199,500,0.2,120,8,0.35,0.15,0.15,2
0.7757935457892314,0.9344167050161067,0.94501955821445,0.9435878777419849,0.9434391777880043,0.9490115431814695,0.8016897722043258,0.9247195697192822,0.9262898834177021,0.8704461957355423,0.8001621222580151,0.7841681047706703,0.9285246949626924,0,1000,0.2,120,8,0.35,0.15,0.15,3
0.7739366108521555,0.9320769383205204,0.9449315921040832,0.9451243444770391,0.944437799508196,0.948599596913245,0.8104949827778019,0.9259279604249254,0.9302684327824337,0.8736851763088629,0.8035664308058851,0.7926937400073695,0.9285246949626924,1,1000,0.2,120,8,0.35,0.15,0.15,3
0.7702697483675744,0.9365510033444816,0.9459358576206403,0.9458067566491479,0.9456906951743909,0.9505093366778149,0.8026743908265648,0.9305581103678929,0.9319129240324893,0.8798660216594999,0.8079511068641504,0.787117474916388,0.9285246949626924,2,1000,0.2,120,8,0.35,0.15,0.15,3
0.7728202089444347,0.932965963546597,0.9436927941462119,0.9437556397540268,0.943658273319384,0.9470323645045253,0.7977702102967463,0.9206200963337603,0.9222488695904463,0.8705885997674024,0.8144348198106272,0.7949603526828632,0.9285246949626924,3,1000,0.2,120,8,0.35,0.15,0.15,3
0.7676506235359974,0.9262855611243191,0.9402249904388211,0.9401070910116788,0.9400859891437665,0.9447970295539404,0.7962740489906,0.9123341289124727,0.9165854777138623,0.871082784273378,0.80084347457162,0.7986395877430671,0.9285246949626924,4,1000,0.2,120,8,0.35,0.15,0.15,3
0.7745116326830814,0.9328098091529174,0.944040776202637,0.9440765016473237,0.9439303787219251,0.9487865989366897,0.8036736494293348,0.922473051935914,0.9271708503016994,0.8754501674459402,0.805201449047463,0.7787102509283003,0.9285246949626924,5,1000,0.2,120,8,0.35,0.15,0.15,3
0.7779335934983367,0.9352664085444325,0.9481120883230593,0.9483072317176076,0.9481826031480647,0.9521406650942581,0.8021419811090981,0.9364547503028798,0.9397666882466911,0.8794212206017998,0.81549619259229,0.7955466843497159,0.9285246949626924,6,1000,0.2,120,8,0.35,0.15,0.15,3
0.7816487874682514,0.9361561403551908,0.9472155904315349,0.9472477508599473,0.9476891453636612,0.9510022595897333,0.8110766613147911,0.9142342351202697,0.9190304663507994,0.861606398646705,0.8065678085913585,0.7919090459810529,0.9285246949626924,7,1000,0.2,120,8,0.35,0.15,0.15,3
0.7846409073079492,0.9375337816660181,0.9471402679805989,0.947102910726627,0.9475327147350212,0.9525748682887865,0.8095405928126794,0.9229864562351457,0.9281354984763228,0.8775061509892191,0.8228203142488293,0.8065060493814,0.9285246949626924,8,1000,0.2,120,8,0.35,0.15,0.15,3
0.7791722018029077,0.9423173770395973,0.9535670147286992,0.9531511914243751,0.9531926958122949,0.9559290625707876,0.8150210810139347,0.92956179258036,0.932321054951907,0.8878442318887175,0.8177220813573689,0.8023897174340351,0.9285246949626924,9,1000,0.2,120,8,0.35,0.15,0.15,3
0.7884758745628293,0.9359268606512664,0.9448348812126297,0.9448593557098555,0.9450019246306863,0.9488603390672968,0.8071073343004408,0.9244325025700709,0.9282771874106768,0.8816550610126334,0.815591329222878,0.7784383460055183,0.9285246949626924,10,1000,0.2,120,8,0.35,0.15,0.15,3
0.7782148054298642,0.9393659366515837,0.9495844102564103,0.949751891402715,0.9497333574660634,0.9524759939668175,0.802763294117647,0.9292611764705883,0.9315562956259427,0.8652666787330316,0.8092829924585219,0.8008282352941176,0.9285246949626924,11,1000,0.2,120,8,0.35,0.15,0.15,3
0.7818247102819202,0.934403855990347,0.9436496199898293,0.9424466468840035,0.941707586016526,0.9461414575927052,0.811363352078389,0.9243885248706422,0.9276670091462484,0.8664680107385959,0.8179339447813131,0.7999866917706471,0.9285246949626924,12,1000,0.2,120,8,0.35,0.15,0.15,3
0.7638569604086846,0.9304851193931654,0.942044970780603,0.9421376601261658,0.9421484964588412,0.9460450288323852,0.7913623785750222,0.9229746700723712,0.9274124385618638,0.8747512481133171,0.8059386005650373,0.7923904756376021,0.9285246949626924,13,1000,0.2,120,8,0.35,0.15,0.15,3
0.7727285664976662,0.9351846543816305,0.9446903772383002,0.944570411923009,0.9448892169923002,0.9498952884198694,0.8063299793824021,0.9377802949002013,0.9401568508914315,0.8692877167142853,0.8159685961472393,0.7915259387661753,0.9285246949626924,14,1000,0.2,120,8,0.35,0.15,0.15,3
0.7808047747780819,0.9392249748271053,0.9489907948714001,0.9489029709739059,0.9487667945935214,0.9524060590200274,0.8037963803923379,0.9254781665843688,0.9309170314812162,0.8684442420876589,0.8031708571493981,0.7781476578254645,0.9285246949626924,15,1000,0.2,120,8,0.35,0.15,0.15,3
0.7650224672571404,0.9352591653738465,0.9465801945102015,0.9465588513885198,0.9474552624991501,0.9516557047363574,0.7978081096908975,0.9278513637965029,0.9319769602450074,0.8771837586763169,0.797102434622445,0.7678270113912393,0.9285246949626924,16,1000,0.2,120,8,0.35,0.15,0.15,3
0.766383050193147,0.9352216364725671,0.9464306287742624,0.9465251843105994,0.9466693739831896,0.9513545356325469,0.794232413096393,0.9230096335346273,0.9265915135654105,0.8557977935370338,0.7991922169663516,0.7909712999380827,0.9285246949626924,17,1000,0.2,120,8,0.35,0.15,0.15,3
0.7752488940732353,0.935524302323038,0.9475246726715462,0.9472455129951076,0.9476443268011967,0.9511302770792127,0.804129585622168,0.9318144250344406,0.93653736729553,0.8782074772644669,0.8148125620056589,0.7941178908792291,0.9285246949626924,18,1000,0.2,120,8,0.35,0.15,0.15,3
0.7773387490078516,0.93413412800758,0.9447387371543653,0.9440213300773692,0.9440314016670031,0.9473599651987842,0.8094994652373273,0.9153104238241129,0.9199978772188002,0.8632956991600682,0.8038851350697012,0.7941634363334146,0.9285246949626924,19,1000,0.2,120,8,0.35,0.15,0.15,3
0.7818129324927814,0.934577130390469,0.9440416014198836,0.9438993738234924,0.9435570341278311,0.9472703604683921,0.8043048633829427,0.9276141619758423,0.9306663276723101,0.8662114775338687,0.8116262899449955,0.7969506930478076,0.9285246949626924,20,1000,0.2,120,8,0.35,0.15,0.15,3
0.76843019857289,0.9376538951682221,0.9485918444792588,0.9484641713977727,0.9485606136793261,0.9529184887906963,0.7979157074817211,0.9407387714471135,0.9453043608410553,0.8809591901833935,0.7948639279939534,0.7787672987204407,0.9285246949626924,21,1000,0.2,120,8,0.35,0.15,0.15,3
0.7706353307573311,0.9317129608184436,0.9406661985094971,0.9406375278648922,0.9405655586957822,0.9446934488844827,0.8007381423236153,0.9026730110057243,0.9060540016467092,0.8462544484601767,0.7913477260619377,0.7816301328864873,0.9285246949626924,22,1000,0.2,120,8,0.35,0.15,0.15,3
0.7681383075898911,0.9268207936222899,0.9391622010204929,0.9391547999350263,0.9394440265644434,0.9450159727110293,0.7965279949953081,0.9164492435506357,0.9209290426773855,0.8808705702068915,0.8085373273745506,0.8006128098766317,0.9285246949626924,23,1000,0.2,120,8,0.35,0.15,0.15,3
0.7761526045784013,0.9321940691979939,0.9432968105959793,0.9431878555591906,0.9440911248312313,0.9480060355075054,0.804853185270909,0.9159150418492125,0.9210143898265685,0.8755638398898458,0.8137864310521272,0.8050813796133193,0.9285246949626924,24,1000,0.2,120,8,0.35,0.15,0.15,3
0.7749340089203209,0.936805762620208,0.947409901736953,0.9473736623866342,0.9476805795653396,0.9536954373103446,0.8024554151547911,0.9297209210546642,0.932365907845761,0.8785254062620625,0.8121940847470324,0.7913672426780238,0.9285246949626924,25,1000,0.2,120,8,0.35,0.15,0.15,3
0.7722617003565855,0.933661548437926,0.9447458982917347,0.943898609329793,0.9441175467861902,0.9499122993069126,0.8058169580284728,0.930494145962394,0.9333407351692501,0.8853381195857104,0.8059502111886594,0.7855501077640934,0.9285246949626924,26,1000,0.2,120,8,0.35,0.15,0.15,3
0.7722653956278138,0.9360970347006213,0.94672119979344,0.9468982789093051,0.947216458854077,0.9505031868907148,0.7980926659086336,0.9235944345178206,0.9280589423256422,0.8669651927044568,0.7946020932380701,0.7789234152219187,0.9285246949626924,27,1000,0.2,120,8,0.35,0.15,0.15,3
0.7795737116493323,0.9309559444062181,0.942792177249063,0.9423586667357552,0.9428554414657375,0.946537519295586,0.8014152305689481,0.9138249987246737,0.9177959831440026,0.8760177003236316,0.8085101618399082,0.7993799303410765,0.9285246949626924,28,1000,0.2,120,8,0.35,0.15,0.15,3
0.7764190602293516,0.9407349551387323,0.949893675754329,0.9498301229415517,0.9501031466050321,0.9535664824804779,0.8082078457701899,0.93809546646205,0.9403098725980545,0.8877972166207371,0.8188614221170026,0.7963945280638304,0.9285246949626924,29,1000,0.2,120,8,0.35,0.15,0.15,3
0.7773326479487465,0.9352873250206565,0.9456533149668858,0.9453593988655516,0.9454526579118728,0.9500644775420983,0.807570368453612,0.928954619353954,0.9319974015298744,0.8766822944165819,0.8145889106374967,0.8065711505512839,0.9285246949626924,30,1000,0.2,120,8,0.35,0.15,0.15,3
0.7632250064548225,0.9314228239376307,0.9436398547507494,0.9436138780258948,0.9432149778646818,0.9472215924834378,0.7976049066097383,0.9415269827325625,0.9448444269691931,0.876964785007179,0.8085957179337011,0.7892345958021613,0.9285246949626924,31,1000,0.2,120,8,0.35,0.15,0.15,3
0.775355181475227,0.9346846090509503,0.946464664457304,0.9464674872398063,0.9471351239702805,0.9525200196115248,0.8012541135971389,0.9208515147294251,0.9222480133694766,0.8699155725221007,0.8143393652301916,0.7973862202075991,0.9285246949626924,32,1000,0.2,120,8,0.35,0.15,0.15,3
0.7727155942381514,0.9315648398008437,0.9433971532818973,0.9434120709969215,0.943809053247691,0.947437478621109,0.8019343620538938,0.9183361521796967,0.9218791570065752,0.8728345558891718,0.8104120900003801,0.7957858880316218,0.9285246949626924,33,1000,0.2,120,8,0.35,0.15,0.15,3
0.7877014618527333,0.9354214204316106,0.9467835594445134,0.9467842239748101,0.9470013355160306,0.95166719259493,0.814700948075881,0.9250347169613574,0.9296052614091308,0.8684628730720552,0.7988640519108284,0.7991500847371061,0.9285246949626924,34,1000,0.2,120,8,0.35,0.15,0.15,3
0.7747915698107026,0.9361141906340715,0.9477391174273057,0.9477791095673119,0.9478225625655881,0.9511728656406375,0.8002200336779963,0.9290362547976148,0.9321903464357582,0.8715985050630434,0.8016691719435142,0.7797049310693167,0.9285246949626924,35,1000,0.2,120,8,0.35,0.15,0.15,3
0.7841371047134201,0.9386542692996601,0.951070131543301,0.9509724805246591,0.9501883016379593,0.9537608531344971,0.8116620423782421,0.934534910430825,0.9372794886191523,0.8923353916711443,0.8309400209044094,0.8145452869296459,0.9285246949626924,36,1000,0.2,120,8,0.35,0.15,0.15,3
0.7776429041867245,0.9396237616349352,0.9502317431579738,0.9501551029921008,0.9502279111496801,0.9536012575275628,0.8035219300430531,0.9321998842340469,0.9360577340195183,0.8645485289951855,0.8033076323484777,0.7903571146785471,0.9285246949626924,37,1000,0.2,120,8,0.35,0.15,0.15,3
0.7682388774779748,0.9343441934563217,0.9452817105142085,0.9452371650610809,0.9452651399955396,0.949517427506905,0.797489059558733,0.9090674268050948,0.914848100979571,0.8540437524075989,0.7879587694303952,0.7777579581378012,0.9285246949626924,38,1000,0.2,120,8,0.35,0.15,0.15,3
0.7777282415818476,0.9352978980960531,0.9450977171837828,0.9448778618922445,0.94472614718113,0.9492378883758285,0.8029417123339595,0.9239995686371234,0.9283626041776777,0.8672781652828402,0.8048386800878373,0.7894311436037496,0.9285246949626924,39,1000,0.2,120,8,0.35,0.15,0.15,3
0.784130335640986,0.9323665001998247,0.9456798188363759,0.945681631761809,0.944835902047236,0.9471746765741027,0.8108749137853238,0.9280178963941316,0.9303816490047442,0.878875732421875,0.8121123361115409,0.8000974749574566,0.9285246949626924,40,1000,0.2,120,8,0.35,0.15,0.15,3
0.7700469722181269,0.9347518304236195,0.9447545670582468,0.9447370783899756,0.9442670337919175,0.9492517927594764,0.7926732054745589,0.9235687552337771,0.9279742387031263,0.8787014302311074,0.8039617988863724,0.7870267104723612,0.9285246949626924,41,1000,0.2,120,8,0.35,0.15,0.15,3
0.7746397106980024,0.9324200743406635,0.9468387309818888,0.9461546772273861,0.9460422098163682,0.9502035040240309,0.8022157752714174,0.9387065401521449,0.9399504710446107,0.8926151713519233,0.8086588886055064,0.7871302842955742,0.9285246949626924,42,1000,0.2,120,8,0.35,0.15,0.15,3
0.7732538584562251,0.9333591381391104,0.9445998292761899,0.944637015669306,0.9449698289818386,0.9494952854717962,0.8013224227082291,0.9301601271598033,0.9342691745405666,0.8806948655304703,0.8006872123941562,0.7909959870092917,0.9285246949626924,43,1000,0.2,120,8,0.35,0.15,0.15,3
0.7808571172810383,0.9295263201166709,0.9424514460158686,0.9425692964244167,0.9427524592028202,0.949080171318188,0.8032420676205858,0.9170621266629682,0.9202241097923989,0.8684620396822592,0.7939606996261059,0.7847427230494268,0.9285246949626924,44,1000,0.2,120,8,0.35,0.15,0.15,3
0.768112489020115,0.9338136852972465,0.9445740708149549,0.943951320807491,0.9438407362769116,0.947994334457904,0.8003262734702408,0.9141081308503735,0.917932921741508,0.8517793109896274,0.7972432631825402,0.7793545948952767,0.9285246949626924,45,1000,0.2,120,8,0.35,0.15,0.15,3
0.7759712234750636,0.9297326301382923,0.9411807578164919,0.9410902451583114,0.9413269175387333,0.9447890513367311,0.8026735410324707,0.9098693859991593,0.9131614269128506,0.8576657425642719,0.7911123463993296,0.7901629976374128,0.9285246949626924,46,1000,0.2,120,8,0.35,0.15,0.15,3
0.7721926690745393,0.9330616393856538,0.9449358850009854,0.9444024272711598,0.9444850824280717,0.9485563540742931,0.7995395944181692,0.9298103761762243,0.932640858243423,0.8895832948443196,0.8159169584133905,0.7858691627561829,0.9285246949626924,47,1000,0.2,120,8,0.35,0.15,0.15,3
0.7713771342383107,0.9345859185520362,0.9471564645550528,0.9471419849170437,0.9472855263951735,0.9525322714932126,0.806366407239819,0.9382979185520361,0.9399004283559578,0.8818053212669683,0.8094032699849171,0.7881991915535445,0.9285246949626924,48,1000,0.2,120,8,0.35,0.15,0.15,3
0.7792738120916863,0.9302440541444555,0.9443251990227255,0.9441381430121976,0.9444905798344836,0.9473936241877648,0.8056102289368868,0.9268016124438175,0.9283659506880634,0.8853785888567135,0.8267129923910503,0.8230802481743419,0.9285246949626924,49,1000,0.2,120,8,0.35,0.15,0.15,3
0.7771285143573705,0.9371538901392842,0.9497109414265119,0.9496762367088623,0.9500384732077657,0.9540869083037911,0.8060146640410288,0.9353061763630302,0.9412205908761778,0.8741987632430703,0.7981016038770842,0.7765116163707825,0.9285246949626924,50,1000,0.2,120,8,0.35,0.15,0.15,3
0.7810493827160494,0.933791727582846,0.9445929783950617,0.9447057748538011,0.9447364359974009,0.9504193063677713,0.8066204718973359,0.9100798001949317,0.913082358674464,0.8739931570825211,0.805581647985705,0.7957612491877842,0.9285246949626924,51,1000,0.2,120,8,0.35,0.15,0.15,3
0.7843036746833676,0.9363551379675239,0.9443134062292733,0.9443645470993125,0.9442362515062661,0.9482620923276969,0.8126476397010417,0.9091947047225687,0.9153664913392099,0.8464465323189113,0.799224590106912,0.778595604703344,0.9285246949626924,52,1000,0.2,120,8,0.35,0.15,0.15,3
0.7808196108202194,0.934621539742217,0.946057315158241,0.9457282602185876,0.9460493557172228,0.9511791183870756,0.8073905545313438,0.9272689575685111,0.9316835353429758,0.8842342013103763,0.8107489533092396,0.7948126963955672,0.9285246949626924,53,1000,0.2,120,8,0.35,0.15,0.15,3
0.7817868462398205,0.9385680729357794,0.9475529068474179,0.9475431549274842,0.9470251329406105,0.950806049818073,0.7992528273985261,0.9313871491734614,0.9329640346267273,0.8797786236159709,0.8121662222554221,0.7988291064774105,0.9285246949626924,54,1000,0.2,120,8,0.35,0.15,0.15,3
0.7793322065994194,0.9299129631008214,0.9411369737772649,0.9411145825578798,0.941515298146356,0.9459682428534206,0.8044760919935978,0.9154602549070696,0.9170987881212933,0.8615161240043178,0.8034143992406759,0.7882778380046651,0.9285246949626924,55,1000,0.2,120,8,0.35,0.15,0.15,3
0.7761382438770694,0.935528791979274,0.9462409107106741,0.9461929481561383,0.9461322726353402,0.9497176180524121,0.806396548237039,0.923500303377604,0.9273697643285724,0.8844575319509588,0.8168273444347064,0.7948692586992324,0.9285246949626924,56,1000,0.2,120,8,0.35,0.15,0.15,3
0.7876122623390651,0.9334170506419756,0.9455536954993768,0.9457740249510295,0.9458537416444046,0.9502957055760004,0.8163852588560664,0.9253531503712049,0.9290629820014684,0.8829760911998387,0.8196683253454053,0.7896005484193185,0.9285246949626924,57,1000,0.2,120,8,0.35,0.15,0.15,3
0.7723057270369437,0.9343510326691716,0.9457670678198814,0.9458195582056004,0.9456120916353548,0.9505345766741554,0.8004318413780847,0.9250888306216819,0.9290236903408862,0.8689126026441336,0.7944190532999084,0.7873514675620932,0.9285246949626924,58,1000,0.2,120,8,0.35,0.15,0.15,3
0.7758041106089206,0.9369250399203849,0.9486350863207819,0.9486815117856006,0.9487860944201705,0.9521955083613466,0.8063221857068729,0.9216318099664342,0.9254493268056924,0.8716808174090479,0.8056755381418282,0.7865977805018062,0.9285246949626924,59,1000,0.2,120,8,0.35,0.15,0.15,3
0.7790555214752366,0.9364764959113918,0.9472254134964244,0.9469691994610331,0.9471662128919408,0.9502862682411259,0.8103158550228381,0.938225666137177,0.9415616636586708,0.8808463735621882,0.8046132819501702,0.7862089439462022,0.9285246949626924,60,1000,0.2,120,8,0.35,0.15,0.15,3
0.7747677874565587,0.9362868603537429,0.9467438065868923,0.9466532028423689,0.946472298714074,0.9509493978086837,0.8079363419708903,0.9369018737177952,0.9387166788550275,0.8905749454759608,0.8144326102291628,0.7969326385428329,0.9285246949626924,61,1000,0.2,120,8,0.35,0.15,0.15,3
0.7693821764169517,0.933207725949257,0.9470193958180074,0.946971876420999,0.9467395170448458,0.9510423555907904,0.7986994540983099,0.9317555750775524,0.9349346132144872,0.884866310033116,0.8052336092600925,0.792500124988394,0.9285246949626924,62,1000,0.2,120,8,0.35,0.15,0.15,3
0.780963263541928,0.9394405822074332,0.9512368279475836,0.9512058263806588,0.9513642234541109,0.956055129358773,0.8062649282263884,0.9426656423190727,0.9446990859322565,0.8980882799024816,0.8199997188925443,0.8006430781625261,0.9285246949626924,63,1000,0.2,120,8,0.35,0.15,0.15,3
0.7633060225394429,0.9258153823388477,0.9369349015056639,0.936908269898459,0.937168581753611,0.9407810866393004,0.7936401978834942,0.919312621754866,0.9214791756326411,0.8677962470932812,0.8080270763066241,0.777270184724575,0.9285246949626924,64,1000,0.2,120,8,0.35,0.15,0.15,3
0.773163224528318,0.9385412402710954,0.9510780292254815,0.9506476354050135,0.9504188748137018,0.9541386637385311,0.8091944347609209,0.9344377206375659,0.9386490411692135,0.8781119032030936,0.8209644708484103,0.7913839044047953,0.9285246949626924,65,1000,0.2,120,8,0.35,0.15,0.15,3
0.7851930692992811,0.9364002980697319,0.9460403390794296,0.9455422041399089,0.9451820751772348,0.9494226927023135,0.808785717376121,0.929256436544678,0.931382926120736,0.8828021181647928,0.8290887240328572,0.8183004037616431,0.9285246949626924,66,1000,0.2,120,8,0.35,0.15,0.15,3
0.7794714505858563,0.9369706518211584,0.946253418949243,0.9458752816795811,0.9461497329053543,0.9514223341749904,0.8068057467612694,0.9240536435989858,0.9278526157695913,0.8793156801558086,0.8197855096792581,0.8061709588766668,0.9285246949626924,67,1000,0.2,120,8,0.35,0.15,0.15,3
0.7759365435253843,0.9294049490856637,0.9427504667081519,0.9416567308103384,0.9419834067240809,0.945031854117878,0.7993660646566944,0.9164758665570951,0.9197541053691626,0.876366971946842,0.8177035583824585,0.7984793587532915,0.9285246949626924,68,1000,0.2,120,8,0.35,0.15,0.15,3
0.7781962447049673,0.9377586572212427,0.9473436022014655,0.9470429766401413,0.9468883279138831,0.9505791811595649,0.807125577367289,0.9299699499699327,0.9343228539309538,0.8813520518995344,0.8152601967228152,0.799434188006023,0.9285246949626924,69,1000,0.2,120,8,0.35,0.15,0.15,3
0.7809703179837788,0.9312624221175104,0.9429175267453718,0.9430726797915157,0.9432173007641312,0.9471524930149435,0.8001417149004754,0.929147815799105,0.9322058228518886,0.8776157452938941,0.8091861330429082,0.7856455834383533,0.9285246949626924,70,1000,0.2,120,8,0.35,0.15,0.15,3
0.7740036778034959,0.9323485530551643,0.9427859400507103,0.9426192993362861,0.9427905255973016,0.9485485086436578,0.7983227826735805,0.9423382150867214,0.9452037914469995,0.8935395112158567,0.8104254060355159,0.7880156447141916,0.9285246949626924,71,1000,0.2,120,8,0.35,0.15,0.15,3
0.7643121738651943,0.9250078734810621,0.940116273851184,0.9402284733954392,0.9395187868868198,0.9438109560610974,0.7966719859007125,0.9092107630388554,0.9135418605767486,0.8589243907759877,0.8139317881407229,0.7993783364729693,0.9285246949626924,72,1000,0.2,120,8,0.35,0.15,0.15,3
0.76746572265625,0.934126953125,0.944007421875,0.94229404296875,0.943051171875,0.94874228515625,0.78972236328125,0.92910078125,0.9313404296875,0.87196025390625,0.80399560546875,0.7994078125,0.9285246949626924,73,1000,0.2,120,8,0.35,0.15,0.15,3
0.7698721824021959,0.9389928486072542,0.950534290428346,0.9504337159932066,0.9502934121543354,0.9538290288642625,0.8094849998483878,0.9413796150531007,0.9438541464537904,0.8949067204638153,0.8359422808820808,0.8129561688605738,0.9285246949626924,74,1000,0.2,120,8,0.35,0.15,0.15,3
0.7792259671739604,0.9277386641999418,0.940799385276491,0.9407925332628555,0.9378291352514078,0.9442310694769711,0.8030139071405323,0.9356415809553176,0.9357373133743965,0.8937941801932757,0.820926245414657,0.7964359740504455,0.9285246949626924,75,1000,0.2,120,8,0.35,0.15,0.15,3
0.785331820365441,0.935732500990166,0.9477951329544014,0.9476195719473827,0.9476294424625152,0.9516796118951782,0.8051570854151257,0.9291836537752948,0.9325635864813808,0.8634817676731813,0.8010670506009563,0.7906909351009797,0.9285246949626924,76,1000,0.2,120,8,0.35,0.15,0.15,3
0.7742789594222909,0.9388563538765715,0.9488217342231281,0.9484275374570091,0.9485337915369311,0.9516485232444009,0.7973490096258761,0.9387890400579838,0.9411166501512995,0.8923651062384256,0.8192072154151775,0.8007098085626309,0.9285246949626924,77,1000,0.2,120,8,0.35,0.15,0.15,3
0.7676832295550268,0.9316240233086489,0.9435193177244753,0.9427113711579752,0.9421425416682473,0.9464394326293974,0.7954959002441003,0.9168468415140402,0.919340114883468,0.88181043613414,0.8119536304008692,0.8028697169827053,0.9285246949626924,78,1000,0.2,120,8,0.35,0.15,0.15,3
0.7853573903465008,0.9389883734999395,0.9499427238914441,0.9499585357115359,0.950168214195361,0.9532654649421504,0.8128343070533681,0.9326385036871986,0.9363647898854635,0.8754488199864549,0.8173913521718567,0.8042073387272919,0.9285246949626924,79,1000,0.2,120,8,0.35,0.15,0.15,3
0.7837353705318458,0.936577069547038,0.9447296339868116,0.9447016465886945,0.9442655661259901,0.9466828444803234,0.8073110250205402,0.9323279239858393,0.9364277388622745,0.8694384972568476,0.8158305245864934,0.8031525237660463,0.9285246949626924,80,1000,0.2,120,8,0.35,0.15,0.15,3
0.7766467547443533,0.9318615295612158,0.9433698083237196,0.9432011824427977,0.9425938764299042,0.9453288442932538,0.8017523671563074,0.922591482214686,0.9265488418445804,0.8657593090189853,0.7965768946172849,0.7834436225040282,0.9285246949626924,81,1000,0.2,120,8,0.35,0.15,0.15,3
0.7534295501986806,0.9233170816857428,0.936364011045625,0.9355362195160387,0.9359705773254362,0.9410395397494612,0.7883423561898897,0.9179505953145797,0.922560955800529,0.8672187862904301,0.7865156095822494,0.7750432878917548,0.9285246949626924,82,1000,0.2,120,8,0.35,0.15,0.15,3
0.7758355260117561,0.9330330558301797,0.945123490026916,0.9452373129237643,0.9454559701281822,0.94984210859017,0.8000848835474523,0.9085711963196808,0.9122645294927827,0.8602333965367942,0.7981216584064462,0.7935471503778285,0.9285246949626924,83,1000,0.2,120,8,0.35,0.15,0.15,3
0.7770252901470174,0.9341804365526457,0.9469116943167013,0.9468775195194884,0.9466781499299167,0.9487250509035099,0.8010238689537013,0.9299722536515223,0.9329536310771857,0.8804598473034192,0.8242523690208552,0.8147966111354442,0.9285246949626924,84,1000,0.2,120,8,0.35,0.15,0.15,3
0.7730031401372943,0.931772840288853,0.9417296510188111,0.941215243038702,0.9413475844716743,0.945690483501897,0.8014837891650405,0.9099894007984072,0.9131134907034105,0.8579856564075641,0.8009907777040346,0.780386127923448,0.9285246949626924,85,1000,0.2,120,8,0.35,0.15,0.15,3
0.7782442351874161,0.9391402353809848,0.9470693283910897,0.9471479656368895,0.9475735433864906,0.952306900681744,0.8088709057410653,0.9197459099851351,0.9222077631157365,0.8789338623688192,0.8108123481159648,0.7903747620881838,0.9285246949626924,86,1000,0.2,120,8,0.35,0.15,0.15,3
0.7756271057026962,0.9319998091147698,0.9457434502505369,0.9453237890718206,0.9447183011214507,0.9479833929849678,0.8039171558100692,0.9194224767358625,0.9214848007635409,0.8812622285850632,0.8191210689572894,0.7991211643999045,0.9285246949626924,87,1000,0.2,120,8,0.35,0.15,0.15,3
0.7756420901932713,0.9360154617036507,0.9480756859937962,0.9481462180863756,0.9485307563827249,0.9513738964447626,0.8055239322357433,0.9440406585540444,0.946251968503937,0.8914227630637079,0.8045787640181341,0.7987704127893104,0.9285246949626924,88,1000,0.2,120,8,0.35,0.15,0.15,3
0.7780724609375,0.93869443359375,0.94981669921875,0.94993291015625,0.95008173828125,0.95382451171875,0.805645703125,0.92415966796875,0.928680078125,0.88098837890625,0.79001494140625,0.7851328125,0.9285246949626924,89,1000,0.2,120,8,0.35,0.15,0.15,3
0.7813538845191281,0.9345443372520121,0.9452394441780734,0.9444608604002915,0.9439150966109785,0.9481568531995439,0.8110220552316878,0.9240465486986549,0.9267829190938771,0.8875062654957933,0.8204803917809248,0.809575707636937,0.9285246949626924,90,1000,0.2,120,8,0.35,0.15,0.15,3
0.7920133325593096,0.9369993033786137,0.9468302759394713,0.9461421688145826,0.9463407059096715,0.9505138550253492,0.8190770734161539,0.9145743836835791,0.9156249274352722,0.87276316807926,0.8005986106273463,0.7887537249893571,0.9285246949626924,91,1000,0.2,120,8,0.35,0.15,0.15,3
0.7722532062472764,0.9332498543273947,0.9448213050486819,0.9446569762968342,0.9444827878198756,0.9481810547121946,0.8002630419997224,0.9238638793417107,0.9277005690414685,0.866537600931686,0.8098953167852347,0.7991746056786604,0.9285246949626924,92,1000,0.2,120,8,0.35,0.15,0.15,3
0.7717892025823438,0.9330472067358506,0.946385016008307,0.9463687913728205,0.9458772235476633,0.9491884012398711,0.7959715388989499,0.9323409522161307,0.9356861243826913,0.8694199808703822,0.8014121034235526,0.7948042343208213,0.9285246949626924,93,1000,0.2,120,8,0.35,0.15,0.15,3
0.7690511485658807,0.932914799422369,0.9458007624910452,0.9441162509478079,0.9445748146069475,0.9485259099275642,0.797812237685522,0.9178844838152183,0.920873843310753,0.8574156877113684,0.7922008019509049,0.7800176685059323,0.9285246949626924,94,1000,0.2,120,8,0.35,0.15,0.15,3
0.7804162592268546,0.9402940818684995,0.9504356291884423,0.9504222752998679,0.9504376761348661,0.9536687323280292,0.8087945396047093,0.9315859818870584,0.9343242113602798,0.8799171552045465,0.8193122376984369,0.8115832604230512,0.9285246949626924,95,1000,0.2,120,8,0.35,0.15,0.15,3
0.7806483902371218,0.9369057888814171,0.9475496969859849,0.9461340794563083,0.9461052355108149,0.9503496270123452,0.8076683745629478,0.9328328859568477,0.9352768442872892,0.8743482917247114,0.8119771481134632,0.8013357995398948,0.9285246949626924,96,1000,0.2,120,8,0.35,0.15,0.15,3
0.781569276192256,0.9331758258280777,0.945337858597791,0.945004366449517,0.9450397441118303,0.9506190321825211,0.804185600445451,0.9255672250569215,0.9289386778213974,0.893686952295145,0.8056798260034278,0.7991021764568579,0.9285246949626924,97,1000,0.2,120,8,0.35,0.15,0.15,3
0.7726305404185185,0.9309210460057326,0.9439621150814254,0.9439008241093937,0.9440137184350295,0.9488215587684984,0.8023518660031639,0.9146658937034221,0.9191503018652311,0.8711598544325027,0.7941396430870354,0.7840216450170775,0.9285246949626924,98,1000,0.2,120,8,0.35,0.15,0.15,3
0.7706033139429171,0.9381041416066432,0.9486908540377241,0.9487607489227081,0.9487066049977205,0.9535032645341245,0.7984690263770499,0.912613083278968,0.9126867190169511,0.8588198140382597,0.7897777450945358,0.7684809705269021,0.9285246949626924,99,1000,0.2,120,8,0.35,0.15,0.15,3
0.774462014941581,0.9336924056942829,0.9454878964026696,0.9450126357539586,0.9451693394987641,0.9502351515376707,0.7965874326625734,0.9208182641445576,0.9250371489853786,0.8685243464812689,0.7997475575368796,0.7973019896226176,0.9285246949626924,100,1000,0.2,120,8,0.35,0.15,0.15,3
0.7846575332482263,0.9315449113724785,0.9443975114086753,0.9443202794037325,0.9444867887721873,0.9475344669331627,0.8077567857881774,0.9063057350887571,0.9100050772704691,0.8662417590515302,0.7975793687908201,0.7848150339031295,0.9285246949626924,101,1000,0.2,120,8,0.35,0.15,0.15,3
0.7649536671656074,0.9353323859018053,0.9471933535594654,0.9468240483515793,0.9469140585725666,0.9512447886958865,0.795979107876811,0.9238559364471278,0.9265211361649853,0.8735209141137684,0.798090691100037,0.7802394115847543,0.9285246949626924,102,1000,0.2,120,8,0.35,0.15,0.15,3
0.7691628574673507,0.9300885320227633,0.9428644583631066,0.9420009982497508,0.9418908816442338,0.9442145628298758,0.8030794439946657,0.9293471890168334,0.9323959885298243,0.8708566467083919,0.8074370662478587,0.7906627646794699,0.9285246949626924,103,1000,0.2,120,8,0.35,0.15,0.15,3
0.7678456505377039,0.9299467518657856,0.9405544603634429,0.9404929143695002,0.9404024693751967,0.9461249646036561,0.7967439604787924,0.9311863513078869,0.9341034736105277,0.8700672340668123,0.7928842178811036,0.7798784841418954,0.9285246949626924,104,1000,0.2,120,8,0.35,0.15,0.15,3
0.7736840311833566,0.9338792400162764,0.9453045821328979,0.9453386572951336,0.9458499839986226,0.9501048957040985,0.801696006510548,0.9025203265317184,0.9061815134074803,0.83872544545802,0.7817724982753186,0.768672790365218,0.9285246949626924,105,1000,0.2,120,8,0.35,0.15,0.15,3
0.781401940984942,0.9319480884716743,0.9456596948633964,0.9456581432391611,0.9458722673836464,0.9489621330954177,0.8090246344591498,0.9081998976897769,0.9124269100130676,0.8573233997056763,0.8222945128263562,0.799843479905254,0.9285246949626924,106,1000,0.2,120,8,0.35,0.15,0.15,3
0.7852378213764045,0.9359856259088676,0.9465710460914436,0.946548147085382,0.9463237165613718,0.949519647752493,0.8154332005596274,0.9185826852711971,0.9227979262011643,0.8715359680564945,0.8152673347502347,0.797677149142645,0.9285246949626924,107,1000,0.2,120,8,0.35,0.15,0.15,3
0.7656195940242739,0.9336286508715271,0.9460685014592183,0.9459204148417657,0.9458270225700863,0.9494802408773472,0.7942261736678622,0.9221417846027467,0.9254913582933678,0.8780988513612666,0.800305004791263,0.7830203462966276,0.9285246949626924,108,1000,0.2,120,8,0.35,0.15,0.15,3
0.7803953419817398,0.9384678375420471,0.9513077301157672,0.9512100573677695,0.950840667869563,0.9551252130272083,0.8102866385938501,0.9235767190968088,0.9280966604853069,0.871428110059812,0.7893526691998757,0.7766478496927333,0.9285246949626924,109,1000,0.2,120,8,0.35,0.15,0.15,3
0.76789404224631,0.9271754914522967,0.9393133828817165,0.9393608799153554,0.9396787672786374,0.9449030492508004,0.7952258919747053,0.9169580470943371,0.9206794641629495,0.8584845958795687,0.8011177765825718,0.7879386718301655,0.9285246949626924,110,1000,0.2,120,8,0.35,0.15,0.15,3
0.7749850332518681,0.9406774434878371,0.9485954990048697,0.9485276351317927,0.9486974854433422,0.9534206966321885,0.805140516819613,0.9280302672873924,0.9318141547835785,0.8689731614585433,0.790442364747158,0.7850602449142365,0.9285246949626924,111,1000,0.2,120,8,0.35,0.15,0.15,3
0.7629021068303347,0.9344588428527284,0.9456802745436887,0.9455117590081307,0.9457123538818326,0.9488516735562986,0.7975688812202109,0.9079551709071294,0.9118418203479836,0.8621380542237844,0.7982373987854802,0.7844136793030546,0.9285246949626924,112,1000,0.2,120,8,0.35,0.15,0.15,3
0.7834167838583773,0.9386289447231142,0.9492851430992256,0.9492991810367518,0.9495962839573948,0.9533884322381235,0.8138463196789323,0.9265840935127181,0.9298986511046102,0.8831961375617606,0.8257219134711558,0.7960888300632459,0.9285246949626924,113,1000,0.2,120,8,0.35,0.15,0.15,3
0.7701454924872212,0.9353316933574797,0.9463431023666335,0.9464029789975956,0.9460319370360527,0.9495518137597271,0.8014116205474965,0.9181147475755759,0.9212354789512396,0.8738047851858262,0.8129425076178527,0.7928300438528719,0.9285246949626924,114,1000,0.2,120,8,0.35,0.15,0.15,3
0.7669810017544196,0.9350504325071639,0.9454247889972557,0.9453069745050192,0.9454262946137698,0.9496083326840362,0.7915557686002923,0.9118406952334815,0.9155850694032752,0.86284671054786,0.8081733521685959,0.7909745065247774,0.9285246949626924,115,1000,0.2,120,8,0.35,0.15,0.15,3
0.756989749466093,0.9318672691587931,0.9415348174626625,0.9415274184365473,0.942010180867752,0.9479183512663626,0.7892917834775903,0.9130158958947416,0.9151197176839126,0.8675308152621729,0.7926625683749289,0.7832908850244192,0.9285246949626924,116,1000,0.2,120,8,0.35,0.15,0.15,3
0.7819802462920161,0.9352103689035082,0.9443889130763943,0.9443967736062273,0.9442974361604614,0.9476754005996209,0.8076893864473265,0.9143997144269511,0.916976690876116,0.8455529691137184,0.7874566774267494,0.7805691829303485,0.9285246949626924,117,1000,0.2,120,8,0.35,0.15,0.15,3
0.7645683688090302,0.9314980285031066,0.9409592437035023,0.940594521897985,0.9407576715184743,0.9456985792720406,0.7968327909477998,0.9263674459068315,0.9302177964542214,0.8836394087176899,0.8034328903588717,0.7815355392631312,0.9285246949626924,118,1000,0.2,120,8,0.35,0.15,0.15,3
0.7716326914422472,0.9327178537370401,0.9438972841325008,0.9426918566984113,0.9429333918256928,0.947347688202881,0.7979795699013019,0.9299673248230078,0.9329683816735931,0.8803814632395461,0.8070418779488105,0.7855808318661369,0.9285246949626924,119,1000,0.2,120,8,0.35,0.15,0.15,3
0.7698103606046245,0.936506666487566,0.9469683851279854,0.9464324458018459,0.9462998723615622,0.9482513884439762,0.7943653562434255,0.9428549096607395,0.9443336583426705,0.8914020089061708,0.8075313005211149,0.7930104206422881,0.9285246949626924,120,1000,0.2,120,8,0.35,0.15,0.15,3
0.7751930372824212,0.9353095137671481,0.9467804192180338,0.9469772888636557,0.9471400604912518,0.9516478380146786,0.8004393466116292,0.9241350363583551,0.9270850522789054,0.869515971306469,0.7866692186444054,0.7708339622903277,0.9285246949626924,121,1000,0.2,120,8,0.35,0.15,0.15,3
0.7700866823460427,0.9364406616199479,0.9493497859623721,0.949422983200937,0.9495802583486643,0.952766316529984,0.8005492958178362,0.9277956720846801,0.9323309334200885,0.8853892475828343,0.7990751627822508,0.7819716388396813,0.9285246949626924,122,1000,0.2,120,8,0.35,0.15,0.15,3
0.7758747512355554,0.9376651871481643,0.9480956530034784,0.9478202347957068,0.9479242987882273,0.9514526553597914,0.8041052619317647,0.9299079433171807,0.934261495581516,0.8795050635651939,0.8154778871717207,0.7976664828940842,0.9285246949626924,123,1000,0.2,120,8,0.35,0.15,0.15,3
0.7761432143716998,0.9377216679082716,0.9476447758547175,0.9476568088855846,0.9477272317055766,0.9528574453737385,0.8058440880190564,0.9333408556214818,0.9365999329898265,0.8861423769911091,0.8165795241804249,0.8010129247573594,0.9285246949626924,124,1000,0.2,120,8,0.35,0.15,0.15,3
0.7857545417159695,0.9389368131230115,0.9478941387165977,0.9478330686485863,0.9478637470395591,0.9507011637049595,0.8126947564130979,0.932125445756543,0.9352498630702035,0.8737040410704331,0.8070730607314589,0.7945720464809162,0.9285246949626924,125,1000,0.2,120,8,0.35,0.15,0.15,3
0.7747367813569237,0.9281912901393311,0.9418498332649837,0.9418352597997082,0.9418340939224861,0.9457401712421033,0.8032179960144488,0.9092565696452789,0.9131095995512927,0.8642675050878397,0.814871327474606,0.7966144674287423,0.9285246949626924,126,1000,0.2,120,8,0.35,0.15,0.15,3
0.7550991790088802,0.9336744856434515,0.9466387992049098,0.9459999801871849,0.9460674976443428,0.9505144166602307,0.7913367215811857,0.9260946412009797,0.9296030483266299,0.8719735323873644,0.8067522458451036,0.7895241375390233,0.9285246949626924,127,1000,0.2,120,8,0.35,0.15,0.15,3
0.7507481774181435,0.92745513583004,0.9376293577211531,0.9369230304374595,0.9361891107261773,0.9408968257923909,0.7766241422665566,0.9008519550643714,0.9051914472412868,0.8446639596940699,0.7767013816325177,0.7633017604065958,0.9285246949626924,128,1000,0.2,120,8,0.35,0.15,0.15,3
0.7748123891204605,0.9313694609582949,0.9440108589621495,0.94407688951183,0.9441896957528159,0.9489226955362473,0.7998222134743359,0.9328212578304307,0.9358910462866373,0.8760400419366926,0.8054485219902638,0.787242956149783,0.9285246949626924,129,1000,0.2,120,8,0.35,0.15,0.15,3
0.7808381992672476,0.9357176213464325,0.946518445849723,0.9465306008820632,0.9469062305911581,0.9507192838411784,0.8123199290773467,0.9285074326062271,0.9319858303690738,0.8724604804609816,0.8235546098156199,0.8047421486333038,0.9285246949626924,130,1000,0.2,120,8,0.35,0.15,0.15,3
0.7840274633738498,0.9390208474784337,0.9517630787850221,0.9518125958655108,0.9519041483204899,0.9557041658631216,0.811365026430603,0.921098420759529,0.9230637467930799,0.861601728904124,0.8016472747738236,0.7907320563833177,0.9285246949626924,131,1000,0.2,120,8,0.35,0.15,0.15,3
0.7806774901025205,0.9383600123043399,0.9483231423342867,0.9481911563731314,0.948684856269343,0.95299010330323,0.8074248511660163,0.9366170931701521,0.9389099701157955,0.8867356946394719,0.8313582402289296,0.8129333327071583,0.9285246949626924,132,1000,0.2,120,8,0.35,0.15,0.15,3
0.7865037568405603,0.9329791308235889,0.9438770788985118,0.9442608306845907,0.9442195200186627,0.9482108107582694,0.8070888130716667,0.9182679652796003,0.9203347621963666,0.8511452288610892,0.7741127926982183,0.774097240447516,0.9285246949626924,133,1000,0.2,120,8,0.35,0.15,0.15,3
0.7765091528309919,0.9332001044932079,0.9436373311660669,0.943659100584388,0.9437778164789659,0.9476325515693331,0.8069177406246372,0.9106766902743915,0.9145840589806107,0.8534731413754403,0.8022563760207438,0.7865295677077286,0.9285246949626924,134,1000,0.2,120,8,0.35,0.15,0.15,3
0.7735914006565732,0.9320228798742927,0.9457331748526729,0.9456388584975106,0.9442960443143604,0.9480146755452714,0.798056247369116,0.9358510494037624,0.939120583559565,0.8793801266485588,0.8037201036803376,0.7884142903604606,0.9285246949626924,135,1000,0.2,120,8,0.35,0.15,0.15,3
0.7587968007590414,0.9393758413082837,0.9482202217419812,0.9481213561357661,0.9480100721622658,0.9516824432877714,0.7941343719324105,0.9257368159055989,0.9282950958327328,0.878341010098443,0.804454323945529,0.7859428703121024,0.9285246949626924,136,1000,0.2,120,8,0.35,0.15,0.15,3
0.7700671220468113,0.9343177074843347,0.9450624622264695,0.945079165852365,0.9447390014238367,0.949403439826809,0.8041580434197981,0.9355116237093624,0.9394583957385709,0.8875690731777007,0.8030723077365988,0.7823136310135632,0.9285246949626924,137,1000,0.2,120,8,0.35,0.15,0.15,3
0.7761948517041458,0.9405774480477106,0.9522031439205603,0.9520598067072202,0.9519435795503268,0.9558258934494028,0.8027484790489254,0.9409852525138328,0.9437824912103814,0.8786726916363745,0.8039445901209417,0.79416978047776,0.9285246949626924,138,1000,0.2,120,8,0.35,0.15,0.15,3
0.7702110740970771,0.9293473061311551,0.9398172000765375,0.9398590565185478,0.939888267805946,0.9448561471527425,0.7997683878192461,0.91763220754208,0.9216371926737307,0.8620254832213502,0.8105153968970947,0.7974624605549596,0.9285246949626924,139,1000,0.2,120,8,0.35,0.15,0.15,3
0.7881227284972745,0.9364146447499436,0.9468700667342113,0.9462053431108576,0.9462869379846596,0.9507579840142697,0.8126408112256501,0.9141795512850751,0.9171450149798185,0.8676654716090538,0.7854291169541889,0.7766202049894677,0.9285246949626924,140,1000,0.2,120,8,0.35,0.15,0.15,3
0.7869658159879336,0.9387612669683258,0.9475204826546003,0.9475638250377074,0.9476612247360483,0.9510029321266968,0.8104730256410256,0.9313695082956259,0.9345367843137254,0.8841489954751132,0.8185979366515838,0.8018956742081448,0.9285246949626924,141,1000,0.2,120,8,0.35,0.15,0.15,3
0.7816744290760803,0.9388909639031057,0.947239382523501,0.9470322457209296,0.9478962935738069,0.9516759684316751,0.8118793105437108,0.9286893520744904,0.933548564680182,0.8717305101472173,0.8113783238843948,0.7834078946269329,0.9285246949626924,142,1000,0.2,120,8,0.35,0.15,0.15,3
0.7804145871531153,0.9404749873771308,0.9489566077928242,0.9487447195982267,0.9494663579862169,0.9541876640840032,0.8080732980353971,0.935482897644076,0.940374023764552,0.8687157766959541,0.8045754504268179,0.7924676503011162,0.9285246949626924,143,1000,0.2,120,8,0.35,0.15,0.15,3
0.7780008237900775,0.9371628470675064,0.9461738166439282,0.9458242226438149,0.9463239707600459,0.9494803653156816,0.8094233239776505,0.9280079439087767,0.9288763304286312,0.8728384123513389,0.8136961608013732,0.8017091921498012,0.9285246949626924,144,1000,0.2,120,8,0.35,0.15,0.15,3
0.7772788130971715,0.9380741507987744,0.9493453562176243,0.9483780880089768,0.9486028259704802,0.9507140700681255,0.8068304628528038,0.9208401301650452,0.9241398999776853,0.8686537877892905,0.8018643505530344,0.7783655106384587,0.9285246949626924,145,1000,0.2,120,8,0.35,0.15,0.15,3
0.7842419121734296,0.9384474831696622,0.9512239639305787,0.9512844419739361,0.9518969303934285,0.9544999567661047,0.8116133654499413,0.9224208016799457,0.9280692730529306,0.8813104564264097,0.8140296213946019,0.7988295719844358,0.9285246949626924,146,1000,0.2,120,8,0.35,0.15,0.15,3
0.7725547278672489,0.9336119993666077,0.9449574301891936,0.9449938844226125,0.9451394165575888,0.9478827874881476,0.7988769627851642,0.9142433145404165,0.9177570659506448,0.8679415965207472,0.7926567693422935,0.7852497247895243,0.9285246949626924,147,1000,0.2,120,8,0.35,0.15,0.15,3
0.7765395706639395,0.9379246585743808,0.9490992357739032,0.9479416702607438,0.9472626682060725,0.9505116403435018,0.8035544176736857,0.9262997218450267,0.9293283821554045,0.8768919591803838,0.799392782464102,0.7824231510693755,0.9285246949626924,148,1000,0.2,120,8,0.35,0.15,0.15,3
0.7741086128868364,0.9368611648975572,0.9471507851602423,0.9471645935762074,0.9477634479281696,0.9511031259511649,0.8046895535122147,0.9223457776214348,0.9262847996565328,0.8624236179146667,0.7933317886188098,0.7846866429723389,0.9285246949626924,149,1000,0.2,120,8,0.35,0.15,0.15,3
0.7774459450186292,0.9360380903588433,0.946789920133999,0.9440396039295132,0.9439644517536677,0.9492882669810776,0.8063767059836338,0.9236488009182796,0.9276398590765114,0.8826758541420059,0.8094515119331128,0.7889554373915119,0.9285246949626924,150,1000,0.2,120,8,0.35,0.15,0.15,3
0.784683108379658,0.9361924173176125,0.9468369710471569,0.9468620231772672,0.9471405835932251,0.95137314097537,0.8114258718550784,0.9275845054116937,0.932603217907571,0.8586944236559941,0.7942007980259692,0.7821937938358078,0.9285246949626924,151,1000,0.2,120,8,0.35,0.15,0.15,3
0.7778668360178739,0.929303058259326,0.9425191988706597,0.9423142179787313,0.9418417748757825,0.9453907521322948,0.8037127319774695,0.9225845915125644,0.9270848756013228,0.8733871650146012,0.8091851180614231,0.7907651077098402,0.9285246949626924,152,1000,0.2,120,8,0.35,0.15,0.15,3
0.7640884871768937,0.9343490424550069,0.9451921450967501,0.9451857248516035,0.9459275100985518,0.9503050307855694,0.8016157090163157,0.913180802795355,0.9166395370153801,0.8625407734953316,0.8019987507190675,0.7773361197855757,0.9285246949626924,153,1000,0.2,120,8,0.35,0.15,0.15,3
0.7672015938670935,0.9314832564083476,0.9434782617124494,0.9435300232325864,0.9431013913186431,0.9471134907193727,0.7989393541092831,0.9069576013052433,0.9101276551527333,0.8599893530236482,0.7946948125263654,0.7833189098985086,0.9285246949626924,154,1000,0.2,120,8,0.35,0.15,0.15,3
0.7696552035508263,0.9357123132876084,0.9461134446189337,0.946000275842704,0.9457202747060657,0.9502545505382745,0.7935572807770804,0.9112608278904895,0.9155385680278504,0.8711574967779572,0.8091209083125981,0.7951919408781758,0.9285246949626924,155,1000,0.2,120,8,0.35,0.15,0.15,3
0.7749329943171943,0.9331359230928556,0.9433254531126871,0.9431595637547942,0.9434510604967634,0.9489216001371301,0.7976861196222256,0.9411306093005649,0.9430807139337062,0.881083899352203,0.8085516821057093,0.7870524403686324,0.9285246949626924,156,1000,0.2,120,8,0.35,0.15,0.15,3
0.7617530396423223,0.930056907288293,0.9396866458736002,0.9395906491530132,0.9396231720951977,0.9438189264068703,0.7903182050558731,0.9194100161425806,0.9241613134002088,0.8676015587823686,0.8028989830537785,0.7852465912075454,0.9285246949626924,157,1000,0.2,120,8,0.35,0.15,0.15,3
0.7766526946043967,0.9353403845693633,0.9486998308645094,0.9486816161241532,0.9488639573015483,0.9533742370518629,0.8010657754620513,0.9233950997116549,0.9262033669947548,0.863282677946629,0.7945541995585639,0.7899626316850641,0.9285246949626924,158,1000,0.2,120,8,0.35,0.15,0.15,3
0.7721909600544749,0.9254152800071764,0.9402192581698128,0.9388998781021162,0.939895892982696,0.9449323346783437,0.7926329200984472,0.9168291441835843,0.9209443419715969,0.8692278808239338,0.804855083544518,0.8019536614603523,0.9285246949626924,159,1000,0.2,120,8,0.35,0.15,0.15,3
0.7707078068004168,0.9347945397218294,0.9466515143055659,0.9465964571081168,0.9465296711767042,0.9514649479515621,0.8004539116975607,0.9152624173366585,0.9190510892019653,0.869326879233976,0.8015283994329884,0.7811577210352614,0.9285246949626924,160,1000,0.2,120,8,0.35,0.15,0.15,3
0.7774692584290501,0.930140469513443,0.9402205151121742,0.9401553626474124,0.9398352961679158,0.9441957148064772,0.7954542365889847,0.9047100235668056,0.9075115795515591,0.8620305625015988,0.8026022214192525,0.7869060733288993,0.9285246949626924,161,1000,0.2,120,8,0.35,0.15,0.15,3
0.7750538428967693,0.9296216175578678,0.9443176413441774,0.9441290110474834,0.9445940134567316,0.9471509911027267,0.803863931433228,0.9222673731716884,0.9250695604651153,0.8718005399676144,0.8148413966861056,0.7939974080619634,0.9285246949626924,162,1000,0.2,120,8,0.35,0.15,0.15,3
0.7768962061560487,0.9306082557862085,0.942678883321403,0.941947602004295,0.9419689811500835,0.9469328561202577,0.8023071343354808,0.9278394655213553,0.9321954664757814,0.8818256263421618,0.8105086136960152,0.7911204963015986,0.9285246949626924,163,1000,0.2,120,8,0.35,0.15,0.15,3
0.7730050240823294,0.9302064643428566,0.941907794700354,0.9415159579592404,0.9416769786772394,0.9457168489012253,0.7991309796390383,0.9102245600044984,0.9135710974299206,0.8708436895803671,0.793518748985019,0.7763991402791262,0.9285246949626924,164,1000,0.2,120,8,0.35,0.15,0.15,3
0.7861541266293456,0.9351130425972641,0.9501891730924017,0.949917951376424,0.9493908673170582,0.9539443965908299,0.8074192256796499,0.9447265788409474,0.9477968315617744,0.8942519599179524,0.8132459610812579,0.7984020337717306,0.9285246949626924,165,1000,0.2,120,8,0.35,0.15,0.15,3
0.7893668822287667,0.9326615257663612,0.9452201929317109,0.9449793827056775,0.9451367513796637,0.9489538455946904,0.8124039815606539,0.9288036146461712,0.9317275893069603,0.8780251011597995,0.829479148698269,0.8149702136493824,0.9285246949626924,166,1000,0.2,120,8,0.35,0.15,0.15,3
0.7834074938022085,0.9354233309329612,0.9460785488513782,0.9453684228946054,0.9451903921203884,0.9488964184240548,0.8134440053272286,0.9336934272027219,0.9357074954379614,0.8812917045647776,0.8129996892069604,0.79229952232213,0.9285246949626924,167,1000,0.2,120,8,0.35,0.15,0.15,3
0.7764023139034884,0.934858922799899,0.9464216737637354,0.9463798182640001,0.9464924317910016,0.9506764351409883,0.8059437902871268,0.9119541047195604,0.9183960817839065,0.8784368391809236,0.8077255972770145,0.7930441765950232,0.9285246949626924,168,1000,0.2,120,8,0.35,0.15,0.15,3
0.7778986350441603,0.9334979680069174,0.9444832314248657,0.9442885553702675,0.9445687110122908,0.9485995923661293,0.809817602371688,0.9218231363102959,0.9243458217528256,0.8820759187202767,0.8282207152121549,0.8061407942684208,0.9285246949626924,169,1000,0.2,120,8,0.35,0.15,0.15,3
0.7740592446092441,0.9325904504386703,0.9455406984165531,0.9445096949545141,0.9448160675035336,0.9462826473078911,0.8047854244111109,0.9099155738827763,0.9154826228681374,0.8741521001064764,0.805875776001096,0.7872381288177386,0.9285246949626924,170,1000,0.2,120,8,0.35,0.15,0.15,3
0.7722772155145202,0.9339336878399378,0.9462304459863053,0.9463206471263111,0.9467637803819444,0.9510276100852273,0.7963947808918512,0.9197349281577797,0.9229305714901418,0.8701632839816433,0.7957421267968143,0.776966346912636,0.9285246949626924,171,1000,0.2,120,8,0.35,0.15,0.15,3
0.7770811316063888,0.9299781284142324,0.9422826157936335,0.9420790002810207,0.942105843169788,0.9466401439403546,0.8028756835541625,0.9290737670890371,0.9315577592103076,0.8723576714389418,0.8054082857067278,0.7854003773036445,0.9285246949626924,172,1000,0.2,120,8,0.35,0.15,0.15,3
0.7641083664005109,0.9346802361495793,0.9440481843346639,0.943982661786421,0.9442415942662244,0.9477411298850316,0.7970898910154771,0.9259405742064568,0.9290041480509608,0.8516184661487227,0.7771391631823276,0.7604429521618297,0.9285246949626924,173,1000,0.2,120,8,0.35,0.15,0.15,3
0.763381790116136,0.9286321771661894,0.9418469801115669,0.9412199302299635,0.9414645421545118,0.9471087719729787,0.7837160104361247,0.922337763776527,0.9272279524468953,0.8798260463675276,0.7886964888232556,0.7821077797621994,0.9285246949626924,174,1000,0.2,120,8,0.35,0.15,0.15,3
0.768062465863306,0.9334599087502473,0.9455577871688571,0.9453152161331059,0.9459200346277193,0.9503076337768702,0.7930691058934202,0.9247878936537202,0.9284661837169867,0.8796396110455907,0.8107362624288742,0.7921791759202187,0.9285246949626924,175,1000,0.2,120,8,0.35,0.15,0.15,3
0.7631753928710407,0.924457120642757,0.9364670373182206,0.9363982851295443,0.9361289245716427,0.9405428929908215,0.794311467280775,0.9191661235957901,0.9225635139730546,0.8664087518225173,0.807731388120323,0.7897578520647666,0.9285246949626924,176,1000,0.2,120,8,0.35,0.15,0.15,3
0.7820912511254747,0.936235149582122,0.9453377165356529,0.9452618586021597,0.945523029380798,0.9498040930360973,0.806864642395786,0.9178605867880701,0.920475663898911,0.859682365119444,0.7935426222913159,0.7857735376915257,0.9285246949626924,177,1000,0.2,120,8,0.35,0.15,0.15,3
0.7808015102353844,0.9340063949029556,0.9445006430299098,0.9441877411362162,0.9443044068196567,0.9494803610406466,0.8101516134741313,0.9351158515721786,0.9382765854521857,0.8855054687039112,0.8220943661140936,0.7992674414488821,0.9285246949626924,178,1000,0.2,120,8,0.35,0.15,0.15,3
0.7770721653456097,0.9375979235488437,0.9483620498694995,0.947993084916836,0.9476646666217219,0.9518171836927315,0.8063234486810298,0.9158351552041298,0.919701534223883,0.8726662557425047,0.8249191474607777,0.8022515433733663,0.9285246949626924,179,1000,0.2,120,8,0.35,0.15,0.15,3
0.7701785672017731,0.9328528021577904,0.943801599195946,0.943671270064098,0.9441041352762723,0.9482220566914474,0.8015790715946794,0.9300062605898409,0.9336900709996695,0.8845565632744581,0.8117340108914906,0.7974513754946159,0.9285246949626924,180,1000,0.2,120,8,0.35,0.15,0.15,3
0.7718496794747834,0.9332920993515367,0.9436984927740821,0.9436425942398927,0.9437046365769389,0.947650166627991,0.8030291768190491,0.9296645362778465,0.93424126653388,0.878026276138356,0.7826388015998865,0.7555576236334571,0.9285246949626924,181,1000,0.2,120,8,0.35,0.15,0.15,3
0.7709573049919293,0.9370580870179908,0.9467408094701835,0.9463834396142524,0.9470859204808919,0.95039188586054,0.8025339327287533,0.9126359174946372,0.9157426030863457,0.8501279676335104,0.7660620048468532,0.7378464582577984,0.9285246949626924,182,1000,0.2,120,8,0.35,0.15,0.15,3
0.762148919537258,0.9264814991413902,0.9413239063559343,0.9413889313209798,0.9417588876228505,0.9464760478657174,0.7913840665260465,0.9171282424679496,0.9201050911649044,0.867102594805288,0.7761293836415932,0.7601050293283849,0.9285246949626924,183,1000,0.2,120,8,0.35,0.15,0.15,3
0.7792154829001525,0.9352176650805936,0.9451038522083254,0.9448822763628647,0.9450030205570651,0.9488425297558303,0.8080098008755467,0.9329070292155073,0.9353113711650175,0.8861450576043512,0.8234617389760405,0.8046552206636753,0.9285246949626924,184,1000,0.2,120,8,0.35,0.15,0.15,3
0.7842675898737828,0.9387583402315274,0.949992474266871,0.9499854647734594,0.9501054786674119,0.9539048135422655,0.8117491612999048,0.9291988120613679,0.9325034093134003,0.8804993146325732,0.8163822469992027,0.8032112194330437,0.9285246949626924,185,1000,0.2,120,8,0.35,0.15,0.15,3
0.7679995879080447,0.9333013471482255,0.9470766981622661,0.9470700261972743,0.9471045634278201,0.9497758023528489,0.7994819415418126,0.9209208292860016,0.9238092014246607,0.878760780619904,0.7978442684877206,0.7793183802823811,0.9285246949626924,186,1000,0.2,120,8,0.35,0.15,0.15,3
0.7723972614551537,0.9286993865776773,0.9378143456710598,0.9377698868323187,0.9380411256220375,0.9429042846059477,0.7981570714823364,0.9310383601028375,0.9349130575509699,0.8765160738140331,0.8188495707279816,0.7977717947744117,0.9285246949626924,187,1000,0.2,120,8,0.35,0.15,0.15,3
0.7693280269648447,0.9371760388044876,0.9472247176946038,0.9472110743404459,0.9474387291404817,0.9513697081089026,0.798084134482044,0.9343386194857571,0.9360456321399183,0.8879027167104897,0.801122419825128,0.7825717403910704,0.9285246949626924,188,1000,0.2,120,8,0.35,0.15,0.15,3
0.785597992900419,0.9374693051184682,0.9460775060874267,0.946311647149612,0.9465180381599827,0.9511548983803702,0.8051465554429174,0.9275419167905061,0.9310009414783205,0.8629132987209249,0.8030336973311484,0.7857191103140679,0.9285246949626924,189,1000,0.2,120,8,0.35,0.15,0.15,3
0.779743771766439,0.9302032595844257,0.945268694590486,0.945306171738653,0.9457645096895936,0.9497407783265488,0.8069983652960093,0.9313820862449497,0.9350046879558951,0.8768798078520115,0.8214779832638034,0.8090114370603001,0.9285246949626924,190,1000,0.2,120,8,0.35,0.15,0.15,3
0.783818745111177,0.9360657211484527,0.9489772082880629,0.9489912312380613,0.9495672287116251,0.9532957966495522,0.8097941469359278,0.9319321204698188,0.9358780441327209,0.8945636480569954,0.8198854843642187,0.8049209797162831,0.9285246949626924,191,1000,0.2,120,8,0.35,0.15,0.15,3
0.7767586492453822,0.9398410641963972,0.9507809759510185,0.9504323683447684,0.9505400352997333,0.955151819304596,0.8086265848991016,0.9360406876289976,0.94015912167493,0.8842476423013085,0.8107696417547677,0.7925367521002471,0.9285246949626924,192,1000,0.2,120,8,0.35,0.15,0.15,3
0.7690158481636817,0.930531349971032,0.9424469917378272,0.9422898522317943,0.942355679614096,0.9470832467442505,0.7970641184286757,0.9316268986624349,0.9338541076286556,0.8809808457077004,0.7975067067180533,0.7767461869316608,0.9285246949626924,193,1000,0.2,120,8,0.35,0.15,0.15,3
0.7695237412773269,0.9380408211828841,0.9501160061437286,0.9496466506171543,0.9494824727580644,0.9534617577615566,0.7992665885308824,0.9386065587702653,0.9422209826257332,0.8938110162184547,0.8251206417538677,0.8093185228164731,0.9285246949626924,194,1000,0.2,120,8,0.35,0.15,0.15,3
0.7701173965173151,0.935087765856203,0.9451453832117206,0.9447289248984523,0.945043703771512,0.948629221001307,0.8016722143088516,0.9325963710876152,0.9372010681609072,0.8837935197694948,0.8147361835978838,0.7963673901809865,0.9285246949626924,195,1000,0.2,120,8,0.35,0.15,0.15,3
0.7878110890988088,0.939781304874706,0.949162715991499,0.9490926707130973,0.9492831695771897,0.9532406265853818,0.8122686329550484,0.9386878090039359,0.9425280515144558,0.8940621848215525,0.8227721856272757,0.8045665877543848,0.9285246949626924,196,1000,0.2,120,8,0.35,0.15,0.15,3
0.7607685630049594,0.9347071433524216,0.9452857019452501,0.9448627920228362,0.9450578322297841,0.9493452304631498,0.7991409321411154,0.932613995868324,0.9337305865267697,0.8798628830545117,0.8127131739103992,0.7846273841098981,0.9285246949626924,197,1000,0.2,120,8,0.35,0.15,0.15,3
0.7799160230522988,0.9342202301720399,0.9450033716117808,0.9450697510020831,0.9435372093081553,0.9482095362717745,0.8019532787357835,0.9199300108543338,0.9222148857286817,0.875054635151497,0.8149509048202768,0.8034178367036917,0.9285246949626924,198,1000,0.2,120,8,0.35,0.15,0.15,3
0.7753726017454251,0.9381761939209712,0.9489131647339359,0.9488698092113436,0.9498954352480399,0.9523886213674526,0.8068965483645468,0.9256535601460448,0.9284032745598075,0.8779635570039872,0.8189677001356687,0.7974333530625318,0.9285246949626924,199,1000,0.2,120,8,0.35,0.15,0.15,3
0.7740846750438213,0.9338836427288222,0.9455179151988867,0.945053591646443,0.9451411614392284,0.9500950127402896,0.8044883640304409,0.9397703111249033,0.9402500539431863,0.8926665874691797,0.8416182471010083,0.8257702480901687,0.9285246949626924,0,2500,0.2,120,8,0.35,0.15,0.15,4
0.7959984781896013,0.9384608805354203,0.9495242568832507,0.9483667389634997,0.9486455995843301,0.9540890968551913,0.8189298866554748,0.9455171381529711,0.9456559772394553,0.9009066320445933,0.8561501921625582,0.8429895474565103,0.9285246949626924,1,2500,0.2,120,8,0.35,0.15,0.15,4
0.772366402106557,0.9367327760086901,0.9469728426651457,0.9460668734729949,0.9463672310032432,0.9507890579369795,0.8049140137206688,0.9425981210369356,0.9433726654473477,0.9012511208320618,0.8500434426476746,0.8296520357522413,0.9285246949626924,2,2500,0.2,120,8,0.35,0.15,0.15,4
0.7789351233928556,0.9384767884282048,0.9494801732637146,0.9494740434646257,0.9495260478891543,0.9546734972402062,0.8114070419922875,0.9461690930784286,0.9469462922822666,0.8892364089501394,0.8359776495661091,0.823216693143444,0.9285246949626924,3,2500,0.2,120,8,0.35,0.15,0.15,4
0.777323064598441,0.936422823989604,0.9467270595245341,0.9464874053266477,0.9457141476325547,0.949363951792315,0.8086441777553968,0.9389083661788858,0.939729753595708,0.9029806220189902,0.8382710053423992,0.814129772847597,0.9285246949626924,4,2500,0.2,120,8,0.35,0.15,0.15,4
0.778912253325543,0.9328163917086665,0.9455408193479228,0.9455168703715139,0.9457647719661595,0.9522530642814278,0.808813539999145,0.9457564590983151,0.9468291159383803,0.8959492186695928,0.8463270385131209,0.8282192372429147,0.9285246949626924,5,2500,0.2,120,8,0.35,0.15,0.15,4
0.7815827484063755,0.9319581185750405,0.942778148152454,0.9423776624382484,0.9423742549021416,0.9460891708101637,0.8038802615865248,0.9380237332885409,0.9388516643408562,0.8910635762051353,0.842876104793361,0.8361439158843699,0.9285246949626924,6,2500,0.2,120,8,0.35,0.15,0.15,4
0.7713848737897188,0.9328938409197152,0.9462577316677744,0.946173054028587,0.9465281007965498,0.9503058254735858,0.8005997226130669,0.9402138168387866,0.9414251130678477,0.9032759999984534,0.8410592012694686,0.8293157853425713,0.9285246949626924,7,2500,0.2,120,8,0.35,0.15,0.15,4
0.7823679169711771,0.9373718667034323,0.9465437559821428,0.9466905235327505,0.9467145297709834,0.9498539808791725,0.8049817933864979,0.9525568008778563,0.9531203355526081,0.9087573721510126,0.8493908864223446,0.8389320744901334,0.9285246949626924,8,2500,0.2,120,8,0.35,0.15,0.15,4
0.779814322775264,0.9334713725490196,0.9454613815987933,0.9454467088989442,0.9456338823529412,0.9496218642533937,0.8058812428355958,0.9371232337858221,0.9380870950226244,0.8884318793363499,0.8337766515837104,0.825257604826546,0.9285246949626924,9,2500,0.2,120,8,0.35,0.15,0.15,4
0.767985225997783,0.9343411513977327,0.9439038357118931,0.9439586084327843,0.9438031883655622,0.9476588319924892,0.8011399251215381,0.9344586062576944,0.9353650255810357,0.8895920361650237,0.8462750199613941,0.8330768704488714,0.9285246949626924,10,2500,0.2,120,8,0.35,0.15,0.15,4
0.7733078626591133,0.9318105626446841,0.9425035602481823,0.9425022859302756,0.9427199002189475,0.9463944449149618,0.8056619120885326,0.9315921641603774,0.9324092960118947,0.8886620603015075,0.8382070111794929,0.8168110174781523,0.9285246949626924,11,2500,0.2,120,8,0.35,0.15,0.15,4
0.7713984104213278,0.9354754208290383,0.9493209970374522,0.9492889331186238,0.9496174893239026,0.9495350533844455,0.7951156161576817,0.9319803547140294,0.9328837853158336,0.8880623853022163,0.8203924742419852,0.8125021771796735,0.9285246949626924,12,2500,0.2,120,8,0.35,0.15,0.15,4
0.782499288548136,0.9375560970826886,0.9490544984085001,0.9490953441155159,0.9490093481187778,0.9520898031609986,0.8075350285417747,0.9424437116025244,0.9434299393292982,0.8932389832575647,0.8412133183788941,0.8274968134130797,0.9285246949626924,13,2500,0.2,120,8,0.35,0.15,0.15,4
0.7754876165771107,0.9331873757025508,0.9453773577913656,0.9454086838366994,0.945417577666605,0.9509181150021617,0.8038272126490026,0.9373200419986413,0.9382503366067568,0.8899456735223272,0.8419522944845902,0.8259217590019147,0.9285246949626924,14,2500,0.2,120,8,0.35,0.15,0.15,4
0.7865795740627339,0.9384281534618338,0.947394900805801,0.94715432692775,0.9471939851670409,0.9518370124126401,0.8134300488923881,0.9435162666822189,0.9446305854450374,0.8944705916659377,0.8375233040756617,0.824468550433033,0.9285246949626924,15,2500,0.2,120,8,0.35,0.15,0.15,4
0.7765103923822811,0.9337885796701851,0.9437083742151385,0.9437572148723954,0.943595566138357,0.9461977647193284,0.8066664333388304,0.9509324413091511,0.9516695002157294,0.905583198972092,0.8464286604095259,0.8277814161101402,0.9285246949626924,16,2500,0.2,120,8,0.35,0.15,0.15,4
0.7830445648343721,0.9362229094197313,0.9486625638777345,0.9486580094038005,0.9488445448144889,0.9526243621384998,0.8122643864197865,0.9522644596874106,0.9529780269405054,0.909394780711486,0.8538868326099146,0.8424285682743861,0.9285246949626924,17,2500,0.2,120,8,0.35,0.15,0.15,4
0.7789674025558504,0.930262462437029,0.9434011701767263,0.9433901914378384,0.9429046763154098,0.9491317778028721,0.8057905201726485,0.9377580983883211,0.9386522774609627,0.8949130797558329,0.8378753944504044,0.8302953594439112,0.9285246949626924,18,2500,0.2,120,8,0.35,0.15,0.15,4
0.774155271826101,0.9345648945510246,0.9473294120760404,0.9473427410818249,0.9472529405538017,0.9512045529548752,0.8050029693522376,0.9358427278501111,0.9369002920317063,0.8929568949682127,0.8372129496447674,0.8227866845372637,0.9285246949626924,19,2500,0.2,120,8,0.35,0.15,0.15,4
0.7802876963394036,0.936203552681961,0.9476364488021155,0.9474980895897157,0.9478502678922278,0.9517952445977346,0.8083828291193195,0.9412172383597824,0.9421496171304937,0.9013937468399364,0.8361257835967231,0.8289436650949562,0.9285246949626924,20,2500,0.2,120,8,0.35,0.15,0.15,4
0.7778832590241568,0.9310705638051336,0.9424307562847931,0.942325275038414,0.9420674757235699,0.9457030364429835,0.8008083090883902,0.9475951062999068,0.947683072936346,0.9025510718154109,0.8502058065064612,0.8392892846797149,0.9285246949626924,21,2500,0.2,120,8,0.35,0.15,0.15,4
0.771418194347188,0.9344112560954366,0.9478215050811167,0.9477335416000933,0.9477636318400499,0.951997991933124,0.8041826202619409,0.9476354839491161,0.9480053151092228,0.9029713775484896,0.8360746214878537,0.8252012777488732,0.9285246949626924,22,2500,0.2,120,8,0.35,0.15,0.15,4
0.7716211235079788,0.9333334873595942,0.9473490107037662,0.9473027065590832,0.9475039996287967,0.9524352466379196,0.8051779585725193,0.9427926251071084,0.9435070181584447,0.8953649551172289,0.8364556863078066,0.8196613366841746,0.9285246949626924,23,2500,0.2,120,8,0.35,0.15,0.15,4
0.7694009033362346,0.9361897442486866,0.9495521382109288,0.9495614479563411,0.9497513279721483,0.9535864581994855,0.8007441007973894,0.9434592977445687,0.943952423321882,0.8996833231912061,0.831038497251928,0.8242906774051993,0.9285246949626924,24,2500,0.2,120,8,0.35,0.15,0.15,4
0.7847387619244802,0.933446551528499,0.9450745183252055,0.9450541343908907,0.9449895852655604,0.9497627261512579,0.8100297886933423,0.947089033433632,0.9478057713906822,0.9047699474026548,0.8397381110945775,0.8174917646478709,0.9285246949626924,25,2500,0.2,120,8,0.35,0.15,0.15,4
0.7789649642293474,0.9352008252927874,0.9475073556746322,0.9475300759051564,0.9480017165525889,0.9518422189673968,0.8072358841753986,0.9464394069079686,0.9468790237822055,0.907607497049308,0.8446924366311226,0.8312104281157369,0.9285246949626924,26,2500,0.2,120,8,0.35,0.15,0.15,4
0.7851841466161609,0.9339112480062659,0.9466251944500047,0.946543088710157,0.9470639408736776,0.9498550461374491,0.8149748132314869,0.9380695412101739,0.9392821195351796,0.8977634612017557,0.8437860896612315,0.8302768540882045,0.9285246949626924,27,2500,0.2,120,8,0.35,0.15,0.15,4
0.7816939846451442,0.9391342980953404,0.9497233565752793,0.9495866547401559,0.949774422217446,0.9533048656371096,0.8102857068354078,0.9414621802125279,0.941926512096137,0.8918904797049136,0.8375349063789975,0.8302810170932606,0.9285246949626924,28,2500,0.2,120,8,0.35,0.15,0.15,4
0.7606714887984571,0.9313384746207041,0.942849694471506,0.9431941370938118,0.943953332650356,0.9487838068924361,0.7851418145358098,0.9495150536130735,0.9506332991974497,0.886868273533212,0.829566537900764,0.815984669625283,0.9285246949626924,29,2500,0.2,120,8,0.35,0.15,0.15,4
0.7933139711696369,0.9374726099073767,0.9495609007500012,0.9493678054706886,0.9493826214638513,0.9531938407577055,0.8133649810745182,0.9423418080814224,0.9431479150778463,0.8907944335533898,0.8459488590905475,0.846373844157586,0.9285246949626924,30,2500,0.2,120,8,0.35,0.15,0.15,4
0.7865299895014668,0.9318270391193006,0.9423331272873556,0.9424411542499436,0.942848242231576,0.9461592048587604,0.8073437729962029,0.9440314367291672,0.9445372305458256,0.9018829658846731,0.8473964618962117,0.8414404576183048,0.9285246949626924,31,2500,0.2,120,8,0.35,0.15,0.15,4
0.7745389769555053,0.9365767912464189,0.9495192261304477,0.9494649041250375,0.9497557150030239,0.9534588740929769,0.8045436353328077,0.9539546226965251,0.9545541909764877,0.9053454976030777,0.8367473218189979,0.8308266091760385,0.9285246949626924,32,2500,0.2,120,8,0.35,0.15,0.15,4
0.7737261883170224,0.9343738872473305,0.9453947659639979,0.9452477699897877,0.9454145482336783,0.9504773402914692,0.8027807603521009,0.9462309096200981,0.9472767257484064,0.8984622125352213,0.8472644254856743,0.8323502589910415,0.9285246949626924,33,2500,0.2,120,8,0.35,0.15,0.15,4
0.7830149821414822,0.9374599302944259,0.9513459492670386,0.951381304889604,0.9516649355506285,0.9551368576865481,0.8095633227056951,0.9428946787430997,0.9435733102762296,0.9051548104860062,0.8380325538858971,0.8246888508794122,0.9285246949626924,34,2500,0.2,120,8,0.35,0.15,0.15,4
0.7724592365337614,0.9332973114913042,0.9451713122153665,0.9443740279152443,0.9446506981918641,0.9492179427617851,0.7984159388493625,0.9362490114063124,0.937368219878774,0.891293247574935,0.836536325088449,0.8265979480757188,0.9285246949626924,35,2500,0.2,120,8,0.35,0.15,0.15,4
0.7735045828429816,0.9346957523085448,0.9463144617961506,0.9464357849363944,0.9465439736548795,0.9500134068393951,0.8044976346365793,0.9454913713659487,0.9463540596454524,0.8941608836294124,0.8314420738921164,0.8257896025193183,0.9285246949626924,36,2500,0.2,120,8,0.35,0.15,0.15,4
0.7685560913405837,0.9352506992642324,0.944947497385294,0.944938609134342,0.9450614371980299,0.9487521415720611,0.7993562447858352,0.9255770673291629,0.9267916373661692,0.8837979382850915,0.8396575602753429,0.8180872881085887,0.9285246949626924,37,2500,0.2,120,8,0.35,0.15,0.15,4
0.7806568593634098,0.9328913625052923,0.9451534717599733,0.9452133638350309,0.9453730439902004,0.9492561269688918,0.8067406751980668,0.9368701958961143,0.9376289890717632,0.8916287991090982,0.8342307531096773,0.8233232814627587,0.9285246949626924,38,2500,0.2,120,8,0.35,0.15,0.15,4
0.774329776982263,0.9350878553071355,0.9469216657216133,0.9469226558246424,0.9469601807294465,0.9495658348712108,0.8090934824586912,0.944235120162369,0.9448933406561353,0.9054871410864143,0.8492768138959772,0.8295889121926139,0.9285246949626924,39,2500,0.2,120,8,0.35,0.15,0.15,4
0.7766991658477246,0.9352324965862608,0.9473377137810421,0.9470240888766234,0.9474788303189517,0.9504829598602174,0.8019129652261664,0.9470375844291054,0.9478126007582349,0.9094907081654253,0.8369048791409709,0.8240149640250622,0.9285246949626924,40,2500,0.2,120,8,0.35,0.15,0.15,4
0.7813814789403376,0.9377722070157659,0.9494217047986404,0.9484171250827331,0.9480687854418857,0.9511469169953767,0.8050882607504528,0.945583277369803,0.9465104698269696,0.9017074170062865,0.8460660749482994,0.829008584845965,0.9285246949626924,41,2500,0.2,120,8,0.35,0.15,0.15,4
0.7705902922601819,0.9293479128828707,0.9403860400254704,0.9402613137643414,0.940226825434477,0.9451317125973817,0.8033781123145775,0.935814180797819,0.9360894015892653,0.8919586441814513,0.8334447835470287,0.8184930147904966,0.9285246949626924,42,2500,0.2,120,8,0.35,0.15,0.15,4
0.7767158413629582,0.9351189969995508,0.9473240268959404,0.9470118264303783,0.9468530836882704,0.9498332576614753,0.8027642569383887,0.9371815956432228,0.9382232247742456,0.8957646340965381,0.8346520415786831,0.8205510352630858,0.9285246949626924,43,2500,0.2,120,8,0.35,0.15,0.15,4
0.7713241958738195,0.9363845278405257,0.9477419736098522,0.9479136825511624,0.9483855641602444,0.9510468081509207,0.7980333015549492,0.9374702566848101,0.9388159460174483,0.8889209477472569,0.8393446138769786,0.8315096963207519,0.9285246949626924,44,2500,0.2,120,8,0.35,0.15,0.15,4
0.7791305140222112,0.9361878263299354,0.9462551499590813,0.946223929216332,0.9463598370121125,0.9513466677125616,0.8087358760286747,0.9420160560474774,0.9426155918730845,0.898950065934306,0.847672630218791,0.8322999267483323,0.9285246949626924,45,2500,0.2,120,8,0.35,0.15,0.15,4
0.7770762858660366,0.9319131776228436,0.9450512199444788,0.9449472593658657,0.9449653605094417,0.9507816354509058,0.8047919438101785,0.9519561770346049,0.952551288428752,0.9069582828655058,0.8427727893155629,0.8292673034590898,0.9285246949626924,46,2500,0.2,120,8,0.35,0.15,0.15,4
0.7712392323096521,0.9343271092970192,0.9430121125385948,0.942912268362712,0.9430104804703352,0.9476390260546257,0.7963066487292765,0.9368045889151267,0.9375719490091954,0.8848055501073276,0.8293919364883517,0.8155913592930111,0.9285246949626924,47,2500,0.2,120,8,0.35,0.15,0.15,4
0.7809085950238019,0.9383904393605014,0.946967260852011,0.9469618021438629,0.9471372747985142,0.9511862467550461,0.810525461201289,0.9425162302280629,0.9432174261019941,0.9016585937335618,0.8521179390617613,0.8390428443085127,0.9285246949626924,48,2500,0.2,120,8,0.35,0.15,0.15,4
0.7643023760682114,0.9319026242207112,0.9431907740560254,0.9429231192737125,0.9434076667244512,0.9482450152808007,0.7963680811038132,0.9416809522892309,0.9421729234483246,0.8940121170971614,0.8368152531925959,0.8205552251670937,0.9285246949626924,49,2500,0.2,120,8,0.35,0.15,0.15,4
0.7722043864317653,0.9345633039532975,0.9454131935189988,0.9449290144295875,0.9449631630807299,0.9491311748196102,0.8001726946072056,0.9315436813315422,0.9321063835555857,0.8791739103554752,0.8314773447622489,0.8201465596312846,0.9285246949626924,50,2500,0.2,120,8,0.35,0.15,0.15,4
0.7877788548934026,0.9350282684312631,0.9461956354182155,0.9462586622926407,0.9463782767632988,0.9511730998958398,0.8136520697986536,0.9448624121380004,0.9456455649569017,0.9015378752489367,0.8468592323053513,0.8345688942276359,0.9285246949626924,51,2500,0.2,120,8,0.35,0.15,0.15,4
0.7744534098746323,0.9390717107890111,0.9517956908652015,0.9515766673118446,0.9519304745903442,0.9547252547734498,0.8045594361045363,0.93126000286019,0.9322623577102584,0.8940513698436677,0.832854107816475,0.8124496357321169,0.9285246949626924,52,2500,0.2,120,8,0.35,0.15,0.15,4
0.761047894910501,0.9284972345744216,0.94159596848547,0.9410100212752831,0.9411782767201291,0.9443684760020681,0.790660758143825,0.9368657090555366,0.9370733191637534,0.8905307261534268,0.8271858782539724,0.809264677126832,0.9285246949626924,53,2500,0.2,120,8,0.35,0.15,0.15,4
0.7764371586996183,0.932749133711916,0.942944752924987,0.9428136032914277,0.9427102791735938,0.9472824200337486,0.8039870461522176,0.93484091199198,0.9356802501883573,0.8776210468309267,0.8338771956861499,0.8256261519374343,0.9285246949626924,54,2500,0.2,120,8,0.35,0.15,0.15,4
0.778688089268294,0.9429695308534899,0.9545310791044579,0.9544148776230688,0.9545241908723138,0.9588568888910186,0.8106056612882552,0.9410686782700435,0.941554747868741,0.8946114458059851,0.8391568843787274,0.8268223566858379,0.9285246949626924,55,2500,0.2,120,8,0.35,0.15,0.15,4
0.7692561869831319,0.9321978487623227,0.9432869734705274,0.9433171401872381,0.9436366468080808,0.9471715646323409,0.8000113050021428,0.9359931424338066,0.9361339538523399,0.8964414699549523,0.832208913232505,0.8268561751168885,0.9285246949626924,56,2500,0.2,120,8,0.35,0.15,0.15,4
0.776686058317089,0.9378404199155296,0.9489110217673814,0.948783605425601,0.9490408747563353,0.9532949561403509,0.8104953500649773,0.9372873010071475,0.9380849983755686,0.9002980831708902,0.8496692251461988,0.8259240984405458,0.9285246949626924,57,2500,0.2,120,8,0.35,0.15,0.15,4
0.7846062871130924,0.9362517198978965,0.9500861587661028,0.9497885384973419,0.9498401767147866,0.9532303858085369,0.8188999678662178,0.9399690711095282,0.9404356163996974,0.8911645508841093,0.8403616516583924,0.8243839265440353,0.9285246949626924,58,2500,0.2,120,8,0.35,0.15,0.15,4
0.7664117300446615,0.9350336046743569,0.9459437730066241,0.9456420389620769,0.9464268339342711,0.9511724611538902,0.7993967037847284,0.9294140945510364,0.9304873510892361,0.8915896313869864,0.8319129394157188,0.8237741409913434,0.9285246949626924,59,2500,0.2,120,8,0.35,0.15,0.15,4
0.7811574478924022,0.9355713407059448,0.9455754689996558,0.9452970513786798,0.9454293938086505,0.9500289281551795,0.8061533304155919,0.9466776641626952,0.9471524790784678,0.9004591163005898,0.844162038679168,0.8343084063967954,0.9285246949626924,60,2500,0.2,120,8,0.35,0.15,0.15,4
0.7787393988431042,0.931531900278011,0.9432464032774787,0.9431865020442162,0.9438733365155245,0.9474276083694994,0.8057588154565776,0.9476998867025104,0.9483705824944438,0.8984412709002086,0.8502587980802694,0.8342744757676739,0.9285246949626924,61,2500,0.2,120,8,0.35,0.15,0.15,4
0.7776548856484548,0.9342732357955194,0.9463933512200347,0.9462174227915859,0.9466483507773137,0.950205488270987,0.8048784566552951,0.9370273856764874,0.9378728087727581,0.8886927899116839,0.829841057364654,0.8232311749815082,0.9285246949626924,62,2500,0.2,120,8,0.35,0.15,0.15,4
0.779364722583698,0.9346158168697504,0.9462198824874798,0.9463232974486375,0.9465329863164952,0.9502780078078789,0.8049446941914113,0.9374177806695848,0.938228538191569,0.8840657163137348,0.8370104302220119,0.8238353247367799,0.9285246949626924,63,2500,0.2,120,8,0.35,0.15,0.15,4
0.779932962935764,0.932003790990481,0.9425512121169776,0.9425557709782691,0.9429738978432523,0.9472979777783261,0.8044999726963851,0.9479136222640514,0.9487009177879732,0.9031701825893321,0.8469790457887073,0.8327898873356716,0.9285246949626924,64,2500,0.2,120,8,0.35,0.15,0.15,4
0.7818658291004703,0.9389225098732799,0.9463955885537672,0.9463571146054395,0.9462837614968853,0.9509016068605657,0.8102484299762968,0.9394183963183929,0.9400879013131567,0.8888171874397327,0.8464461973408478,0.8318426135702862,0.9285246949626924,65,2500,0.2,120,8,0.35,0.15,0.15,4
0.7732992707149734,0.9324786024269165,0.9414750844728693,0.9413755131205291,0.9416260442595663,0.9460735980548927,0.7957162480913403,0.9333973835573639,0.934191249721646,0.8824309754656788,0.8400511440137333,0.8262218451733588,0.9285246949626924,66,2500,0.2,120,8,0.35,0.15,0.15,4
0.7680040228200209,0.9314472087393113,0.9448484044235375,0.9448490722223457,0.944927777081889,0.9489436329151927,0.7975556464821932,0.9517499143071029,0.952406360535609,0.8992316402312148,0.8447329610895576,0.819192232469542,0.9285246949626924,67,2500,0.2,120,8,0.35,0.15,0.15,4
0.7730290860189157,0.9365193694442588,0.9465561202689285,0.9466237097784151,0.9467811272997914,0.9504220265665617,0.8036072210456641,0.9451605328539399,0.945908970137867,0.902127282699727,0.8359989107989391,0.8212960560355879,0.9285246949626924,68,2500,0.2,120,8,0.35,0.15,0.15,4
0.7647384331183764,0.9299387311616413,0.9430706723481044,0.9430815603892677,0.9431383130994023,0.9466933067164086,0.7975277209046248,0.9365993217232127,0.9368293195484951,0.8880852936384259,0.8244604951514974,0.8038962614417173,0.9285246949626924,69,2500,0.2,120,8,0.35,0.15,0.15,4
0.7707222672514339,0.9290371555509679,0.9412232918452033,0.9412480220706999,0.9413934709858739,0.9466604225290985,0.7991786437201454,0.9281090389853922,0.92911408316941,0.8859674640160556,0.8460953026647258,0.8280087105132587,0.9285246949626924,70,2500,0.2,120,8,0.35,0.15,0.15,4
0.7882525903607093,0.9344883955171042,0.9448621604551245,0.9445594025860432,0.9444530281996092,0.9485706314855284,0.8100993864075098,0.9499581192969971,0.9505079930484098,0.9042099131494048,0.8495336710551636,0.8256019370342571,0.9285246949626924,71,2500,0.2,120,8,0.35,0.15,0.15,4
0.7790785483757868,0.9317638392856719,0.9437039733497007,0.9437592521886281,0.9437137732127119,0.9478456999200122,0.8083496926030349,0.9504325783220751,0.9515909601877235,0.8989972837253485,0.8374522411287691,0.8196573073534842,0.9285246949626924,72,2500,0.2,120,8,0.35,0.15,0.15,4
0.7731985210343243,0.9296846648569541,0.9428293317414208,0.942707518299216,0.942974328376299,0.94792271984403,0.7915209709771848,0.9260140943643387,0.9266652573725858,0.8951784144953522,0.8387380168059845,0.8193328710930092,0.9285246949626924,73,2500,0.2,120,8,0.35,0.15,0.15,4
0.7608116577875275,0.9362331828663667,0.9472404619140902,0.9472754219511845,0.9471816786938233,0.9515121717097569,0.7904118660370115,0.9508704952394308,0.9517879783181917,0.8965564460304185,0.8416485604018409,0.82777765726303,0.9285246949626924,74,2500,0.2,120,8,0.35,0.15,0.15,4
0.7681060569579413,0.9407602739066367,0.9506899673507911,0.9505727576542651,0.9506740761429631,0.9543909814987817,0.8022391193381553,0.9402931687068409,0.9415622501950285,0.8997193516387206,0.84006308327956,0.825919234140093,0.9285246949626924,75,2500,0.2,120,8,0.35,0.15,0.15,4
0.7727718464256027,0.9370784686012242,0.9469939025542206,0.9468766137056349,0.9472193293596816,0.950597090764251,0.8042052578465453,0.9357725477971738,0.936695410306305,0.8913566777500693,0.841574350896748,0.818358538628177,0.9285246949626924,76,2500,0.2,120,8,0.35,0.15,0.15,4
0.7814969325056419,0.934802212989361,0.9471749143440524,0.9471841002332623,0.9474035738442769,0.9522750583155806,0.8087721093488252,0.9516486399352682,0.9525431282437054,0.909072438539487,0.8342858672427635,0.8272371294827139,0.9285246949626924,77,2500,0.2,120,8,0.35,0.15,0.15,4
0.7687298101309953,0.9298311851358158,0.943130643571125,0.9427760731476544,0.9427522143852951,0.9467609733751793,0.7986821003968929,0.928912963624444,0.9298852325362624,0.8856101863865992,0.8231685916630278,0.8125528057709769,0.9285246949626924,78,2500,0.2,120,8,0.35,0.15,0.15,4
0.7769387454912896,0.9348400407063007,0.946048463041365,0.9460416679990279,0.9465937651889181,0.9500140697347216,0.8046692133419457,0.9421157323616689,0.942726786536543,0.8981798879537489,0.8357508361899159,0.8217277674208897,0.9285246949626924,79,2500,0.2,120,8,0.35,0.15,0.15,4
0.7893722885470803,0.9391631345867145,0.9494667170919655,0.9492749201640375,0.9492475065662445,0.9523876899779522,0.8179006077270384,0.9442104790491824,0.9447929443098165,0.903025920784921,0.8494771421196567,0.8330550214489295,0.9285246949626924,80,2500,0.2,120,8,0.35,0.15,0.15,4
0.7680652499799652,0.9334764319419979,0.9448742007665099,0.9447993646987465,0.9446411482877665,0.946863936636439,0.7937119239586984,0.9219084650788587,0.9230236403406082,0.8869804491264018,0.8284217171518767,0.8240372271135198,0.9285246949626924,81,2500,0.2,120,8,0.35,0.15,0.15,4
0.7715878987511045,0.9322935213014742,0.9458300785857707,0.9458235254027586,0.9461016828170702,0.9499353956973212,0.8012958969815435,0.9416348316396548,0.9426323269122894,0.9022374986439952,0.8359811889369366,0.8253254109047385,0.9285246949626924,82,2500,0.2,120,8,0.35,0.15,0.15,4
0.7866527340338897,0.9397625565399974,0.9506355046654696,0.9504704716490546,0.9506413916934036,0.9548052865510847,0.8180942709406489,0.9490506186285187,0.9496312758170704,0.9061636201297109,0.8543933908299728,0.8393975608080927,0.9285246949626924,83,2500,0.2,120,8,0.35,0.15,0.15,4
0.7833726619231234,0.9362610602553781,0.9466464402477204,0.9466085634349708,0.9463308671208066,0.9502649317277986,0.8034922823231125,0.9393863494177168,0.9403229214295251,0.8898874837629538,0.8456890611061496,0.8293769143739892,0.9285246949626924,84,2500,0.2,120,8,0.35,0.15,0.15,4
0.7753781797309868,0.9322386020224693,0.945032911600694,0.9450516367316827,0.9452270514302701,0.9499475308246703,0.8002989035417082,0.9324749461628229,0.9331910611463816,0.8904731190557411,0.8302100202929968,0.8218408569551345,0.9285246949626924,85,2500,0.2,120,8,0.35,0.15,0.15,4
0.790855859375,0.93958037109375,0.9514400390625,0.9513646484375,0.95156708984375,0.95538876953125,0.81761220703125,0.9461515625,0.94687138671875,0.904108984375,0.85476943359375,0.835708203125,0.9285246949626924,86,2500,0.2,120,8,0.35,0.15,0.15,4
0.7632990262602649,0.9315837386454815,0.9414439678655981,0.9414881477152282,0.9416939901536389,0.9459972660003368,0.7919613475844717,0.9430674287525631,0.9436736634604908,0.9036009549187229,0.8382615328228546,0.8214202930134422,0.9285246949626924,87,2500,0.2,120,8,0.35,0.15,0.15,4
0.7679853165290595,0.9365161716260322,0.9471823951285764,0.9472272541392611,0.9476514273162415,0.9530064007372777,0.8018208404931879,0.9408591674072978,0.9418067903481958,0.8867588219645237,0.8342023268198492,0.8254512234443411,0.9285246949626924,88,2500,0.2,120,8,0.35,0.15,0.15,4
0.7651257285921855,0.9325832433770899,0.9434200223233201,0.9433163554573761,0.9438288658058628,0.9484469917244138,0.7952362939638996,0.9357318817642508,0.9362678821703765,0.890484012637651,0.8250787620661971,0.8191548024888978,0.9285246949626924,89,2500,0.2,120,8,0.35,0.15,0.15,4
0.7670236783094523,0.933873474972445,0.9467420470525636,0.9466672684428566,0.9473214625061761,0.9524950591007564,0.7988683440386151,0.94180352324123,0.9428760784462772,0.8954461061913268,0.8387027288966592,0.8216644179240622,0.9285246949626924,90,2500,0.2,120,8,0.35,0.15,0.15,4
0.7663754586750045,0.9349563329597074,0.9459864314789688,0.9459427290425344,0.9459559436021474,0.9487880125066368,0.7977473895345407,0.9437139047843786,0.9441040174620966,0.8933661494897056,0.8394923721314377,0.8282487640847148,0.9285246949626924,91,2500,0.2,120,8,0.35,0.15,0.15,4
0.7869953969143706,0.9358059061441085,0.9459050767940523,0.945474742627253,0.9457646509355946,0.9490283348609433,0.814423137974541,0.9360077804884794,0.9372363606759294,0.891076569682583,0.8466200021735819,0.8374620353530376,0.9285246949626924,92,2500,0.2,120,8,0.35,0.15,0.15,4
0.7760940097696748,0.9376281335811556,0.9471523406123326,0.9469838308457711,0.9470619563322312,0.9501943699836238,0.8077621708416616,0.9414587147180244,0.9423403749400682,0.9021494335269834,0.8477198060075094,0.8362077285661803,0.9285246949626924,93,2500,0.2,120,8,0.35,0.15,0.15,4
0.7834296115803565,0.9362439926418892,0.947318623532471,0.9472554439425606,0.947434581194441,0.9510589323034546,0.8034697729965039,0.9442317804894492,0.9451520258882222,0.8965290712792904,0.8381313865801158,0.8338749506409454,0.9285246949626924,94,2500,0.2,120,8,0.35,0.15,0.15,4
0.7688659808810802,0.9317131143765258,0.9420457680661186,0.941219431184253,0.9413141772391271,0.9462612401841584,0.7970031347658381,0.9399706646042995,0.9409918273042226,0.8851201660237932,0.8257712178553159,0.8200684169311298,0.9285246949626924,95,2500,0.2,120,8,0.35,0.15,0.15,4
0.7845466024047184,0.9357773409909182,0.9479170371467727,0.9479321257910883,0.9480215798966741,0.9511275871268782,0.8140119813633687,0.9433708482100998,0.9437096568597337,0.9068816073442898,0.8416339982820501,0.8226789378495801,0.9285246949626924,96,2500,0.2,120,8,0.35,0.15,0.15,4
0.7748774338745049,0.9384651385928756,0.9482339686557588,0.9479259649382096,0.9483205733189605,0.9533873371079673,0.8089651661577909,0.9371720312683889,0.9380049413531988,0.8913020571246705,0.8462256006512358,0.8294681848092684,0.9285246949626924,97,2500,0.2,120,8,0.35,0.15,0.15,4
0.7690822309278681,0.9282768375594396,0.9413393658330692,0.9412116425423113,0.9416599611939018,0.9470602801456917,0.8021772167589988,0.9337033942415014,0.9348964683916043,0.8819222929518823,0.8364937917074713,0.8327059545489244,0.9285246949626924,98,2500,0.2,120,8,0.35,0.15,0.15,4
0.782838709273815,0.9400974312235811,0.9508015134507012,0.9503516774912721,0.9502360416937917,0.9531482456788574,0.8088400488114048,0.9507916409100879,0.9516657028721078,0.9091244366298236,0.8521965327637366,0.8337546268981181,0.9285246949626924,99,2500,0.2,120,8,0.35,0.15,0.15,4
0.7831142934266478,0.939451246529437,0.9491300720122914,0.94922486979718,0.948985843278752,0.9532840674695588,0.8089504231213593,0.951483949213339,0.9521343962278987,0.9083511461175061,0.8526624094931617,0.8396986470097206,0.9285246949626924,100,2500,0.2,120,8,0.35,0.15,0.15,4
0.77766533203125,0.93599775390625,0.948527734375,0.948422265625,0.94849853515625,0.952191796875,0.80563828125,0.939552734375,0.9404681640625,0.88957822265625,0.832818359375,0.81718583984375,0.9285246949626924,101,2500,0.2,120,8,0.35,0.15,0.15,4
0.7789726858510949,0.9374664342555059,0.9496063370568932,0.949457091108911,0.9498281628465931,0.9540422690988113,0.8053997261813586,0.9474156127995815,0.94807719848816,0.9048476329242399,0.8268910453987883,0.8203951495650658,0.9285246949626924,102,2500,0.2,120,8,0.35,0.15,0.15,4
0.761421422369199,0.9268750115467042,0.939533374593556,0.9397920207655927,0.9399074878066804,0.9436343790028574,0.7870184447051434,0.9411629994334417,0.9421730473753572,0.8956428127155385,0.8296096174807863,0.818488601863484,0.9285246949626924,103,2500,0.2,120,8,0.35,0.15,0.15,4
0.7735137094075679,0.9326749660656318,0.9417777131960212,0.9414970334202871,0.9416174488070579,0.9455032571976175,0.804861462483467,0.9363973260065201,0.9367594405470255,0.8904274012931532,0.8377449941741337,0.8178001343866592,0.9285246949626924,104,2500,0.2,120,8,0.35,0.15,0.15,4
0.7822969421882465,0.9407125935658545,0.9509113712374582,0.9509501911132346,0.9511083572224877,0.9561696727185858,0.8107677376970855,0.9538242554546902,0.9542595357541009,0.907372491638796,0.8402714405160058,0.8261021858576206,0.9285246949626924,105,2500,0.2,120,8,0.35,0.15,0.15,4
0.7710734847588627,0.9388773216609487,0.9499955637051934,0.9499840293386963,0.9501252020978745,0.9564954256871327,0.8023476872116408,0.9469406325170551,0.9478591427106747,0.8944841082061595,0.8424215268740881,0.8190050869513782,0.9285246949626924,106,2500,0.2,120,8,0.35,0.15,0.15,4
0.7614437348730062,0.934204259372661,0.9437071705595894,0.9437827933786292,0.9438763984875436,0.9487173281233293,0.793998094849289,0.9381868019712478,0.9391589148417072,0.88853857444182,0.8245590450918069,0.8093383489341848,0.9285246949626924,107,2500,0.2,120,8,0.35,0.15,0.15,4
0.7661299224847617,0.936599020884959,0.9467535485259848,0.9464950596410069,0.9464501776423614,0.9510394356614095,0.799424312254573,0.9462464899723597,0.946403429652525,0.9047931028251499,0.8308843344736176,0.8125821036124018,0.9285246949626924,108,2500,0.2,120,8,0.35,0.15,0.15,4
0.770229061694613,0.9356705243599719,0.9453758944103129,0.9454264936457613,0.9455939552805286,0.9491315348485384,0.7991044220124331,0.940549220999613,0.9413081145984395,0.8903319006060136,0.8384934110871753,0.8251649269263499,0.9285246949626924,109,2500,0.2,120,8,0.35,0.15,0.15,4
0.7683002481389578,0.9348341450078023,0.9468807558005679,0.9466264413483922,0.9469655939026886,0.9503305388388632,0.8016198381660741,0.948170814573687,0.9490319862628226,0.9017817600278837,0.8451047116024148,0.8267994671087974,0.9285246949626924,110,2500,0.2,120,8,0.35,0.15,0.15,4
0.7835558768105232,0.9350099532589418,0.9448153181655828,0.9448169539486649,0.9452918121551385,0.9499446527983052,0.8051486946066115,0.9438141226968174,0.9444521743213617,0.9028727814932506,0.8410978182887476,0.82863132297517,0.9285246949626924,111,2500,0.2,120,8,0.35,0.15,0.15,4
0.7727517763586349,0.9352777534773861,0.945021530147066,0.945017933689091,0.9455169665335005,0.949011751669437,0.8044582470669427,0.9463879897743952,0.947099894050292,0.8952925281155533,0.8366871761972803,0.8261145617667357,0.9285246949626924,112,2500,0.2,120,8,0.35,0.15,0.15,4
0.7747723234555586,0.9327096185505585,0.943629457171506,0.943687124499872,0.9438088774427292,0.9470231745835092,0.8007435292735599,0.9397003963486176,0.9397103155180836,0.9066209386471167,0.8410484212037224,0.8188412484577879,0.9285246949626924,113,2500,0.2,120,8,0.35,0.15,0.15,4
0.7774948737184296,0.9332230057514379,0.9433743435858964,0.9433392348087022,0.9436889222305577,0.947966191547887,0.8069841460365091,0.9382121530382596,0.9388437109277319,0.8895172793198299,0.8432907226806702,0.8293511377844461,0.9285246949626924,114,2500,0.2,120,8,0.35,0.15,0.15,4
0.7707743797901888,0.9345247363896099,0.9460715329657872,0.9460420683898175,0.9461818787784416,0.9507323020341485,0.7947995218543248,0.9354504314121259,0.9361849969501237,0.8840848946631653,0.8230719532750363,0.817478952341146,0.9285246949626924,115,2500,0.2,120,8,0.35,0.15,0.15,4
0.7841717457051983,0.9334240945853757,0.9464526852751775,0.9465253128482455,0.9467535425093663,0.9510486177928202,0.8084503474632432,0.9481715710010636,0.9489908697191671,0.9056399688039701,0.8495489976947213,0.8411415104485708,0.9285246949626924,116,2500,0.2,120,8,0.35,0.15,0.15,4
0.781233081950653,0.9339232975338588,0.9446826098331106,0.9446990553112468,0.9450499866923947,0.9487574968696884,0.8025914103944495,0.9346937776359644,0.9353515967614128,0.8956761246438704,0.8315793065225413,0.818920352470073,0.9285246949626924,117,2500,0.2,120,8,0.35,0.15,0.15,4
0.7748866771470324,0.9380994628812583,0.9485142288119601,0.9485675468926184,0.9489171848365328,0.953148515515464,0.8041810147863612,0.9447516488640813,0.9456645869691,0.9032541964351161,0.8507497282434938,0.8355555373604763,0.9285246949626924,118,2500,0.2,120,8,0.35,0.15,0.15,4
0.7638272845569305,0.9275770868878203,0.9359065278165664,0.9358811204759181,0.936044133973517,0.9424088760646184,0.7935588529541013,0.9337202769684693,0.9343335085423544,0.8842367370632935,0.8229645976147996,0.8134406051581373,0.9285246949626924,119,2500,0.2,120,8,0.35,0.15,0.15,4
0.7891195961379889,0.9382236242648613,0.9481044535206641,0.9480902449264038,0.9479657277185961,0.9530217791828925,0.8172622131748039,0.93614907349885,0.937014741704557,0.8977864450202765,0.850439280772479,0.8439688981551965,0.9285246949626924,120,2500,0.2,120,8,0.35,0.15,0.15,4
0.7832116400404598,0.9321368129716276,0.9465889298597576,0.9466084583032269,0.9469581243134076,0.9507384812059134,0.8070358552909306,0.9390785431081645,0.9400649723944563,0.8977873496297708,0.8346037994578477,0.8207698889667112,0.9285246949626924,121,2500,0.2,120,8,0.35,0.15,0.15,4
0.7755982659107539,0.9369471368290484,0.9465173044185768,0.9458118849983734,0.9459462828087423,0.9504154206366436,0.8027437250184084,0.9415359862939354,0.9421667187929202,0.8908848235886225,0.8305854246879019,0.8239347137756596,0.9285246949626924,122,2500,0.2,120,8,0.35,0.15,0.15,4
0.7786180853235354,0.9386795167138094,0.9481858299555789,0.9482307370794817,0.948835330825533,0.9529283916056727,0.804941630459083,0.9471537437183487,0.9476787293811176,0.9101051720953742,0.8502335753652349,0.8381443248865171,0.9285246949626924,123,2500,0.2,120,8,0.35,0.15,0.15,4
0.7789608272975314,0.9337086033060669,0.9467683702679727,0.9468226572445271,0.9471973673515723,0.9513445724370724,0.8002552187730163,0.9462695899253769,0.9467833666703358,0.903821673180604,0.841183600054347,0.8301599446292834,0.9285246949626924,124,2500,0.2,120,8,0.35,0.15,0.15,4
0.7798434193871382,0.935052480855941,0.9466714566172951,0.9461896080505806,0.9465294702007607,0.9488822333371117,0.8077167403461044,0.9493356452618454,0.9497320855059321,0.9055128120355677,0.8418966984369883,0.8351837813924784,0.9285246949626924,125,2500,0.2,120,8,0.35,0.15,0.15,4
0.7643571291186784,0.9324922212590063,0.941514013485632,0.9415267446492878,0.9417621732448915,0.9462674382665874,0.7982031235616234,0.9360064141561139,0.9368835913319971,0.8918768712362273,0.8341082368278484,0.8124136484342039,0.9285246949626924,126,2500,0.2,120,8,0.35,0.15,0.15,4
0.7739696229864663,0.9310091467898917,0.9449935209106352,0.9448307189945788,0.9450971397701989,0.9502136605360781,0.7998172892918253,0.9409179427891946,0.9417006144559563,0.8999319297828933,0.8276013087799325,0.8219181830141912,0.9285246949626924,127,2500,0.2,120,8,0.35,0.15,0.15,4
0.7773064859929266,0.9308197835740208,0.9417836557667066,0.9417129957384195,0.9416711588321758,0.9454707982250355,0.8062540583727025,0.9467132772217518,0.9470152934135985,0.904729941806213,0.8526919639207775,0.8340059049804812,0.9285246949626924,128,2500,0.2,120,8,0.35,0.15,0.15,4
0.7846535660646142,0.9359053306453692,0.9478184665390367,0.9478502934521967,0.9481779293652022,0.9517575506329929,0.8126298256046308,0.9408128190748762,0.9417332816045276,0.8980015921514026,0.8460113223236386,0.8348366513897484,0.9285246949626924,129,2500,0.2,120,8,0.35,0.15,0.15,4
0.7799214830341282,0.9384424726177053,0.9493312528559776,0.9488867730610934,0.949014755949401,0.9525591898926854,0.8112794350895743,0.9394098984870531,0.9402092798023702,0.8958818752056694,0.8440696647998516,0.8303740336463407,0.9285246949626924,130,2500,0.2,120,8,0.35,0.15,0.15,4
0.7803378613723442,0.9293364681295716,0.9406752389798367,0.9402058903208329,0.940049247261891,0.9439801269398971,0.8098001083633267,0.9424108905143388,0.9430676496768451,0.9032891172258989,0.8496396919385425,0.8289731607260343,0.9285246949626924,131,2500,0.2,120,8,0.35,0.15,0.15,4
0.7724950661691876,0.9359795050529874,0.9460553929563514,0.945935243315435,0.9463016500716182,0.9501048330441302,0.800054414878696,0.938914035910841,0.9397426712442687,0.8921565619329198,0.8325714753829769,0.8226691590269865,0.9285246949626924,132,2500,0.2,120,8,0.35,0.15,0.15,4
0.7834025436769376,0.9405607949701881,0.9520748482899424,0.9520914732458985,0.9522943955024213,0.9569185781046787,0.8116557761795871,0.9413898913031041,0.9422246596798171,0.8957203549408538,0.8260397858666555,0.820756570451527,0.9285246949626924,133,2500,0.2,120,8,0.35,0.15,0.15,4
0.7730129347276836,0.9304600872134456,0.9436854097946705,0.9437069785232786,0.9438928387837607,0.9496361442924627,0.7939764759009778,0.9455322564708372,0.9461860221231032,0.8973927973465412,0.8410213706266366,0.829324610239958,0.9285246949626924,134,2500,0.2,120,8,0.35,0.15,0.15,4
0.7695920308471258,0.9377234659417564,0.9490786204756472,0.948912111803005,0.9492581749832869,0.952534970057817,0.7995567204523538,0.9340040087560457,0.9351209712395107,0.897802414156663,0.8565284794063528,0.8364305241069603,0.9285246949626924,135,2500,0.2,120,8,0.35,0.15,0.15,4
0.7883950342783027,0.930843258600457,0.941551528627015,0.941530578716571,0.9414027052065963,0.9443542708912359,0.811876919276141,0.9385650793650794,0.9393763942931258,0.8888519300846149,0.8438510283490829,0.8270590822061639,0.9285246949626924,136,2500,0.2,120,8,0.35,0.15,0.15,4
0.7751166122116583,0.9344025157232705,0.9463429782474317,0.9457686986724751,0.9458871260510798,0.9507964167623308,0.8013408687290888,0.945603960007457,0.9466878599672289,0.8974523886615842,0.8379302190955563,0.8257790009713596,0.9285246949626924,137,2500,0.2,120,8,0.35,0.15,0.15,4
0.7597475675307886,0.9280808522633385,0.9411355087044003,0.9411956764743048,0.9414830043060294,0.9460667385958261,0.7900288688653662,0.9376855334907999,0.9383320211121803,0.8954601036168703,0.8416610775765705,0.8237281660980375,0.9285246949626924,138,2500,0.2,120,8,0.35,0.15,0.15,4
0.7810708631637133,0.93860921131425,0.9503805115996034,0.9500089945717396,0.9502463930797559,0.9544028065003358,0.8084780748222299,0.9476258936991934,0.9483164634604615,0.8991957252752315,0.8455005079144958,0.8299123089865712,0.9285246949626924,139,2500,0.2,120,8,0.35,0.15,0.15,4
0.7805617757830744,0.9330088436960605,0.9432276000418824,0.9432368213143466,0.9437245572202762,0.9477952036691543,0.8097615795385318,0.9391800563508985,0.9402723309473043,0.9011030426629607,0.8386698720999594,0.8279365092585542,0.9285246949626924,140,2500,0.2,120,8,0.35,0.15,0.15,4
0.7847023680651464,0.9353624828970001,0.9455885934652842,0.9455841508071174,0.9457664972434293,0.9499970925270442,0.8106705935815831,0.9502613813250989,0.9507042649814579,0.8965248639287848,0.8429830336859125,0.8291215453026245,0.9285246949626924,141,2500,0.2,120,8,0.35,0.15,0.15,4
0.7824613212364899,0.9325489244540479,0.9460544724022792,0.9461761768121667,0.9464247604651178,0.9497415410404041,0.8063809334613242,0.9416435979311784,0.9421319488546321,0.9014648515268489,0.8349398794589693,0.8303079246149468,0.9285246949626924,142,2500,0.2,120,8,0.35,0.15,0.15,4
0.7854453865626635,0.9373154632922213,0.9482710904145407,0.9483634078734614,0.9482358330020381,0.9528903025027067,0.8098675774798827,0.9478505549261381,0.9488296110410109,0.9019541445432132,0.8508814745965924,0.8350269331275898,0.9285246949626924,143,2500,0.2,120,8,0.35,0.15,0.15,4
0.7740397305243721,0.9415279935757751,0.9517339577066539,0.9517293655518911,0.951669467881072,0.9547388241927491,0.8072520905285411,0.9458114756749569,0.9469495314205212,0.8918297979731427,0.8395806603997731,0.8245675088678501,0.9285246949626924,144,2500,0.2,120,8,0.35,0.15,0.15,4
0.7643404236662696,0.9306389581034639,0.9424683906576156,0.942639279616328,0.9430232439186572,0.9493589959055824,0.7907985941119303,0.9419180190910441,0.9424947936837337,0.8896579541551884,0.8331436894575445,0.8208299416161867,0.9285246949626924,145,2500,0.2,120,8,0.35,0.15,0.15,4
0.7750551274722249,0.9364154086054975,0.947574091921272,0.947604209067618,0.947571005381429,0.9507286291722536,0.8067273287101331,0.9445084096051624,0.945406592699454,0.8982419256117709,0.8349963859424384,0.8186478261780481,0.9285246949626924,146,2500,0.2,120,8,0.35,0.15,0.15,4
0.7724445972732252,0.931671281021064,0.9434006278038544,0.9433959092480155,0.9435273406887754,0.9487314162627386,0.802301259343232,0.931753855748243,0.932697566916003,0.8984974741963808,0.8347590253193774,0.8173160972352802,0.9285246949626924,147,2500,0.2,120,8,0.35,0.15,0.15,4
0.7814380236565319,0.9332743560691052,0.948211133690611,0.9482291676215019,0.9486315932948052,0.9523730859622687,0.8074237224504306,0.9407872318972214,0.9415326011623815,0.8990603026751194,0.8344065680971194,0.8192706201559965,0.9285246949626924,148,2500,0.2,120,8,0.35,0.15,0.15,4
0.7870537212690429,0.938253587051433,0.9501637231933415,0.9500475354034946,0.9502795164575861,0.9552384073829943,0.8150894009809287,0.945908863205053,0.9468510889744988,0.89721414622835,0.8576411570686314,0.8355049173177901,0.9285246949626924,149,2500,0.2,120,8,0.35,0.15,0.15,4
0.7721157978394607,0.9389257155191868,0.9497554921064767,0.9497321402290054,0.9499715460316526,0.9547520089482825,0.8082594020741962,0.9504179789833103,0.9512260716843768,0.9065238081221362,0.8421502369528744,0.8305225718462701,0.9285246949626924,150,2500,0.2,120,8,0.35,0.15,0.15,4
0.7793821836287603,0.9340129155917047,0.9457334018757044,0.9457481550329548,0.9461575551466539,0.9496735913800093,0.811813710288463,0.941886416439164,0.9426639476996588,0.8961876147045515,0.8440163636437946,0.8310016865450508,0.9285246949626924,151,2500,0.2,120,8,0.35,0.15,0.15,4
0.77826662382089,0.9349770816997727,0.9437905509348812,0.9438241387763183,0.9441124835203515,0.9487563463342504,0.8044721130562814,0.9445011989484452,0.9455796436467517,0.9009646781616962,0.8389354972021917,0.8334192344014921,0.9285246949626924,152,2500,0.2,120,8,0.35,0.15,0.15,4
0.7752812441753848,0.9347940901307673,0.9445558002772695,0.9444401048071563,0.9446644550691028,0.9499336416072118,0.8070894111909298,0.942509626938244,0.9431305386470918,0.8907389486802105,0.83669993514013,0.8274101407269843,0.9285246949626924,153,2500,0.2,120,8,0.35,0.15,0.15,4
0.7618186061307409,0.9290885598220475,0.9400002201992724,0.9400329551804042,0.9401914200139905,0.9451840453044275,0.7909566714677972,0.9487336772374114,0.9493826752717397,0.90082077312751,0.8478258860759742,0.8276798153157244,0.9285246949626924,154,2500,0.2,120,8,0.35,0.15,0.15,4
0.7596383859422432,0.9361115446646897,0.9460743609542724,0.9461365771175222,0.9464250249672973,0.9502000274143031,0.792956562046514,0.9499552778461176,0.9504477163287839,0.9003674280847288,0.8299990858633022,0.8128640686568589,0.9285246949626924,155,2500,0.2,120,8,0.35,0.15,0.15,4
0.7802598595428046,0.9357460968431459,0.946110364782868,0.9461964722449808,0.9459394848580552,0.9498075502989636,0.8113667762129042,0.9294149574859901,0.9304270777549429,0.8996815644972544,0.8486283262463936,0.8308340237187438,0.9285246949626924,156,2500,0.2,120,8,0.35,0.15,0.15,4
0.7721188426821218,0.928595351277636,0.9426601561423669,0.9426537527296972,0.9425861288110493,0.9466069868605853,0.8032204120615457,0.9393641450027573,0.9403128202919102,0.8930432160499793,0.8447619696276435,0.8241099935538979,0.9285246949626924,157,2500,0.2,120,8,0.35,0.15,0.15,4
0.774271335514984,0.9344454516125278,0.9461752381842771,0.9461988065041913,0.9463584060813698,0.9505766463767229,0.8018561469943399,0.9345997703213438,0.9353192397388083,0.8909658131251289,0.8401170162194048,0.8270472581975946,0.9285246949626924,158,2500,0.2,120,8,0.35,0.15,0.15,4
0.7713125895719752,0.9356279731706353,0.947878644124378,0.9478987098441023,0.9481513781855079,0.951430076856698,0.8024526898247035,0.9405289004265114,0.9415485584427564,0.8982261704104707,0.8405875402462433,0.8296661982668808,0.9285246949626924,159,2500,0.2,120,8,0.35,0.15,0.15,4
0.788300156664692,0.9341234398349443,0.9457033883257305,0.9456638096704699,0.9459378157453515,0.9502889143623967,0.8157315039024751,0.9516075808740224,0.9521066844125703,0.9049381590877307,0.848534646938753,0.8301451073318133,0.9285246949626924,160,2500,0.2,120,8,0.35,0.15,0.15,4
0.774592480289176,0.9392512642006096,0.950484328163178,0.9505646198581829,0.9507929001675105,0.9538220421169299,0.8054024503136099,0.9515826319617623,0.9522039086311997,0.8997897656427114,0.8407771409544321,0.8283201206264641,0.9285246949626924,161,2500,0.2,120,8,0.35,0.15,0.15,4
0.7607779627156478,0.9346714367853539,0.9443644410872184,0.9443532793071377,0.9442239171379975,0.9488132213479252,0.7976637344892994,0.9362681437358706,0.936748958877808,0.885598813760357,0.8357261677630811,0.8192116940348109,0.9285246949626924,162,2500,0.2,120,8,0.35,0.15,0.15,4
0.7769553393407211,0.9361021014301197,0.9474095848472947,0.9474068271166863,0.9474327300863288,0.9517678826026201,0.8059750370225334,0.9425529257748928,0.9434663255485225,0.896428699466064,0.8457805145846523,0.8337854698325939,0.9285246949626924,163,2500,0.2,120,8,0.35,0.15,0.15,4
0.7781173464316279,0.935518569790361,0.9448401463375607,0.9444063703872515,0.9446594790906512,0.9491170045894135,0.8052667945140386,0.9436402559210223,0.9444249898780763,0.8991517949140667,0.8405165938938738,0.8211445653148949,0.9285246949626924,164,2500,0.2,120,8,0.35,0.15,0.15,4
0.7895029383264532,0.9333089320740953,0.9466578102032095,0.9466897059951566,0.9469430133735338,0.9505188643062998,0.8153759046272772,0.940521881687354,0.940850036552969,0.8984125875275322,0.8508796389787711,0.8295526057492263,0.9285246949626924,165,2500,0.2,120,8,0.35,0.15,0.15,4
0.7619913119528887,0.9368269851203118,0.9483872698326327,0.9485405501643784,0.9486751617377706,0.9534635017422373,0.794715778471011,0.9510300782191498,0.9519113418700652,0.9067115267104243,0.8369217143304631,0.8242090759446072,0.9285246949626924,166,2500,0.2,120,8,0.35,0.15,0.15,4
0.782840722174279,0.9354705300982337,0.946108102856834,0.946080779820988,0.9456292152393204,0.9509893289344877,0.8117565245255095,0.9334935762465474,0.934588945981085,0.8956578309779375,0.8388106390221526,0.8227759342617551,0.9285246949626924,167,2500,0.2,120,8,0.35,0.15,0.15,4
0.7788954180555422,0.9381229441397533,0.9505139144262371,0.9505059103648593,0.9506339753469053,0.9555406601925523,0.809515638130138,0.9497726602542422,0.9506313398632809,0.90298853105854,0.8480970685710867,0.8252254631838067,0.9285246949626924,168,2500,0.2,120,8,0.35,0.15,0.15,4
0.7812616120710095,0.9433295545565324,0.9530977515688215,0.9531063039512794,0.9533258151010302,0.9567134432835487,0.8064873064949741,0.9333416497879993,0.9349493993868236,0.8870405257100346,0.8282063275047372,0.8275552651022294,0.9285246949626924,169,2500,0.2,120,8,0.35,0.15,0.15,4
0.7697243608415976,0.9296807448617043,0.9411580103408163,0.941089915484976,0.9408481052630857,0.945591328379751,0.7951162957260631,0.9447397017798036,0.9453264932785478,0.8930769674685889,0.8285180472433292,0.8213513331062199,0.9285246949626924,170,2500,0.2,120,8,0.35,0.15,0.15,4
0.7822580023287914,0.9371168726687561,0.9471051603843081,0.9470802697056331,0.9470935447342598,0.9517060315190176,0.8110260630784459,0.9373788592631246,0.937936410465447,0.8952765203104521,0.8460308494095394,0.8360246013611394,0.9285246949626924,171,2500,0.2,120,8,0.35,0.15,0.15,4
0.7797657077575683,0.9375151412950024,0.949082298975063,0.9490664649410736,0.949259046379469,0.9527897390709539,0.8112213027926486,0.9394798480249418,0.940743206011866,0.9017374487571075,0.8461617707833572,0.8280956328150854,0.9285246949626924,172,2500,0.2,120,8,0.35,0.15,0.15,4
0.7743534155501183,0.9349242680404948,0.948267764977716,0.9480712047138459,0.9482256938410987,0.9525356371879105,0.801805321392175,0.94327988929225,0.9438336628579569,0.8924130477661988,0.8233264688892751,0.8200350384080125,0.9285246949626924,173,2500,0.2,120,8,0.35,0.15,0.15,4
0.783781721993672,0.9364687657559572,0.9497141214782772,0.9497401347918326,0.9496689148210123,0.9536073499789312,0.8103882754975533,0.939664701053929,0.9407482968343162,0.9061352935875233,0.8423340859657199,0.8279370321926933,0.9285246949626924,174,2500,0.2,120,8,0.35,0.15,0.15,4
0.7837184018280738,0.938276765430562,0.9493322604867124,0.9493240740804668,0.9496092174594544,0.9539597499062755,0.8126470902405314,0.9445235851843407,0.9449449385274864,0.899900668316507,0.8399746951278751,0.8251232719901913,0.9285246949626924,175,2500,0.2,120,8,0.35,0.15,0.15,4
0.7907723623318748,0.9348150275474807,0.9473393945348418,0.9474126529470892,0.9476757584689294,0.9513718317878025,0.8123583011505199,0.9427263314615658,0.9433142125854325,0.9026388647465304,0.845864401399669,0.8285889190353469,0.9285246949626924,176,2500,0.2,120,8,0.35,0.15,0.15,4
0.7896805772797287,0.9376101742933395,0.947520682603282,0.9475324910305948,0.94753344332312,0.9525814507700475,0.8158411956984947,0.9478202738317156,0.94835289104107,0.8968439597275492,0.8330551210720909,0.8195488514161781,0.9285246949626924,177,2500,0.2,120,8,0.35,0.15,0.15,4
0.7789050738152757,0.933934040917303,0.9449851370767518,0.9445770989991679,0.9443227565619716,0.9478406249212176,0.801494439459151,0.9394146191516448,0.9402672941420157,0.9025427527444017,0.8433021844151063,0.828759208962899,0.9285246949626924,178,2500,0.2,120,8,0.35,0.15,0.15,4
0.7667457681108614,0.9316412544103178,0.943028469180699,0.9429917731257347,0.9430249425468453,0.948571098511179,0.7973853536608508,0.9451678968423378,0.9458731282986537,0.8943668314939078,0.8339753236663534,0.8254448729463434,0.9285246949626924,179,2500,0.2,120,8,0.35,0.15,0.15,4
0.7619598905604142,0.9284979398450449,0.9402673749487832,0.9402537138935161,0.9404957374116525,0.9460543336016132,0.7906346393399055,0.9402945032854838,0.9407726402198325,0.8829929647503113,0.8250841390207116,0.8154806109417689,0.9285246949626924,180,2500,0.2,120,8,0.35,0.15,0.15,4
0.7820737897985705,0.9357898797920727,0.9481601283300845,0.9482649041585445,0.9488754873294347,0.9535850186809617,0.8065801656920077,0.9573900462962963,0.9578831627680312,0.905913844217024,0.8382980019493177,0.8280503776803119,0.9285246949626924,181,2500,0.2,120,8,0.35,0.15,0.15,4
0.7797542842024405,0.9357405465541799,0.9465691517281105,0.9464918716461123,0.9466286128438334,0.9508198467646374,0.8085818853163583,0.9345174294669146,0.9356009969324263,0.8924472374598056,0.8501319378242035,0.8290427070263671,0.9285246949626924,182,2500,0.2,120,8,0.35,0.15,0.15,4
0.7785710710452469,0.9300909423986469,0.9437743029110884,0.943354777969559,0.9434499667321543,0.9504683778976515,0.8066041134082969,0.9365369672358737,0.937418258940631,0.8909439610156207,0.8352998122939325,0.8237607546665399,0.9285246949626924,183,2500,0.2,120,8,0.35,0.15,0.15,4
0.7767537166292047,0.9343176978587484,0.9469954454039986,0.9470335975393351,0.9474654954848377,0.9511055246657991,0.8132297212035174,0.9386779841476399,0.9395186127213219,0.8952765290429433,0.833917149729879,0.8145714539216846,0.9285246949626924,184,2500,0.2,120,8,0.35,0.15,0.15,4
0.7678187725908661,0.9296099505756107,0.9418538077775139,0.9418101319416979,0.941794056135167,0.9464367684297501,0.7959998551240568,0.9379658836522218,0.9390998090659026,0.8859970621947776,0.8264425905832962,0.8229387426550028,0.9285246949626924,185,2500,0.2,120,8,0.35,0.15,0.15,4
0.7694395297560928,0.9304609692173288,0.9427898952376058,0.942854891481234,0.9428768179248677,0.9461787054099094,0.8046065108812424,0.9394859521484733,0.9402539649911046,0.9008170047401252,0.8436176674277296,0.8237258803002161,0.9285246949626924,186,2500,0.2,120,8,0.35,0.15,0.15,4
0.7826797796193089,0.9317216174822551,0.9432671369458889,0.9433920822699925,0.9436519251877062,0.9480060923655352,0.8088121729854217,0.955225330713423,0.9555377925610037,0.9109651247842155,0.8396967257723085,0.8287382916722463,0.9285246949626924,187,2500,0.2,120,8,0.35,0.15,0.15,4
0.7819526281237082,0.9372216117831087,0.9495060074541756,0.9496141690315554,0.9495430583424127,0.9532744880319842,0.8088659495004112,0.9347946821168871,0.9353469719196721,0.8986909072102959,0.823286174499649,0.8239963165241945,0.9285246949626924,188,2500,0.2,120,8,0.35,0.15,0.15,4
0.7703118037389295,0.9265248708394045,0.9379515165914695,0.937968196552,0.9382243115273559,0.942320599508814,0.7986880047324539,0.9412205949024295,0.9422310901857343,0.8939844013276085,0.826649340196038,0.8129015615643281,0.9285246949626924,189,2500,0.2,120,8,0.35,0.15,0.15,4
0.7759267462632929,0.9338686302331103,0.9460578917649798,0.9462989963256132,0.9466375355512422,0.9496117749354629,0.7946144424649276,0.9358291986869973,0.9365641928482177,0.8986203504513678,0.8296923819232512,0.8322078704821732,0.9285246949626924,190,2500,0.2,120,8,0.35,0.15,0.15,4
0.7661650606616479,0.9309107154268658,0.9428653689639591,0.9421553518923335,0.9425628288540807,0.9464130002329422,0.7925841156233303,0.9409492161590187,0.9416648285538965,0.8880140224690513,0.8284567146284033,0.8160294035218535,0.9285246949626924,191,2500,0.2,120,8,0.35,0.15,0.15,4
0.7823813092654421,0.933912415803923,0.9461849580206704,0.9463459400051171,0.9458345133491977,0.9486191150215807,0.8040114598048167,0.937990154541762,0.9389021028660735,0.8963703230701896,0.8474765956054275,0.8372055300470941,0.9285246949626924,192,2500,0.2,120,8,0.35,0.15,0.15,4
0.7666784067576158,0.9322396050263178,0.9449475471247738,0.9443587888707835,0.9445124330485996,0.9489444391670868,0.7963359224861712,0.9492830993840106,0.9501877196700109,0.8955130931242525,0.8351763327560716,0.8195051137595327,0.9285246949626924,193,2500,0.2,120,8,0.35,0.15,0.15,4
0.786123197586727,0.9357364705882353,0.9425388114630467,0.9424145761689291,0.9428521508295626,0.9469897556561085,0.809153544494721,0.9442671010558069,0.9449863529411765,0.8973058702865762,0.8493946787330316,0.8352285731523379,0.9285246949626924,194,2500,0.2,120,8,0.35,0.15,0.15,4
0.7851245720550413,0.9311720124608762,0.943387390826622,0.9433784832088958,0.9439093184938295,0.9483438438328207,0.8093686603579199,0.941430259960503,0.9419881117563424,0.8953208088312667,0.839950273958188,0.8314240197337993,0.9285246949626924,195,2500,0.2,120,8,0.35,0.15,0.15,4
0.7858736963222887,0.9392318277074158,0.9507202971654147,0.9506370087602268,0.9507010694421599,0.9547040529756139,0.814832265718759,0.9453542393893427,0.9462865935937034,0.9051371717199408,0.8532109917088534,0.8337980350409074,0.9285246949626924,196,2500,0.2,120,8,0.35,0.15,0.15,4
0.7731758751249925,0.9329599382812896,0.9441053637790284,0.9440459886180569,0.9441524510341698,0.9497402041797754,0.8040775007068004,0.9335527068585389,0.9345723081327062,0.894820244649256,0.8399050036745753,0.8327357478969987,0.9285246949626924,197,2500,0.2,120,8,0.35,0.15,0.15,4
0.761246348010897,0.936563625022039,0.9463490817774014,0.9463465001906549,0.9463762362454015,0.9498177782214282,0.79597222748101,0.9333163713522658,0.9341522317721809,0.8938790960698306,0.8291512584183631,0.813161483796623,0.9285246949626924,198,2500,0.2,120,8,0.35,0.15,0.15,4
0.7718084641404735,0.9340453612557486,0.9449446999353882,0.9448395157918741,0.9451375850404774,0.9491967238037323,0.7990809927406788,0.930150887461518,0.931338033522101,0.8768095093306982,0.8277737448215575,0.8184473224126791,0.9285246949626924,199,2500,0.2,120,8,0.35,0.15,0.15,4
0.7782958856193382,0.9364723039116479,0.9481350204630434,0.9477004543967225,0.9479494295944247,0.9519233261222739,0.8046983221401267,0.9451257693600541,0.945558782364713,0.8981356562476613,0.851232514588345,0.8388827623841865,0.9285246949626924,0,5000,0.2,120,8,0.35,0.15,0.15,5
0.7737743955743939,0.9355096818012235,0.9467556087316055,0.9467567906161519,0.9471001280768887,0.9518071802637887,0.8017569895667171,0.9470904760197595,0.9474823692372787,0.8907892388624125,0.8382519100239174,0.8289862306510726,0.9285246949626924,1,5000,0.2,120,8,0.35,0.15,0.15,5
0.7851161029298972,0.943812893081761,0.9519697231170425,0.9519355921153552,0.9521016451909802,0.9550215715600552,0.8137156772511122,0.9561232551004756,0.9565181584598865,0.9102558866390551,0.8600906964258321,0.8439551695045252,0.9285246949626924,2,5000,0.2,120,8,0.35,0.15,0.15,5
0.7777359948522213,0.9360077963076159,0.9449849817172147,0.9450066861410673,0.9455891700228318,0.9505993563705332,0.7965777917978099,0.9521681639118089,0.9523935560056632,0.9027976707715853,0.840507840305724,0.836719583557907,0.9285246949626924,3,5000,0.2,120,8,0.35,0.15,0.15,5
0.7830659551134413,0.9341688662290918,0.9458509665729307,0.9459787928680423,0.9461837489183834,0.9496025105242171,0.8082417187350049,0.9429638282160568,0.9432183958608741,0.9036788427459416,0.8349331510888068,0.8343877194437702,0.9285246949626924,4,5000,0.2,120,8,0.35,0.15,0.15,5
0.7640583618437429,0.9329741145088153,0.9452621561854961,0.9449085595890606,0.9450712860866215,0.9481854875620863,0.7981181571608813,0.9486805812267183,0.9490492721421975,0.905299605677957,0.8514198008640572,0.829730822521581,0.9285246949626924,5,5000,0.2,120,8,0.35,0.15,0.15,5
0.7838049514365489,0.9391341900368402,0.9480451288162824,0.9480396905798869,0.9480351263457693,0.9524224235578186,0.8110114770094672,0.9517605124993979,0.9521727502404478,0.9006593473184056,0.8552397796115856,0.8377288526408853,0.9285246949626924,6,5000,0.2,120,8,0.35,0.15,0.15,5
0.780294102067101,0.9322846645702184,0.9456471053587026,0.9456817110605623,0.9458276736577917,0.9496928792291938,0.8048137884582445,0.9428241307299019,0.9434352403588321,0.9049750626285873,0.8530365440078197,0.8396325377115152,0.9285246949626924,7,5000,0.2,120,8,0.35,0.15,0.15,5
0.7777130141810722,0.9334581967639561,0.9456263066006646,0.9456725523157101,0.9457824838671529,0.9508008297970548,0.8020854857921308,0.9528133022272113,0.9534382072495841,0.8950198753697575,0.8404746221249887,0.835529367939629,0.9285246949626924,8,5000,0.2,120,8,0.35,0.15,0.15,5
0.7760975363980813,0.9373334025553658,0.9486045566233032,0.9485560884289753,0.9484692096695772,0.9522088278015095,0.7992444517327667,0.9478159427025482,0.9479628798766571,0.9024603451625102,0.8489876660897738,0.8394582060484475,0.9285246949626924,9,5000,0.2,120,8,0.35,0.15,0.15,5
0.7806962275235719,0.9318842156966609,0.9434653427203822,0.9433481330238561,0.9435140757577217,0.9485676724677601,0.8057956679604357,0.9454868006664676,0.9456852962987933,0.898685460026389,0.846215870019551,0.839262455336075,0.9285246949626924,10,5000,0.2,120,8,0.35,0.15,0.15,5
0.761082002245048,0.9303073482661931,0.9427436829300312,0.9428269278320947,0.9433945515422548,0.9475944738404375,0.7887458415768636,0.9443886574283894,0.9446141288100447,0.8933121893912263,0.8319300222048872,0.8183919747969155,0.9285246949626924,11,5000,0.2,120,8,0.35,0.15,0.15,5
0.7739518521552298,0.9285167952099148,0.9407089250963143,0.9407332956234885,0.941030770788519,0.9479284036463338,0.8002337249606131,0.9389071501289269,0.9394618697474624,0.8897776179724515,0.8477530615716533,0.8379216814425882,0.9285246949626924,12,5000,0.2,120,8,0.35,0.15,0.15,5
0.7649110080597886,0.9323981550542683,0.9455095427797415,0.9455099419026689,0.9456493355850518,0.9496383696826224,0.7982208097705292,0.9429448786292123,0.9433187570314234,0.9016544144243026,0.8483648183117599,0.8298735528675735,0.9285246949626924,13,5000,0.2,120,8,0.35,0.15,0.15,5
0.7855835063378501,0.9431350975333587,0.9528227203722034,0.9528651030381308,0.953183569971543,0.9553298639904434,0.8122185246275623,0.9482582266396147,0.948769007406918,0.9015266614328385,0.85804910996899,0.8445448584205055,0.9285246949626924,14,5000,0.2,120,8,0.35,0.15,0.15,5
0.7808520638678476,0.9317146470908407,0.9426320845790465,0.9425826654439573,0.9425184303157054,0.9470612867456125,0.8076416213999086,0.9465295680436183,0.9469037693446184,0.9031791417329098,0.8504336212314741,0.8397378387988752,0.9285246949626924,15,5000,0.2,120,8,0.35,0.15,0.15,5
0.7806585742501461,0.9333556171384706,0.9473303142875095,0.9473261190002026,0.9475118824195607,0.9505271232153931,0.8108031770227822,0.9449621233851558,0.9453325770108403,0.8953888523996458,0.8489506318102684,0.8428074628502431,0.9285246949626924,16,5000,0.2,120,8,0.35,0.15,0.15,5
0.77041953125,0.9281775390625,0.938402734375,0.93850576171875,0.93949580078125,0.94322099609375,0.79277880859375,0.94658193359375,0.94681748046875,0.89466328125,0.8359685546875,0.83334501953125,0.9285246949626924,17,5000,0.2,120,8,0.35,0.15,0.15,5
0.7744440324074056,0.9334908271336259,0.9451064412425877,0.9451042014404071,0.9452897154905887,0.950239775692576,0.8013831070613756,0.9427547463355862,0.9431498279637159,0.8959979019870357,0.8357718611509622,0.8257550762681858,0.9285246949626924,18,5000,0.2,120,8,0.35,0.15,0.15,5
0.7759224031100213,0.9364802438697789,0.9476234662474072,0.9476606250828493,0.9479826362345432,0.9528927046327923,0.8052481367876417,0.9484294086575659,0.9484639682998552,0.9048877249637773,0.8490544568509388,0.8327157361603313,0.9285246949626924,19,5000,0.2,120,8,0.35,0.15,0.15,5
0.7712956104266621,0.93711121187718,0.9468332288321407,0.946576245738627,0.9470479573102015,0.9500178249318225,0.8026259268989229,0.9486217442843475,0.9488085333788262,0.897373609090113,0.8500880288034313,0.8368608532806217,0.9285246949626924,20,5000,0.2,120,8,0.35,0.15,0.15,5
0.7676927919285206,0.9354034466589705,0.9456114895422304,0.9456816088743654,0.946129060310852,0.9491444853887373,0.793304563514992,0.9398150886617823,0.940139929199061,0.9019797351212849,0.8504577930586562,0.8444436892796943,0.9285246949626924,21,5000,0.2,120,8,0.35,0.15,0.15,5
0.7655638333077737,0.9330733214309783,0.9460121972720533,0.9460335915591369,0.9464620607813641,0.9509802424731252,0.793313001629175,0.9414813735015611,0.9417899374693612,0.8913337480583469,0.8366022021139695,0.829985824339872,0.9285246949626924,22,5000,0.2,120,8,0.35,0.15,0.15,5
0.7859507617785662,0.9416793073871936,0.9534881678514012,0.9534525448997209,0.9534749449275087,0.9569780329736304,0.8156558629457753,0.9512177720833683,0.9516384386845125,0.9064335050734583,0.8662361124761642,0.8483881255775161,0.9285246949626924,23,5000,0.2,120,8,0.35,0.15,0.15,5
0.7727132326812953,0.9337273574779357,0.9473030215648507,0.947183766971879,0.9470112737213309,0.9505023744925267,0.7992433141199858,0.9484286803811385,0.9486944864787845,0.907129904938021,0.8494914111041707,0.8320931146056966,0.9285246949626924,24,5000,0.2,120,8,0.35,0.15,0.15,5
0.7667214495781499,0.9334378246534158,0.9469375819361914,0.9470031358255856,0.9471672180005452,0.9514358226929203,0.7975041343870529,0.9443512638029687,0.9448042174845057,0.9022346669304618,0.8411471298799268,0.8347643135288517,0.9285246949626924,25,5000,0.2,120,8,0.35,0.15,0.15,5
0.7657440044296706,0.9339222544692037,0.9442211213024264,0.9442445918284821,0.9445949872237214,0.9495514733573834,0.7972510341945028,0.9495227219629653,0.9498237314596291,0.8882430365149555,0.8360834107290229,0.8277889268209534,0.9285246949626924,26,5000,0.2,120,8,0.35,0.15,0.15,5
0.7765902391680733,0.9347208420959104,0.9449917817736343,0.944991968434843,0.9452913730135865,0.9492423374873852,0.8080033606484013,0.9445451948318364,0.9449916884430299,0.9018530698162386,0.8457570833962148,0.8386331583664494,0.9285246949626924,27,5000,0.2,120,8,0.35,0.15,0.15,5
0.7797820300485034,0.9368085295161481,0.9479286446626444,0.9479909499585946,0.9482559446350408,0.9512184037225443,0.8078133995820025,0.9524898458141093,0.9529124768326827,0.9068940021294215,0.8496500256319256,0.8426782404668954,0.9285246949626924,28,5000,0.2,120,8,0.35,0.15,0.15,5
0.7709114703175334,0.9269971429667127,0.9392453788924682,0.939227354655622,0.9394242790305262,0.9459095528455285,0.8002209886485657,0.9353531983433042,0.93555079383341,0.8932004525233932,0.8242365585212456,0.8289256404356496,0.9285246949626924,29,5000,0.2,120,8,0.35,0.15,0.15,5
0.784160175833313,0.9406513849318922,0.9498056762184833,0.9497126315998631,0.9496971560062116,0.9532180446186203,0.8108828004634272,0.9517580847558142,0.9521769765963171,0.8997427994546477,0.8576821420055758,0.8398034370338217,0.9285246949626924,30,5000,0.2,120,8,0.35,0.15,0.15,5
0.7858771090147822,0.9341799838756427,0.9446049897822237,0.9443116336507055,0.9453635652853792,0.9487148010395583,0.8111715003202951,0.9408757328422955,0.941190036024055,0.8954450882820739,0.8533583723654822,0.8472509919402571,0.9285246949626924,31,5000,0.2,120,8,0.35,0.15,0.15,5
0.7804405050153481,0.9336915671883346,0.9461528366665026,0.9462065098513505,0.9463861941350392,0.9498979677591465,0.8065601010564527,0.9513035282430716,0.9516858167110058,0.9040288639881845,0.8459181156089455,0.8388498890609117,0.9285246949626924,32,5000,0.2,120,8,0.35,0.15,0.15,5
0.771044456672798,0.9384063138717392,0.9471928878685024,0.9471842553372303,0.9473440530827776,0.9513410109787573,0.7999520223095301,0.9471982592212939,0.947685709487123,0.896785235762582,0.8384126348029707,0.8327092173085321,0.9285246949626924,33,5000,0.2,120,8,0.35,0.15,0.15,5
0.7701123430242193,0.9351333326347793,0.9479939078319947,0.9478608914869927,0.9479603384261809,0.9527713387905933,0.8043673020792463,0.9484961876409479,0.9488725336673974,0.9040287555918286,0.8470898041758789,0.8243669062319177,0.9285246949626924,34,5000,0.2,120,8,0.35,0.15,0.15,5
0.7808580009206959,0.9378243809050587,0.948989548396211,0.9489743496062685,0.9493698104291953,0.9535807520965318,0.8112790609875804,0.9475528730340828,0.9481992113192014,0.9044722926546489,0.8539490791822856,0.8362904235444845,0.9285246949626924,35,5000,0.2,120,8,0.35,0.15,0.15,5
0.7810872626259803,0.9347891944895769,0.946576052659567,0.9465865985811358,0.9468296522263485,0.9515207965075887,0.8081123805239114,0.9547373025860689,0.9551553588354278,0.9096554776760251,0.8498226942063791,0.8388603082254507,0.9285246949626924,36,5000,0.2,120,8,0.35,0.15,0.15,5
0.7623135455634733,0.9387227262234228,0.948299559798659,0.9481540011015458,0.9485084213666521,0.9524858885770917,0.7976932168509968,0.9490250789295825,0.9494573958411909,0.9056531358991339,0.850040616183322,0.8260511024744599,0.9285246949626924,37,5000,0.2,120,8,0.35,0.15,0.15,5
0.7734949762233472,0.9419900483202945,0.951034763767449,0.9510744554379507,0.9510338050314465,0.9538519136370609,0.8028951909802117,0.9565719435496242,0.9567117272587821,0.9026704632612363,0.836170329038196,0.8318149831262464,0.9285246949626924,38,5000,0.2,120,8,0.35,0.15,0.15,5
0.7761541661829018,0.9367290723325206,0.9458573280699718,0.9459139285576067,0.946553852703278,0.9511935446418205,0.803506424397229,0.9424098262316654,0.9430424939045629,0.8880613607337745,0.8394468632687023,0.828981965246333,0.9285246949626924,39,5000,0.2,120,8,0.35,0.15,0.15,5
0.7814461779788838,0.934411294117647,0.944792036199095,0.9448263046757165,0.9448740874811463,0.9491001146304676,0.8051755052790347,0.936718479638009,0.9371943770739065,0.8977227873303167,0.8514045490196078,0.8432154449472097,0.9285246949626924,40,5000,0.2,120,8,0.35,0.15,0.15,5
0.7768712382923533,0.9349944624147837,0.9441890920046508,0.9440083041805728,0.9443424908310731,0.9486053634811252,0.8075697057655169,0.9425271521543644,0.9428974146114784,0.891831037273462,0.8441975846378791,0.8309794295341898,0.9285246949626924,41,5000,0.2,120,8,0.35,0.15,0.15,5
0.789934765625,0.9346314453125,0.94472880859375,0.94471455078125,0.94491162109375,0.949067578125,0.814641796875,0.94702919921875,0.94748876953125,0.89993779296875,0.8567138671875,0.848057421875,0.9285246949626924,42,5000,0.2,120,8,0.35,0.15,0.15,5
0.7894565812987627,0.9391891839301615,0.948244151582513,0.9482219690035429,0.9487552265269398,0.9530847211066071,0.8165880158033363,0.9448169431316509,0.9454287153095599,0.8944181237118537,0.8590515040566877,0.8448637016731113,0.9285246949626924,43,5000,0.2,120,8,0.35,0.15,0.15,5
0.7944379670151576,0.9368333347018043,0.9489132189995383,0.9487986584292534,0.9490873080572834,0.9531299668165338,0.8120877236814684,0.9419576720197341,0.9423073163541275,0.9080772630893271,0.8628306274752219,0.8581416594235453,0.9285246949626924,44,5000,0.2,120,8,0.35,0.15,0.15,5
0.7823863301508722,0.939312816385022,0.9505128849351101,0.9505114309598253,0.9505122064133105,0.9556715892453908,0.8173958255787985,0.9511911159396015,0.9514818140648651,0.9092037023251197,0.8535479517171642,0.8422253615164148,0.9285246949626924,45,5000,0.2,120,8,0.35,0.15,0.15,5
0.7832511152782008,0.9343119185640674,0.9454465554878668,0.9453890464767997,0.9454720379289776,0.9500509450515281,0.8063643834399431,0.9492524621789014,0.9495643989872068,0.9071631042808914,0.8552050017768301,0.8464283334602498,0.9285246949626924,46,5000,0.2,120,8,0.35,0.15,0.15,5
0.7754322265625,0.9334162109375,0.94441064453125,0.94438984375,0.94447509765625,0.94935859375,0.803233984375,0.9447888671875,0.94491640625,0.8985939453125,0.8377662109375,0.835490234375,0.9285246949626924,47,5000,0.2,120,8,0.35,0.15,0.15,5
0.7793568394795388,0.9370863229671292,0.9479112211189337,0.9479341429823464,0.9481095241305583,0.9530818349047973,0.8075758684785854,0.9477060800724254,0.9482580346909882,0.9114932919840896,0.8559663299014745,0.8441127408962641,0.9285246949626924,48,5000,0.2,120,8,0.35,0.15,0.15,5
0.774471900266134,0.9371816546137265,0.9488556357504536,0.9486541388258498,0.9487321694976326,0.9525910331497999,0.7971211423216239,0.9503859258744176,0.9507061479477341,0.9053089896074998,0.8349419175237529,0.8358164536857343,0.9285246949626924,49,5000,0.2,120,8,0.35,0.15,0.15,5
0.7794022343133389,0.9325278855809691,0.9465077084479926,0.9465487789359809,0.9467740264324539,0.9507553030174695,0.8090861511102426,0.9480545983385067,0.9481384136509241,0.9037167905216011,0.8531437537992663,0.8328855632408693,0.9285246949626924,50,5000,0.2,120,8,0.35,0.15,0.15,5
0.7812629149448369,0.9345639210837977,0.945357149420218,0.9454152116887753,0.9454412126373212,0.9511149910521548,0.8057057615365035,0.9516287541557531,0.9518509351935155,0.9081387465353248,0.8520612496329565,0.8408188695725952,0.9285246949626924,51,5000,0.2,120,8,0.35,0.15,0.15,5
0.7766815973881191,0.9392093685300207,0.9507694298455168,0.950728121516165,0.9512474120082816,0.956359392419175,0.8068115942028985,0.9535757087115783,0.9536738533205924,0.9050625099538143,0.8414637083930562,0.8307058249721293,0.9285246949626924,52,5000,0.2,120,8,0.35,0.15,0.15,5
0.7775644972771936,0.9340540707040161,0.9492357196429959,0.9492643501067374,0.9496126545070125,0.952771483189327,0.8046109065678383,0.9474899524349272,0.9478512886324916,0.9088346799030237,0.847270100091114,0.8327405346452799,0.9285246949626924,53,5000,0.2,120,8,0.35,0.15,0.15,5
0.7855609521861756,0.9390233203732243,0.9499682609575133,0.9499302635122827,0.950091007606567,0.9533084971600635,0.8141276736511186,0.9454038178491881,0.9457180418202863,0.8930493918359881,0.8449726586030127,0.8418826653792238,0.9285246949626924,54,5000,0.2,120,8,0.35,0.15,0.15,5
0.7832702300943917,0.9398155968579065,0.9509333687937133,0.9509077359673535,0.9513534132318024,0.954366399744811,0.8101662342804974,0.9534137621367995,0.9537791035699751,0.9142713559745502,0.8583978835338651,0.8375436641938683,0.9285246949626924,55,5000,0.2,120,8,0.35,0.15,0.15,5
0.7759818427087737,0.9337280360041742,0.9458845983680286,0.9459531468582257,0.9465363562189448,0.950738408514976,0.8005499598608297,0.9438246615182008,0.9439767814623393,0.8978926960439562,0.8448736722958342,0.8435681667974793,0.9285246949626924,56,5000,0.2,120,8,0.35,0.15,0.15,5
0.7700867948010367,0.9322056397998402,0.943185932181717,0.9431992539082615,0.9432402510526274,0.947671507613226,0.7985239902248548,0.9493234955197252,0.9496455623311858,0.900186494790126,0.844051459765712,0.8379554564619239,0.9285246949626924,57,5000,0.2,120,8,0.35,0.15,0.15,5
0.771206407800506,0.9316113774963205,0.9432019498954498,0.942844416437336,0.9432101325405602,0.9477998263161376,0.806028664864752,0.9428117821233079,0.94326230893644,0.9008656179596161,0.864632384079114,0.8396574109398499,0.9285246949626924,58,5000,0.2,120,8,0.35,0.15,0.15,5
0.7894327963326709,0.93207441487228,0.9443570911654086,0.9442799389160433,0.9442004950157069,0.9492885330846128,0.817677203582347,0.9493955722820614,0.9497996667366575,0.9083633706710116,0.8586773220797993,0.8427716410865901,0.9285246949626924,59,5000,0.2,120,8,0.35,0.15,0.15,5
0.7741527232407478,0.9309528743570891,0.9437082709339194,0.9435690274531654,0.9434520827504681,0.9475053068614133,0.8070173560804655,0.9386128514894444,0.9388141351260362,0.9086261484985638,0.8650666252801346,0.8474601047606504,0.9285246949626924,60,5000,0.2,120,8,0.35,0.15,0.15,5
0.7720261411453954,0.937808437932394,0.950730225868011,0.9508485603481488,0.9511544685648154,0.9546783625730995,0.799606601096435,0.9480671847524477,0.9483581020610999,0.9017205439900701,0.8459485572000581,0.8382035982676507,0.9285246949626924,61,5000,0.2,120,8,0.35,0.15,0.15,5
0.781762650722766,0.9352801658566714,0.9462326860215717,0.9462302059885654,0.9461710820016962,0.950347259181603,0.8144863886364491,0.9481728654430316,0.9484522163608571,0.9052566878802076,0.8569892934991094,0.8366873465045571,0.9285246949626924,62,5000,0.2,120,8,0.35,0.15,0.15,5
0.7713725328568554,0.9381990006570159,0.9502460051736971,0.9503181557006432,0.950392439710913,0.9532772000940672,0.8015446419263415,0.9451829583170696,0.9454144412576884,0.903216274598699,0.8510262297228168,0.8347523098593598,0.9285246949626924,63,5000,0.2,120,8,0.35,0.15,0.15,5
0.7720421330605535,0.9337023729688302,0.9464971398285442,0.9465490007169743,0.9470705068576126,0.9519631036337003,0.7936431105562114,0.9340191396616623,0.9345234554147017,0.8806416341143821,0.8305660350390318,0.8308347072766717,0.9285246949626924,64,5000,0.2,120,8,0.35,0.15,0.15,5
0.7820124039774327,0.9342784197020984,0.9486184221528124,0.9486042420433205,0.9488895067287554,0.9526565261606884,0.8089202863678001,0.9523556144578832,0.9526405857617423,0.9097820360700912,0.8513460982353,0.8418764255288521,0.9285246949626924,65,5000,0.2,120,8,0.35,0.15,0.15,5
0.7771345421456615,0.9349694407762112,0.9468661823492562,0.9467925662637795,0.9471448574487863,0.9499716346763543,0.8041184579361006,0.9564572922615917,0.9565789800531584,0.9183895294594578,0.86365979150758,0.8474485640287469,0.9285246949626924,66,5000,0.2,120,8,0.35,0.15,0.15,5
0.7740417484448988,0.9354342888677124,0.9461450209665814,0.9460357328927351,0.9463538803927679,0.9502706207111818,0.8040713263455079,0.9498447878954893,0.9498523008244889,0.9154548061759482,0.8537859802934871,0.839263488537424,0.9285246949626924,67,5000,0.2,120,8,0.35,0.15,0.15,5
0.7770626839552949,0.9345877811625753,0.9477415028903595,0.9476910931527679,0.9481438752269444,0.9512467404721571,0.8067520070320074,0.9444140577363552,0.9447112840134925,0.9084757383265738,0.8530149651518792,0.8440604449982473,0.9285246949626924,68,5000,0.2,120,8,0.35,0.15,0.15,5
0.773771887709381,0.9348090223506194,0.9516099319308999,0.9516143555769988,0.9519702133298416,0.9550844601834496,0.8082044676073108,0.949305507223126,0.9495730886604846,0.9153864634856522,0.8470341517275223,0.836809237831336,0.9285246949626924,69,5000,0.2,120,8,0.35,0.15,0.15,5
0.7802584615384616,0.9311325248868778,0.9435801870286576,0.9435161870286576,0.9439920844645551,0.9497446515837104,0.8085082352941176,0.947283209653092,0.9475814901960784,0.9027830346907993,0.8499230889894419,0.841265616892911,0.9285246949626924,70,5000,0.2,120,8,0.35,0.15,0.15,5
0.7768762326870682,0.9333259516976313,0.9462751910664956,0.9462556340120487,0.9460686567187767,0.9509836013110733,0.805759631552996,0.9539334570234717,0.9541085815564728,0.9190002117693168,0.8580846294985176,0.8374769266266728,0.9285246949626924,71,5000,0.2,120,8,0.35,0.15,0.15,5
0.7717583902222411,0.9357806071204372,0.9489822897478012,0.9487583857018416,0.948784931026878,0.9528832022048778,0.8060506221272019,0.944504785900893,0.9449112371458351,0.895198191147692,0.8430693282138045,0.8334212567076237,0.9285246949626924,72,5000,0.2,120,8,0.35,0.15,0.15,5
0.7798805756284356,0.9360678895682787,0.944965277005744,0.9451238836390587,0.9454857636958804,0.9503257859304551,0.8058473967018714,0.9375972330306961,0.9378959668951887,0.9004142054227657,0.8462873448211969,0.8405836328824655,0.9285246949626924,73,5000,0.2,120,8,0.35,0.15,0.15,5
0.774736839583256,0.9315339673701448,0.9443602549404597,0.944416359092127,0.944455991384319,0.950096954363166,0.7996382979318133,0.9404492365243219,0.9408668231193829,0.9062324924099668,0.8449422007442485,0.8402397344376866,0.9285246949626924,74,5000,0.2,120,8,0.35,0.15,0.15,5
0.7745510613930483,0.93164403223052,0.9420453010091462,0.9420456929219856,0.9422248950677867,0.9470991150510109,0.8066298131428167,0.9397284102810103,0.9401099374301354,0.8928649426224906,0.8490616283919689,0.8370640006403856,0.9285246949626924,75,5000,0.2,120,8,0.35,0.15,0.15,5
0.7696144977874587,0.9290952619236845,0.9429994407323463,0.9431165925882319,0.9434613761908967,0.9479210942022587,0.7970978914628283,0.9478146371137864,0.9479903648976148,0.8980459973115906,0.8456345725527135,0.8404607580529636,0.9285246949626924,76,5000,0.2,120,8,0.35,0.15,0.15,5
0.7786327787899597,0.9375820425565586,0.9468814720829085,0.9469041923134326,0.9469211345542976,0.95151884741054,0.80587991731403,0.9475460388257402,0.9478070276806836,0.9038688439437462,0.8521610268917432,0.8397980876617005,0.9285246949626924,77,5000,0.2,120,8,0.35,0.15,0.15,5
0.7702675777989586,0.934360383600639,0.9453617269076419,0.9448408990360102,0.9451950771043481,0.9500389747031456,0.7979007415254937,0.9446034891971911,0.9451271512491508,0.8870289108122185,0.8438676509586001,0.8348166016080573,0.9285246949626924,78,5000,0.2,120,8,0.35,0.15,0.15,5
0.7862917408927578,0.9393681190841416,0.9487571195178344,0.9487105655084894,0.9488561101782278,0.9527560987780739,0.8175456077154294,0.9494771345773971,0.949801085570529,0.8959969231755393,0.8480039993849596,0.831950371600391,0.9285246949626924,79,5000,0.2,120,8,0.35,0.15,0.15,5
0.7797910849383528,0.9372091678589376,0.9485970518764628,0.9486636128651538,0.949066724653806,0.9545163695850283,0.8051377591556417,0.9510475143648794,0.9513717710716915,0.9134672569880394,0.8592494417713329,0.8440891921090363,0.9285246949626924,80,5000,0.2,120,8,0.35,0.15,0.15,5
0.778937631706862,0.9359499465041816,0.9448740060237205,0.944842563904388,0.9452261577602442,0.9490191581745924,0.8080873257701281,0.944425661053364,0.9448982754095803,0.9037834793475878,0.8539813239706563,0.8423313309616149,0.9285246949626924,81,5000,0.2,120,8,0.35,0.15,0.15,5
0.7732446393334628,0.933909666569853,0.9473495733840014,0.9473990793233283,0.9478116606748233,0.9510573579827037,0.7998574267175909,0.9543719622061337,0.954839305919085,0.9086520803819718,0.8443307719266154,0.8405028541894306,0.9285246949626924,82,5000,0.2,120,8,0.35,0.15,0.15,5
0.7687000120741576,0.9331812364628503,0.9461260563777271,0.9460767922349443,0.9460852826483297,0.950969837214094,0.8009667421622377,0.9495151134788176,0.9497722940238054,0.9097627018311946,0.847094861907869,0.8323083133685212,0.9285246949626924,83,5000,0.2,120,8,0.35,0.15,0.15,5
0.7631125338586555,0.9380688005317862,0.9458024036997217,0.9458175784472863,0.9460464806459398,0.9508370696222345,0.7939237748780872,0.9454665885068629,0.9459109918283984,0.9016971969777815,0.8499691430376632,0.83221301325258,0.9285246949626924,84,5000,0.2,120,8,0.35,0.15,0.15,5
0.77674802991869,0.9264283896272126,0.9362456630029505,0.936082386660648,0.9363157230387846,0.9416276729849783,0.7995165561915483,0.9263159585429838,0.9267500154457252,0.8850777937375394,0.8356477286802433,0.8307302236334081,0.9285246949626924,85,5000,0.2,120,8,0.35,0.15,0.15,5
0.7810771308094694,0.9362222132068324,0.9445197833501164,0.9445845129540246,0.944695247890726,0.9489165643459073,0.8102757189188928,0.9384784878761855,0.9386846561946985,0.8862401875004216,0.8514131438947148,0.8341648688178572,0.9285246949626924,86,5000,0.2,120,8,0.35,0.15,0.15,5
0.771472333957314,0.9355334795443414,0.9454022244106491,0.9453392551049973,0.9451354019414473,0.9498833075145896,0.807065136167138,0.9356732674174892,0.9361260087543276,0.8882448262545339,0.8453733900482193,0.8322756748376647,0.9285246949626924,87,5000,0.2,120,8,0.35,0.15,0.15,5
0.7724218494168619,0.937871841072823,0.9518857921484168,0.9517799173152977,0.9519028147749313,0.9567179549547847,0.8010851973601351,0.9471683598768231,0.9474654194690043,0.9009789879782866,0.8370266529068743,0.8281140779679589,0.9285246949626924,88,5000,0.2,120,8,0.35,0.15,0.15,5
0.7775324522414859,0.9340304555578449,0.9453050952226768,0.9453283489830159,0.945348659229388,0.9493490909447698,0.804609150403752,0.9395941875410866,0.9401097930709681,0.8917063550466547,0.8485461003345794,0.8429326229652959,0.9285246949626924,89,5000,0.2,120,8,0.35,0.15,0.15,5
0.7762633317240826,0.9317202491263925,0.9442037223607189,0.9440183390695336,0.9441041923977077,0.9500544270168844,0.8049275617535003,0.9497122116576041,0.9498182305349541,0.9079759139486102,0.845532092972366,0.8373283083180694,0.9285246949626924,90,5000,0.2,120,8,0.35,0.15,0.15,5
0.7739273982491651,0.9364641903860058,0.9483587365589987,0.9483489103765346,0.9492772461198266,0.9514408188587147,0.8044873981117894,0.9508025939976907,0.9510824016983459,0.9135974235940378,0.8470471701596202,0.8362439980389611,0.9285246949626924,91,5000,0.2,120,8,0.35,0.15,0.15,5
0.7717673089892627,0.9309516263723816,0.9437236675250517,0.9436744620231937,0.9441697304623028,0.9491288416944527,0.8008873258275864,0.9527372116909059,0.9530285283457833,0.9074476644257076,0.8466059651528645,0.8357742274836628,0.9285246949626924,92,5000,0.2,120,8,0.35,0.15,0.15,5
0.7664488955388679,0.939533713354538,0.9514596625449344,0.9514595645204801,0.9515517075075753,0.955597078714421,0.8013226635675256,0.9565048831862182,0.9565762449889899,0.9094035447211086,0.8511494739615681,0.8227356154994698,0.9285246949626924,93,5000,0.2,120,8,0.35,0.15,0.15,5
0.7670410684736828,0.9348286129462936,0.946706039423571,0.9466176228329207,0.9466372928197172,0.9507709405450061,0.797500928177502,0.9417612014427935,0.9423792324279402,0.890817017489077,0.8427680588919405,0.8362311321798526,0.9285246949626924,94,5000,0.2,120,8,0.35,0.15,0.15,5
0.784413790357467,0.9457446066720089,0.9561255929480845,0.9562753470013247,0.9562429836499368,0.9591912849613684,0.8113825633519959,0.9532595730057875,0.9535390746768642,0.9165129489201379,0.8419577905402709,0.8398235746223859,0.9285246949626924,95,5000,0.2,120,8,0.35,0.15,0.15,5
0.7707781635906721,0.9353201659781377,0.9449842756298887,0.9450343456484386,0.9452569784094901,0.9498512006472544,0.7997535045039174,0.947054631158811,0.9473872391391772,0.9088156413969376,0.8491962569879467,0.8346644275566307,0.9285246949626924,96,5000,0.2,120,8,0.35,0.15,0.15,5
0.7845465670735239,0.9359393565112031,0.946955145515256,0.9468227681946904,0.9469572001521606,0.9515082208957747,0.8175369912914704,0.9508841983159022,0.9509572846857932,0.9129811372591379,0.8625453781236352,0.8444859024513188,0.9285246949626924,97,5000,0.2,120,8,0.35,0.15,0.15,5
0.7717218896763347,0.9357836072371338,0.9466210133785614,0.9467025394292065,0.9469984126799924,0.9516234557469088,0.8088143898550387,0.9444328775838565,0.9448512349490087,0.9014314940789755,0.8507966002076573,0.828851659742641,0.9285246949626924,98,5000,0.2,120,8,0.35,0.15,0.15,5
0.7791884960281596,0.9363394529645513,0.945755232175229,0.9457966060142903,0.9459908412400926,0.9494265094049295,0.8084316026306047,0.9471339743738735,0.9475662297274217,0.9042397190590953,0.8507735316602936,0.8359982489896923,0.9285246949626924,99,5000,0.2,120,8,0.35,0.15,0.15,5
0.780332977263194,0.9368318578129339,0.9464915278047267,0.9466317113486946,0.9468045781346551,0.9511907282761529,0.8060774291598113,0.9490442662026434,0.9493189235675806,0.8924312797920795,0.8426093197839638,0.8358046097350187,0.9285246949626924,100,5000,0.2,120,8,0.35,0.15,0.15,5
0.7647497383695562,0.9330794430866787,0.9430873167862937,0.943087120459162,0.9432167945296194,0.9475008488694355,0.796326994224743,0.9409591306791673,0.9409799413551225,0.8925782356257372,0.8457369379387359,0.8375165246092624,0.9285246949626924,101,5000,0.2,120,8,0.35,0.15,0.15,5
0.7641152063063479,0.9311142640499038,0.9427016570368784,0.9425711500613686,0.9425910396379666,0.9477012891287003,0.7943934124938482,0.9435118388540625,0.943977529285442,0.8887768018168295,0.8385991232321914,0.8330557120757458,0.9285246949626924,102,5000,0.2,120,8,0.35,0.15,0.15,5
0.7802252232267947,0.9378763255063854,0.9491037265175998,0.9491912893293234,0.9492071479274466,0.9541031738989657,0.8055181305612115,0.9567925197230369,0.9569593755253769,0.9109111630520738,0.8573992910914763,0.8421135483408988,0.9285246949626924,103,5000,0.2,120,8,0.35,0.15,0.15,5
0.7762500410927381,0.9343264665411186,0.9463169361567567,0.9462736909419082,0.9464923630124655,0.9513687012659694,0.8052575027512566,0.9468303018633404,0.9470742166158682,0.9020577090759379,0.850899891828259,0.8345847050480668,0.9285246949626924,104,5000,0.2,120,8,0.35,0.15,0.15,5
0.7701859603449589,0.9254134897895725,0.9390534373730836,0.9390180395852371,0.9388540397502284,0.9426205825147224,0.7974491977294649,0.9262095929789826,0.9268300953777033,0.8874036029990354,0.8426234183038888,0.8252354696542796,0.9285246949626924,105,5000,0.2,120,8,0.35,0.15,0.15,5
0.7732921912611068,0.9363674455924161,0.9469755624015611,0.9470217234103674,0.946950401680023,0.9500870719457954,0.8037016968628344,0.9378500460619509,0.9383635625204307,0.8946878188428049,0.8596702360551158,0.8416442630583154,0.9285246949626924,106,5000,0.2,120,8,0.35,0.15,0.15,5
0.7876291764705883,0.9385934962292609,0.9497709079939668,0.9497610618401207,0.9499358793363499,0.9546556621417798,0.8128088808446455,0.9544988959276018,0.9549212187028657,0.9147405128205128,0.8469566938159879,0.8422226244343891,0.9285246949626924,107,5000,0.2,120,8,0.35,0.15,0.15,5
0.758331231848181,0.9302271262017024,0.9423886521344148,0.9423905801024445,0.942722865392357,0.9465290598765175,0.7924921261785669,0.9454325280596467,0.9458068430526058,0.8979260462311309,0.8485901155392681,0.8296757851842598,0.9285246949626924,108,5000,0.2,120,8,0.35,0.15,0.15,5
0.781760425818898,0.9306318921219896,0.9433295755207104,0.9433704546876506,0.9437447005821731,0.9492446758243678,0.8116337886850304,0.9514623226506282,0.9515048331458266,0.9093761647203961,0.8577196756228507,0.8426457227148834,0.9285246949626924,109,5000,0.2,120,8,0.35,0.15,0.15,5
0.7661068968513165,0.9320670237293438,0.9450255790782955,0.9450278251407694,0.9454216007299294,0.9512362480996525,0.7975936299217993,0.9474503056125324,0.9476198833293057,0.896244164959404,0.8464718289145627,0.834138087308328,0.9285246949626924,110,5000,0.2,120,8,0.35,0.15,0.15,5
0.7738435553390456,0.9344302288730569,0.9468133457077303,0.9469329041630468,0.9472358695518428,0.9511322737973887,0.8001197716065334,0.9539544927965061,0.9540097183390753,0.9152067019393176,0.8569457891541103,0.8397297591362183,0.9285246949626924,111,5000,0.2,120,8,0.35,0.15,0.15,5
0.7741947366809866,0.9360651639302442,0.9459090398881621,0.9457297523444117,0.9459696527515586,0.9509229686017204,0.8051391340727967,0.9459848569883366,0.9460418983867183,0.9064223104317392,0.8467480280411025,0.8301569403769427,0.9285246949626924,112,5000,0.2,120,8,0.35,0.15,0.15,5
0.7864919229807452,0.9355333833458365,0.9453824456114028,0.9453943485871468,0.9459593898474619,0.9499961990497624,0.8141764441110277,0.9530274568642161,0.9534892723180796,0.9056325081270318,0.8530076519129782,0.8451667916979245,0.9285246949626924,113,5000,0.2,120,8,0.35,0.15,0.15,5
0.7716186270497045,0.9305366804379525,0.9415305593039318,0.9412799421542043,0.9416605644521757,0.9478374577907959,0.8005027531912716,0.9421778870136348,0.9423003976298893,0.8972042997429076,0.8404077385139802,0.8266378849991046,0.9285246949626924,114,5000,0.2,120,8,0.35,0.15,0.15,5
0.7723585177310341,0.9377698647578737,0.9493497477225514,0.9493333676914474,0.9498540329484325,0.9518894515695915,0.8024522304858147,0.9519281044478676,0.9523832495804365,0.9053304116951025,0.8478451919265224,0.8357444439483825,0.9285246949626924,115,5000,0.2,120,8,0.35,0.15,0.15,5
0.7790703800327898,0.9381108094035193,0.9505034370271717,0.950391557875047,0.9509283479165764,0.9545887502447357,0.8085514944870782,0.947284420943011,0.9478720738525012,0.8961303606685009,0.8516904863256473,0.8471844768442722,0.9285246949626924,116,5000,0.2,120,8,0.35,0.15,0.15,5
0.7733313335513423,0.9335324591663368,0.9452608854936306,0.9451203434379695,0.945315568056925,0.9492388452734251,0.8079071379923336,0.9509801308545872,0.9512520684220491,0.9100018440612622,0.8457949748101231,0.8341042165075446,0.9285246949626924,117,5000,0.2,120,8,0.35,0.15,0.15,5
0.7731268919992834,0.932891445751586,0.9440888851119084,0.9441147242523492,0.9440117504926663,0.9491692429246692,0.802438143011795,0.9448673131428204,0.9453009321996267,0.9020400862682769,0.854019670667714,0.8347550602607036,0.9285246949626924,118,5000,0.2,120,8,0.35,0.15,0.15,5
0.7798344742068503,0.9403280604280652,0.9505110418361044,0.9503329453327095,0.9506390241802289,0.954443679383535,0.8120637628633289,0.9557467455953234,0.9560167344025073,0.9158895130874941,0.8622252903115208,0.8487020187572101,0.9285246949626924,119,5000,0.2,120,8,0.35,0.15,0.15,5
0.7679711261569281,0.9336251215918174,0.9444325875701862,0.9443167262185667,0.944511080505822,0.9489840221128565,0.8027671889898007,0.9491569955023066,0.949455942830176,0.8974105036068226,0.8517421579297128,0.8323579663106394,0.9285246949626924,120,5000,0.2,120,8,0.35,0.15,0.15,5
0.7731371565263356,0.9348970333722735,0.9482668995022185,0.9482370030122418,0.9485908917567879,0.9522924083171062,0.8055338500329737,0.9470754221248049,0.9473810090484113,0.9043126319779089,0.8516403726875016,0.8425626492146474,0.9285246949626924,121,5000,0.2,120,8,0.35,0.15,0.15,5
0.7850370382545997,0.9397547194031299,0.9498561949846509,0.9498521835506943,0.9497938709985457,0.9532768719111958,0.8127422514750337,0.9531117182400097,0.9533950624531347,0.9033013514423159,0.8466911148890339,0.8365406215413612,0.9285246949626924,122,5000,0.2,120,8,0.35,0.15,0.15,5
0.7782831579532552,0.9359190769031457,0.9457949962672929,0.9458161976137445,0.946420094030414,0.9499347301405668,0.8076039361814069,0.9541143264532521,0.9542723106800366,0.9142809045530038,0.851478705983147,0.8371061471301144,0.9285246949626924,123,5000,0.2,120,8,0.35,0.15,0.15,5
0.7776195067600865,0.9343729510831137,0.9457368482450439,0.9455770535593123,0.9454345905975398,0.9513149017115078,0.8032656967567298,0.9498776066031964,0.9501161558807635,0.9066950449839182,0.8516410142867686,0.8394253866902835,0.9285246949626924,124,5000,0.2,120,8,0.35,0.15,0.15,5
0.7840252280285822,0.9383202371316545,0.9494389167290654,0.9495054688871576,0.949763030596796,0.9544172124672303,0.8107253709165515,0.950580893468066,0.9510323794223059,0.8979408567973411,0.8449703910905995,0.8465896002391603,0.9285246949626924,125,5000,0.2,120,8,0.35,0.15,0.15,5
0.771823638957613,0.9321643798071159,0.9456701881122458,0.9456470870377032,0.9456691113672459,0.9493916146035988,0.8039051583426937,0.9554277491869352,0.9557054515109914,0.910767988371154,0.8549470804304043,0.8476589850699517,0.9285246949626924,126,5000,0.2,120,8,0.35,0.15,0.15,5
0.7730157466063349,0.9305483197586727,0.9423672760180996,0.9423186244343892,0.9422582926093515,0.9461027330316742,0.8048373574660633,0.9403203378582202,0.9405843499245852,0.8980601628959276,0.847025713423831,0.8332755595776772,0.9285246949626924,127,5000,0.2,120,8,0.35,0.15,0.15,5
0.7777489965379623,0.9301340172940056,0.9421805943526669,0.9421862190292479,0.9423680835720367,0.9459819876146596,0.8050788066528279,0.9339852432169361,0.9342647008323337,0.8924675318011319,0.8432030618765737,0.8318078618374181,0.9285246949626924,128,5000,0.2,120,8,0.35,0.15,0.15,5
0.7790034175202651,0.9368570166539996,0.9483067207584337,0.9481617309052809,0.9484174171894459,0.9522806542403328,0.8112876945528856,0.94785553265745,0.9480222123673414,0.9032641182648232,0.8557359754314499,0.8400867437946248,0.9285246949626924,129,5000,0.2,120,8,0.35,0.15,0.15,5
0.779824710703963,0.936274884399299,0.947877505132127,0.9479384847190172,0.948450346599481,0.9531589934663074,0.8082523906506714,0.9456869678517934,0.9463847595802598,0.8993916900260939,0.8554874488186363,0.8386815904556912,0.9285246949626924,130,5000,0.2,120,8,0.35,0.15,0.15,5
0.7765541334384911,0.9393281629924087,0.9492222408589671,0.9492341524505533,0.9496370160359076,0.9541144186814042,0.8040987689805885,0.9446675581314722,0.9450003079582215,0.8980081107286059,0.8446663572880928,0.8339758491027957,0.9285246949626924,131,5000,0.2,120,8,0.35,0.15,0.15,5
0.7734429344598837,0.9308532338193355,0.9441568880128202,0.94390403500573,0.9438105285562912,0.9485702960279232,0.8039928410691123,0.9459962659115202,0.946454736708974,0.8970597137970019,0.8456730035119866,0.8369547320818507,0.9285246949626924,132,5000,0.2,120,8,0.35,0.15,0.15,5
0.761775969003295,0.9298688862815513,0.9414364398124617,0.9414529665854381,0.9420445656803647,0.9473361019141764,0.7887837838907705,0.9432504263313651,0.9438428171279912,0.8884328027348544,0.838012389339895,0.8268284152823763,0.9285246949626924,133,5000,0.2,120,8,0.35,0.15,0.15,5
0.7761826804601059,0.9365455895125941,0.9482336219742041,0.9482381862083218,0.9483880290432899,0.9511043310114654,0.8082916790321804,0.9466077835146856,0.9467770486224947,0.8909866669981401,0.8526180641121458,0.8420947853528095,0.9285246949626924,134,5000,0.2,120,8,0.35,0.15,0.15,5
0.7671199916164989,0.9337659096433506,0.9441494548163568,0.9442222392063409,0.9444313342806795,0.9494826103417262,0.7913342452229212,0.9509708984568134,0.951419522132561,0.9021479372765991,0.8511884243075831,0.8313511816284714,0.9285246949626924,135,5000,0.2,120,8,0.35,0.15,0.15,5
0.7775745931696522,0.9400140929455852,0.9509729685147005,0.9509833857876476,0.9514955524456651,0.9541886564307881,0.8020661752963261,0.9481928946361653,0.9487505532384292,0.906479744472896,0.8544208087034117,0.8463936786840901,0.9285246949626924,136,5000,0.2,120,8,0.35,0.15,0.15,5
0.7810370410866274,0.9338453846559468,0.9461706362130574,0.9462282136343334,0.9463417206382292,0.9493866356795454,0.808014486246557,0.9489732220402491,0.9492141942107745,0.9025429446140103,0.8479937661294324,0.8418547916821757,0.9285246949626924,137,5000,0.2,120,8,0.35,0.15,0.15,5
0.7740420332951989,0.9303757772846375,0.943842139367964,0.9438645491070664,0.9438384516893775,0.9481988006723678,0.8070853354354992,0.9446907782221589,0.9447164028605417,0.9073673104691587,0.8576194862231638,0.8373240161769949,0.9285246949626924,138,5000,0.2,120,8,0.35,0.15,0.15,5
0.7674807255639308,0.9342583719610925,0.94764185268118,0.9476481114881282,0.9479434489409952,0.9502153958631828,0.7979437080947204,0.9495982188217776,0.9500708565402235,0.8999974671390631,0.8459089552867898,0.8367652295109398,0.9285246949626924,139,5000,0.2,120,8,0.35,0.15,0.15,5
0.7671132851584214,0.9310664937310852,0.9407195602495213,0.9407310234080662,0.9405274535235625,0.9446433203631647,0.7957894632820702,0.9459362855907603,0.9464224816255945,0.9018676548699895,0.8467376690754123,0.833201754060898,0.9285246949626924,140,5000,0.2,120,8,0.35,0.15,0.15,5
0.7712547418715462,0.9359043356129321,0.9485496247273809,0.9486044170356943,0.9488785774604133,0.9525486677016546,0.8011596081047271,0.9491461747411237,0.9493615651944938,0.907479557795245,0.8503800060380925,0.831945526700262,0.9285246949626924,141,5000,0.2,120,8,0.35,0.15,0.15,5
0.7676517451538006,0.9352686295469762,0.9465250168964946,0.9464983226101397,0.9463728594642714,0.9500955259980598,0.7998514809001392,0.948600349359001,0.9490815385874808,0.9076057360682519,0.8434219939564136,0.8382715785735444,0.9285246949626924,142,5000,0.2,120,8,0.35,0.15,0.15,5
0.7778897920563455,0.9363665498826024,0.9471806943294269,0.9470657170509661,0.9472748017825536,0.9511904061412939,0.8062089855999172,0.9479470806930831,0.9483172302340773,0.9091102681376415,0.8537073553863618,0.8472362602393788,0.9285246949626924,143,5000,0.2,120,8,0.35,0.15,0.15,5
0.781218073513047,0.9364757279905739,0.9467017075139827,0.9466191804999624,0.9468904238116134,0.9515863175835392,0.8095725517672757,0.9448092108293674,0.945320083108873,0.8900986493595914,0.8451581808175606,0.8363127589575995,0.9285246949626924,144,5000,0.2,120,8,0.35,0.15,0.15,5
0.7817822709488228,0.9385583072467624,0.9498492599964216,0.9497872103757258,0.9499283312036557,0.9546619156647682,0.8111476745345981,0.9491576095992248,0.9493749317157284,0.897461467878287,0.8457227721910028,0.8344850613806327,0.9285246949626924,145,5000,0.2,120,8,0.35,0.15,0.15,5
0.7716403468512866,0.9344302288730569,0.9474229581881604,0.947238485498596,0.9474658790922975,0.9509114685140289,0.7930045902114566,0.9465267542078715,0.9468105359871435,0.8975529368313774,0.836271768189138,0.8341699034163392,0.9285246949626924,146,5000,0.2,120,8,0.35,0.15,0.15,5
0.7778040766157629,0.9344881471318132,0.9453364018361974,0.9453504825171584,0.9449646527014409,0.948542486682741,0.8069495536136775,0.9480192026005007,0.9486439250578266,0.9019601457340901,0.8503815577179565,0.8372848960462598,0.9285246949626924,147,5000,0.2,120,8,0.35,0.15,0.15,5
0.7798988426254467,0.9367519106787264,0.9479482514655346,0.9479499131802913,0.9480903769511952,0.9526214821009861,0.811807969114783,0.9428899917461651,0.9434466661896568,0.9017882592228101,0.856316216889356,0.8503729474401578,0.9285246949626924,148,5000,0.2,120,8,0.35,0.15,0.15,5
0.7762927168337981,0.9374916061241718,0.9466395317976005,0.9469106340014326,0.9468425836509683,0.9521327239645955,0.800054080542836,0.9525257372221227,0.9527754550280115,0.9084591881763066,0.8488608711084393,0.8393700955782661,0.9285246949626924,149,5000,0.2,120,8,0.35,0.15,0.15,5
0.7732552320960763,0.9341187609768542,0.9459469775017416,0.945927746543824,0.945781257665401,0.9499512357852805,0.8063408196705226,0.9472198510581933,0.9477517440320254,0.9063268870377457,0.854849341143457,0.836877422266702,0.9285246949626924,150,5000,0.2,120,8,0.35,0.15,0.15,5
0.7763038287119611,0.9361649565904484,0.9459942948315041,0.946012732134719,0.9458043317659337,0.951056511413132,0.8041736758657368,0.9405578402229188,0.9409679721486882,0.8975927452742397,0.8429769418967022,0.8328328945810902,0.9285246949626924,151,5000,0.2,120,8,0.35,0.15,0.15,5
0.771407421875,0.93871533203125,0.9493025390625,0.94944404296875,0.94944912109375,0.9529716796875,0.79806201171875,0.9450953125,0.94557919921875,0.89652626953125,0.83441396484375,0.83196142578125,0.9285246949626924,152,5000,0.2,120,8,0.35,0.15,0.15,5
0.7754669812990385,0.9343144829213615,0.9462778125184355,0.9463207598371778,0.9467411716122942,0.9505110023007493,0.8056901893693588,0.940971600495546,0.9413972980945077,0.9004481151554481,0.8507891215857472,0.8432260515603799,0.9285246949626924,153,5000,0.2,120,8,0.35,0.15,0.15,5
0.7709082315511195,0.9271579039364803,0.9418278873615066,0.9413243773411281,0.9411709434645154,0.9468343779280176,0.8034902973648467,0.9389093124467305,0.939061668563035,0.8960085734852741,0.8471559522105403,0.8329351008994301,0.9285246949626924,154,5000,0.2,120,8,0.35,0.15,0.15,5
0.7676896156620352,0.9304728517563146,0.9440108005328858,0.9440901988103277,0.9444215016847722,0.949175732454041,0.7954327546398923,0.9523520580773248,0.9525625374860966,0.9132349432509442,0.8513662273656963,0.8312074485644644,0.9285246949626924,155,5000,0.2,120,8,0.35,0.15,0.15,5
0.7835419174372736,0.9317515871683658,0.9435554332084595,0.9435426731493043,0.9437992591450305,0.9483744822160879,0.8094366275618663,0.9421030615140691,0.9423894209811575,0.902936603970594,0.8523215048244399,0.8374896670722519,0.9285246949626924,156,5000,0.2,120,8,0.35,0.15,0.15,5
0.7789712105155749,0.9369026163541188,0.9474359926335899,0.9474554659205185,0.94728856608255,0.9511882393148944,0.8058113992490983,0.944936822461158,0.9451891883917573,0.900950207887173,0.8512202522184057,0.8419036613221673,0.9285246949626924,157,5000,0.2,120,8,0.35,0.15,0.15,5
0.7740036166841398,0.9334218555273114,0.9431218973349993,0.9431147166252579,0.9432675061714211,0.9480702042034279,0.809120877674216,0.9459965748014534,0.9461693107635648,0.903992514509023,0.8529882324124473,0.8411325814332378,0.9285246949626924,158,5000,0.2,120,8,0.35,0.15,0.15,5
0.7726901086870067,0.9314094571264148,0.945215915807729,0.9453067612394904,0.9455393333426908,0.9492137971207066,0.8003231056193163,0.9458719133997402,0.9462382193359627,0.8964937172391099,0.8342217080812665,0.8236068287692276,0.9285246949626924,159,5000,0.2,120,8,0.35,0.15,0.15,5
0.7778680899005396,0.9323462499028394,0.9474412484794313,0.9476416194270378,0.9480838874751606,0.9523797631537961,0.8025166203829137,0.9441531321899412,0.9440958280348769,0.9035028035961068,0.8381697749814899,0.8319031009969278,0.9285246949626924,160,5000,0.2,120,8,0.35,0.15,0.15,5
0.7705149035734321,0.928186346915654,0.9412409194976045,0.9412416069680433,0.9413331387464625,0.9455647157172241,0.799182813710439,0.941266650534027,0.9412804981528652,0.8964950399989944,0.8381877257849341,0.8274130998081368,0.9285246949626924,161,5000,0.2,120,8,0.35,0.15,0.15,5
0.7748113441174431,0.937383879307783,0.9468492635040763,0.946554764192529,0.946789432496954,0.9509005359035572,0.797736327525235,0.9552408594268507,0.9555890481520738,0.9143459698269457,0.8581014551614149,0.8446003506651742,0.9285246949626924,162,5000,0.2,120,8,0.35,0.15,0.15,5
0.7756808404057728,0.9356327755974013,0.948302845202241,0.9482692732627283,0.9483751917502554,0.9523989163134987,0.8056945469844693,0.9497742188904199,0.9500290515073064,0.8992002516128519,0.8396238018768677,0.8312583027971021,0.9285246949626924,163,5000,0.2,120,8,0.35,0.15,0.15,5
0.7685968871512069,0.9294565124354992,0.9402239910677166,0.940228958542222,0.9409358683756817,0.9463716228815632,0.7979890516861902,0.9336570852999437,0.9341571762429386,0.8853393205411949,0.8460303573830428,0.8334608318456384,0.9285246949626924,164,5000,0.2,120,8,0.35,0.15,0.15,5
0.7799921988616116,0.9374983386464544,0.9467433618090936,0.9470443316543229,0.9473256541880556,0.9502737140160453,0.8059724937639048,0.9472284770444279,0.947452494919629,0.8970870934499331,0.8536463098689216,0.8401345455596113,0.9285246949626924,165,5000,0.2,120,8,0.35,0.15,0.15,5
0.782076086051143,0.9327804654866432,0.9432419388328919,0.9432544928400313,0.9436406780120351,0.9477407569627911,0.80529452298559,0.9413063301289396,0.9417255941134062,0.9018943199693602,0.859512490041484,0.8391805780343135,0.9285246949626924,166,5000,0.2,120,8,0.35,0.15,0.15,5
0.7659950293720253,0.9378763973625088,0.9498507380748876,0.9497642051905909,0.9499135206512335,0.9537923158214721,0.7996404553790603,0.9516727955115033,0.9522887461209858,0.9071458349698172,0.8565447331696704,0.8375588927333889,0.9285246949626924,167,5000,0.2,120,8,0.35,0.15,0.15,5
0.7734088696131334,0.9391779534720625,0.9493836284966006,0.949372083393994,0.9494742282001067,0.9533927142966724,0.8039622987825591,0.9520323489861443,0.9521744124521172,0.9114765560058797,0.8525882163246968,0.8368353151773875,0.9285246949626924,168,5000,0.2,120,8,0.35,0.15,0.15,5
0.7731334164780876,0.9346525660552255,0.9466641434365902,0.9466932273969728,0.9469098832504981,0.9524150053191223,0.8023313545432045,0.9500885832583881,0.9503764751635261,0.9141426751014082,0.8483682178734496,0.8408893167637295,0.9285246949626924,169,5000,0.2,120,8,0.35,0.15,0.15,5
0.775228069379946,0.93070337673189,0.9422594668448611,0.9420251942800677,0.942260920148613,0.9477152660161098,0.8047363363045644,0.9446743732458018,0.9450046607451321,0.9074072082509673,0.8582434925175687,0.8401266079473819,0.9285246949626924,170,5000,0.2,120,8,0.35,0.15,0.15,5
0.7684182501611421,0.9309302544051086,0.940579041705102,0.9403306678287051,0.9405206240114877,0.9457767362587177,0.8024037302065657,0.9429948896359512,0.9433002997064511,0.8974582974636853,0.8468430170528353,0.8377421916660844,0.9285246949626924,171,5000,0.2,120,8,0.35,0.15,0.15,5
0.7668728277779455,0.937521976856532,0.9497985334725783,0.9497912058182748,0.9497961886232011,0.9534721308300894,0.800773292243756,0.9526968650047742,0.9529338901959796,0.902767107898928,0.843220048774821,0.8256228335179414,0.9285246949626924,172,5000,0.2,120,8,0.35,0.15,0.15,5
0.7833288475304223,0.9388532569792413,0.9503079933190169,0.9503189692197567,0.9505238845144357,0.9548532569792413,0.8137844905750418,0.9570653304700549,0.9572917203531377,0.9086759246003341,0.8509492722500597,0.8369858267716536,0.9285246949626924,173,5000,0.2,120,8,0.35,0.15,0.15,5
0.7646635783662352,0.9370280369715078,0.9477311759278972,0.9477401814315325,0.9482170815805637,0.9512541876815478,0.794928628936543,0.9443455959905932,0.9448673278859825,0.8918373429848839,0.8454095668793238,0.8370072362158286,0.9285246949626924,174,5000,0.2,120,8,0.35,0.15,0.15,5
0.775111591756605,0.9339878555822672,0.9412876590209933,0.9411557413185437,0.9413551767224686,0.9438194266841063,0.8044750693566576,0.9431998811376684,0.9435709849254309,0.891120935115294,0.8467390070611045,0.837175363346072,0.9285246949626924,175,5000,0.2,120,8,0.35,0.15,0.15,5
0.7744546758694072,0.9352260347937063,0.9463578555017726,0.9460964949782361,0.9460774941374489,0.9496474750257698,0.8035337803281128,0.946066113425519,0.9465478639096446,0.90286978011277,0.8606630739243545,0.8437350071490664,0.9285246949626924,176,5000,0.2,120,8,0.35,0.15,0.15,5
0.7881608136160025,0.9369310633662207,0.9488619090144739,0.9487140587220985,0.9491250508668342,0.9529368966243423,0.8155439940717377,0.9450121605381038,0.945558236785311,0.9045140455798503,0.8587605157778232,0.843192097708657,0.9285246949626924,177,5000,0.2,120,8,0.35,0.15,0.15,5
0.7796266110720161,0.9341831104919743,0.9451291051718663,0.9451508467652499,0.9455234458151621,0.9486226201931133,0.8068020070881584,0.9360520896663204,0.9365535425632581,0.8977728230880563,0.8519678735046172,0.8444224435476536,0.9285246949626924,178,5000,0.2,120,8,0.35,0.15,0.15,5
0.7809567976587078,0.9341190950052846,0.9469632117979369,0.9470070569438349,0.9470615253629683,0.9502943805588692,0.8133150947827753,0.9499161920316952,0.9501610101921615,0.9086514392024279,0.857265797386752,0.8463367670327768,0.9285246949626924,179,5000,0.2,120,8,0.35,0.15,0.15,5
0.7772368724420448,0.9303006251208658,0.9423941255169299,0.9422641144556085,0.9424749993178126,0.9462843728483911,0.806798619490151,0.9417403132366882,0.9416499481339903,0.901641243819284,0.8551125094962452,0.8368455104758267,0.9285246949626924,180,5000,0.2,120,8,0.35,0.15,0.15,5
0.7736673360385975,0.935144418793466,0.9485960270956243,0.9486380972684698,0.9488802795405856,0.9533493483837095,0.8042189996807736,0.9543473745322988,0.9548247442767078,0.910155141618846,0.8492671325203348,0.8389613594079196,0.9285246949626924,181,5000,0.2,120,8,0.35,0.15,0.15,5
0.7706075864384021,0.9259903961298832,0.9403830596682689,0.940385821316592,0.9404582907777611,0.9469836848483117,0.7967161144560386,0.9492001457007564,0.9495371620254309,0.8982364018579228,0.8495459707312892,0.8385607050773857,0.9285246949626924,182,5000,0.2,120,8,0.35,0.15,0.15,5
0.7757926862166115,0.9289689940287217,0.9432832534061183,0.943311714988588,0.9431387413981576,0.9472615501557768,0.8052538739615714,0.9463553793684576,0.9465619893745342,0.9095051048291831,0.8444802594009709,0.8368453680307815,0.9285246949626924,183,5000,0.2,120,8,0.35,0.15,0.15,5
0.7744494701127,0.933662640448754,0.9470954479136982,0.9471121081257505,0.9470546255227629,0.9506470933532086,0.8029632768980829,0.9493658158754283,0.9496183496160113,0.8941650773701222,0.8434899734264746,0.8346813003733934,0.9285246949626924,184,5000,0.2,120,8,0.35,0.15,0.15,5
0.776722238596935,0.9363211946990481,0.9481238158994352,0.9481532506058975,0.9483432834574166,0.952740987709419,0.802722034145055,0.943399147745918,0.943818691754583,0.8956090179985274,0.849570352727225,0.8431831208664623,0.9285246949626924,185,5000,0.2,120,8,0.35,0.15,0.15,5
0.7683013943447381,0.9379655345757111,0.9493950130356307,0.9493409249108601,0.9494825749363482,0.9526308768195476,0.8000575042168614,0.9430243939405987,0.9435161934053913,0.8994872818793297,0.8455070388675694,0.8372151624621739,0.9285246949626924,186,5000,0.2,120,8,0.35,0.15,0.15,5
0.7792407622700446,0.9353529641558556,0.9458972821953178,0.9458906477874836,0.9459607968938483,0.9501738409982208,0.8080446292712415,0.9492026807690762,0.9496503081682439,0.9139082164799471,0.8570209011164928,0.8389042846176571,0.9285246949626924,187,5000,0.2,120,8,0.35,0.15,0.15,5
0.7694716751003571,0.9312707515183175,0.9442759044367165,0.944236433485091,0.9446004646103734,0.9491113349391225,0.7999515644593612,0.9434944178230557,0.9439966450646832,0.898120599717625,0.8416153998259264,0.8304656683478616,0.9285246949626924,188,5000,0.2,120,8,0.35,0.15,0.15,5
0.774886203573282,0.9306798610098073,0.9408491028532209,0.9407010252081146,0.9406724236474643,0.9449617968284791,0.7934361809742227,0.9454251612424939,0.9459075614778111,0.8991735679490337,0.8474905478538068,0.8425422865465051,0.9285246949626924,189,5000,0.2,120,8,0.35,0.15,0.15,5
0.7799148882020561,0.9360661121429917,0.9486487584396007,0.9487815896182205,0.9492726832240682,0.9527933457159008,0.8067915201436965,0.9553602079096709,0.9556497544287256,0.9143576604288871,0.8531113280915429,0.8375878954284833,0.9285246949626924,190,5000,0.2,120,8,0.35,0.15,0.15,5
0.7801570063225298,0.9390791480022991,0.951145770492011,0.9511362700716174,0.951237805814574,0.9553169498583646,0.8111986403315014,0.9527519353148044,0.9531404629238177,0.913871365891274,0.8531404233387327,0.8439125462551718,0.9285246949626924,191,5000,0.2,120,8,0.35,0.15,0.15,5
0.7751680652495362,0.9340499859410092,0.9463044429970209,0.9462796271974835,0.9462605457261262,0.950331523262983,0.8047761812617183,0.9459073902044228,0.9465326297114921,0.8997198484080912,0.8418731321414631,0.8392888286191224,0.9285246949626924,192,5000,0.2,120,8,0.35,0.15,0.15,5
0.7717884490252118,0.9360262205866786,0.9482912409168177,0.9483007755340942,0.9484535239945454,0.9518156440886929,0.7957230625657694,0.9484649071600695,0.9491173473994234,0.9002392994352393,0.8429208774649904,0.8363888862944352,0.9285246949626924,193,5000,0.2,120,8,0.35,0.15,0.15,5
0.7778974870966946,0.9363177210437487,0.9456230162601937,0.9456012032899068,0.9453570355819656,0.9495300926137451,0.8062505164613742,0.9505572673496877,0.951086968803817,0.9024520038504805,0.850236371044913,0.8354035512498194,0.9285246949626924,194,5000,0.2,120,8,0.35,0.15,0.15,5
0.7687827769691608,0.9351711351941576,0.9463756071633281,0.9462342954460804,0.9466364665304229,0.9515259550944369,0.8026690173234756,0.9439142046022442,0.9444171505389598,0.8995341767545526,0.8392682363544712,0.829913710114381,0.9285246949626924,195,5000,0.2,120,8,0.35,0.15,0.15,5
0.7795465924296894,0.9332215400588323,0.9444611488445377,0.9444651168973478,0.9447212547062346,0.9497464959861658,0.8108600843746909,0.9484085677799469,0.948749919522929,0.9094012198389546,0.8455949306538131,0.8366471699698557,0.9285246949626924,196,5000,0.2,120,8,0.35,0.15,0.15,5
0.7749186944096468,0.9362331223167202,0.9479820553431791,0.9478843580539882,0.947998544739306,0.9528976110486961,0.8059572661572492,0.9443352299951456,0.9446614912838291,0.8956042034044217,0.8403470932101719,0.8266364939311873,0.9285246949626924,197,5000,0.2,120,8,0.35,0.15,0.15,5
0.7799059957582922,0.9367708576973406,0.9456243757546258,0.9460256904627949,0.9461959751186857,0.9501835399927935,0.8067029137245482,0.9541603386096554,0.9541984649885266,0.9007284904008446,0.8482734084113508,0.8344367923902118,0.9285246949626924,198,5000,0.2,120,8,0.35,0.15,0.15,5
0.766614663152477,0.934616590865017,0.9478868262968859,0.9476010726421583,0.9475165787483579,0.9517927130079816,0.799646788141634,0.9448647026856443,0.9453600285792773,0.9036312913356304,0.8442188818230653,0.8279422675911837,0.9285246949626924,199,5000,0.2,120,8,0.35,0.15,0.15,5
