covariates_only,core1_ptau217,core2_ptau217_ab,core3,core4_hypothesis,core5_hypothesis,gfap_nfl_only,full_panel,full_panel_enet,broad_no_ptau,discovery_only,extras_only,oracle_core5,rep,n_train,prevalence,n_extra,n_informative,d_extra,rho_core_extra,rho_extra,condition
0.7757935457892314,0.9344167050161067,0.94501955821445,0.9435878777419849,0.9434391777880043,0.9490115431814695,0.8016897722043258,0.9070431622948305,0.9106255752416015,0.8416860331339162,0.7368983931584598,0.710915592882344,0.9285246949626924,0,1000,0.2,120,0,0.35,0.15,0.15,0
0.7739366108521555,0.9320769383205204,0.9449315921040832,0.9451243444770391,0.944437799508196,0.948599596913245,0.8104949827778019,0.9076430647391036,0.9120441782925979,0.8484530243861285,0.7482472873155255,0.715247155696566,0.9285246949626924,1,1000,0.2,120,0,0.35,0.15,0.15,0
0.7702697483675744,0.9365510033444816,0.9459358576206403,0.9458067566491479,0.9456906951743909,0.9505093366778149,0.8026743908265648,0.9185129996814779,0.9201257166746297,0.846468386685778,0.7358119326325848,0.7029383659818442,0.9285246949626924,2,1000,0.2,120,0,0.35,0.15,0.15,0
0.7728202089444347,0.932965963546597,0.9436927941462119,0.9437556397540268,0.943658273319384,0.9470323645045253,0.7977702102967463,0.9084204754727558,0.9112712466591757,0.8381013545244658,0.7447112077126018,0.7202526609804013,0.9285246949626924,3,1000,0.2,120,0,0.35,0.15,0.15,0
0.7676506235359974,0.9262855611243191,0.9402249904388211,0.9401070910116788,0.9400859891437665,0.9447970295539404,0.7962740489906,0.899821205228346,0.9039359726736619,0.8380641688443697,0.7347622008241538,0.7202842866876543,0.9285246949626924,4,1000,0.2,120,0,0.35,0.15,0.15,0
0.7745116326830814,0.9328098091529174,0.944040776202637,0.9440765016473237,0.9439303787219251,0.9487865989366897,0.8036736494293348,0.9040707387231316,0.9091662998951956,0.8433649113076791,0.7294553070294497,0.6943722370736605,0.9285246949626924,5,1000,0.2,120,0,0.35,0.15,0.15,0
0.7779335934983367,0.9352664085444325,0.9481120883230593,0.9483072317176076,0.9481826031480647,0.9521406650942581,0.8021419811090981,0.9215995944317251,0.9249860738131117,0.8457052150328964,0.7384076770413158,0.7160261930165575,0.9285246949626924,6,1000,0.2,120,0,0.35,0.15,0.15,0
0.7816487874682514,0.9361561403551908,0.9472155904315349,0.9472477508599473,0.9476891453636612,0.9510022595897333,0.8110766613147911,0.8947914366712482,0.9006234894064827,0.8258122352235371,0.7383531795304282,0.7111062154699529,0.9285246949626924,7,1000,0.2,120,0,0.35,0.15,0.15,0
0.7846409073079492,0.9375337816660181,0.9471402679805989,0.947102910726627,0.9475327147350212,0.9525748682887865,0.8095405928126794,0.9049604076673906,0.9103709506863711,0.8393651770347552,0.7448551384462766,0.7103478908945214,0.9285246949626924,8,1000,0.2,120,0,0.35,0.15,0.15,0
0.7791722018029077,0.9423173770395973,0.9535670147286992,0.9531511914243751,0.9531926958122949,0.9559290625707876,0.8150210810139347,0.9163690480539947,0.9193004659500827,0.8587651470312427,0.758840215413619,0.7288443317525618,0.9285246949626924,9,1000,0.2,120,0,0.35,0.15,0.15,0
0.7884758745628293,0.9359268606512664,0.9448348812126297,0.9448593557098555,0.9450019246306863,0.9488603390672968,0.8071073343004408,0.8991578086729062,0.9039722208487099,0.8342576103996318,0.7389012880848298,0.6964323644781922,0.9285246949626924,10,1000,0.2,120,0,0.35,0.15,0.15,0
0.7782148054298642,0.9393659366515837,0.9495844102564103,0.949751891402715,0.9497333574660634,0.9524759939668175,0.802763294117647,0.9107027209653092,0.9143546787330317,0.8309412488687783,0.7243900331825037,0.7057645852187029,0.9285246949626924,11,1000,0.2,120,0,0.35,0.15,0.15,0
0.7818247102819202,0.934403855990347,0.9436496199898293,0.9424466468840035,0.941707586016526,0.9461414575927052,0.811363352078389,0.909290792808146,0.9121727945238018,0.8343133343620555,0.7512360215462998,0.7141590773724461,0.9285246949626924,12,1000,0.2,120,0,0.35,0.15,0.15,0
0.7638569604086846,0.9304851193931654,0.942044970780603,0.9421376601261658,0.9421484964588412,0.9460450288323852,0.7913623785750222,0.9064858353651457,0.9094814040791053,0.8358492008204652,0.726310615735903,0.7028033205619413,0.9285246949626924,13,1000,0.2,120,0,0.35,0.15,0.15,0
0.7727285664976662,0.9351846543816305,0.9446903772383002,0.944570411923009,0.9448892169923002,0.9498952884198694,0.8063299793824021,0.9139155155541997,0.91618272972506,0.8310163758167564,0.750123773737999,0.7141621409910157,0.9285246949626924,14,1000,0.2,120,0,0.35,0.15,0.15,0
0.7808047747780819,0.9392249748271053,0.9489907948714001,0.9489029709739059,0.9487667945935214,0.9524060590200274,0.8037963803923379,0.910183289460856,0.9135341165251419,0.8325723244597646,0.7324975853362116,0.6957100295680366,0.9285246949626924,15,1000,0.2,120,0,0.35,0.15,0.15,0
0.7650224672571404,0.9352591653738465,0.9465801945102015,0.9465588513885198,0.9474552624991501,0.9516557047363574,0.7978081096908975,0.9074021422699656,0.9110643708549919,0.8456691425975487,0.7256028804136201,0.6911810607512161,0.9285246949626924,16,1000,0.2,120,0,0.35,0.15,0.15,0
0.766383050193147,0.9352216364725671,0.9464306287742624,0.9465251843105994,0.9466693739831896,0.9513545356325469,0.794232413096393,0.9199612954008207,0.9228277419726811,0.8391165123746926,0.7316287266337277,0.7092668937804416,0.9285246949626924,17,1000,0.2,120,0,0.35,0.15,0.15,0
0.7752488940732353,0.935524302323038,0.9475246726715462,0.9472455129951076,0.9476443268011967,0.9511302770792127,0.804129585622168,0.91380288290545,0.9176905434584698,0.851429222634686,0.751419244798666,0.7201665449650331,0.9285246949626924,18,1000,0.2,120,0,0.35,0.15,0.15,0
0.7773387490078516,0.93413412800758,0.9447387371543653,0.9440213300773692,0.9440314016670031,0.9473599651987842,0.8094994652373273,0.9009215117146145,0.9055649019046538,0.8364473590936189,0.7369872156664351,0.7121580356371578,0.9285246949626924,19,1000,0.2,120,0,0.35,0.15,0.15,0
0.7818129324927814,0.934577130390469,0.9440416014198836,0.9438993738234924,0.9435570341278311,0.9472703604683921,0.8043048633829427,0.9034479395803384,0.9069094531272889,0.8231755154432508,0.7251469440175758,0.6959620034363728,0.9285246949626924,20,1000,0.2,120,0,0.35,0.15,0.15,0
0.76843019857289,0.9376538951682221,0.9485918444792588,0.9484641713977727,0.9485606136793261,0.9529184887906963,0.7979157074817211,0.9083662795356943,0.9133335480860038,0.8333232831702523,0.7232640782160653,0.6853593152637294,0.9285246949626924,21,1000,0.2,120,0,0.35,0.15,0.15,0
0.7706353307573311,0.9317129608184436,0.9406661985094971,0.9406375278648922,0.9405655586957822,0.9446934488844827,0.8007381423236153,0.8966577342330715,0.900182760731476,0.8241410923379068,0.7314776664942853,0.7046653477520021,0.9285246949626924,22,1000,0.2,120,0,0.35,0.15,0.15,0
0.7681383075898911,0.9268207936222899,0.9391622010204929,0.9391547999350263,0.9394440265644434,0.9450159727110293,0.7965279949953081,0.8998071238174331,0.90376514641879,0.8475602321759464,0.7440287847690336,0.7202960356280463,0.9285246949626924,23,1000,0.2,120,0,0.35,0.15,0.15,0
0.7761526045784013,0.9321940691979939,0.9432968105959793,0.9431878555591906,0.9440911248312313,0.9480060355075054,0.804853185270909,0.9036762768307842,0.9092811063234282,0.849122984719905,0.7483696523257389,0.7229435440211336,0.9285246949626924,24,1000,0.2,120,0,0.35,0.15,0.15,0
0.7749340089203209,0.936805762620208,0.947409901736953,0.9473736623866342,0.9476805795653396,0.9536954373103446,0.8024554151547911,0.9089655861219417,0.9117247317243645,0.8359628236730204,0.7369709091287118,0.7066344923415954,0.9285246949626924,25,1000,0.2,120,0,0.35,0.15,0.15,0
0.7722617003565855,0.933661548437926,0.9447458982917347,0.943898609329793,0.9441175467861902,0.9499122993069126,0.8058169580284728,0.9091208419105626,0.913281357561071,0.8422592334131747,0.7317189486697765,0.7022969526058234,0.9285246949626924,26,1000,0.2,120,0,0.35,0.15,0.15,0
0.7722653956278138,0.9360970347006213,0.94672119979344,0.9468982789093051,0.947216458854077,0.9505031868907148,0.7980926659086336,0.9139755279765123,0.9180321525634529,0.8368154852098693,0.7307927102753891,0.7048707909162099,0.9285246949626924,27,1000,0.2,120,0,0.35,0.15,0.15,0
0.7795737116493323,0.9309559444062181,0.942792177249063,0.9423586667357552,0.9428554414657375,0.946537519295586,0.8014152305689481,0.8944822155249182,0.8973447707003529,0.8416832057404544,0.7376384733199736,0.7170164474913027,0.9285246949626924,28,1000,0.2,120,0,0.35,0.15,0.15,0
0.7764190602293516,0.9407349551387323,0.949893675754329,0.9498301229415517,0.9501031466050321,0.9535664824804779,0.8082078457701899,0.9216161831194372,0.924702393484706,0.8501278464252128,0.7431930258780816,0.7157619943262544,0.9285246949626924,29,1000,0.2,120,0,0.35,0.15,0.15,0
0.7773326479487465,0.9352873250206565,0.9456533149668858,0.9453593988655516,0.9454526579118728,0.9500644775420983,0.807570368453612,0.9116312914993072,0.915723843210141,0.8401809167393306,0.7494013214700337,0.725568938287884,0.9285246949626924,30,1000,0.2,120,0,0.35,0.15,0.15,0
0.7632250064548225,0.9314228239376307,0.9436398547507494,0.9436138780258948,0.9432149778646818,0.9472215924834378,0.7976049066097383,0.9313109469067231,0.9351857099675055,0.8504497318887125,0.7395079614725811,0.6963084712461272,0.9285246949626924,31,1000,0.2,120,0,0.35,0.15,0.15,0
0.775355181475227,0.9346846090509503,0.946464664457304,0.9464674872398063,0.9471351239702805,0.9525200196115248,0.8012541135971389,0.9043758092990437,0.9064650577001078,0.8355169502735714,0.7502099322814477,0.722598349879219,0.9285246949626924,32,1000,0.2,120,0,0.35,0.15,0.15,0
0.7727155942381514,0.9315648398008437,0.9433971532818973,0.9434120709969215,0.943809053247691,0.947437478621109,0.8019343620538938,0.9091956786135077,0.9134603397818403,0.8502910379689104,0.7574260765459314,0.7295310896583178,0.9285246949626924,33,1000,0.2,120,0,0.35,0.15,0.15,0
0.7877014618527333,0.9354214204316106,0.9467835594445134,0.9467842239748101,0.9470013355160306,0.95166719259493,0.814700948075881,0.907429220878099,0.9108675006332024,0.8383723716402772,0.7339284297073143,0.7199664583079388,0.9285246949626924,34,1000,0.2,120,0,0.35,0.15,0.15,0
0.7747915698107026,0.9361141906340715,0.9477391174273057,0.9477791095673119,0.9478225625655881,0.9511728656406375,0.8002200336779963,0.9091902514544257,0.9129421102237214,0.8442832966290087,0.7250809552430272,0.6921982833373902,0.9285246949626924,35,1000,0.2,120,0,0.35,0.15,0.15,0
0.7841371047134201,0.9386542692996601,0.951070131543301,0.9509724805246591,0.9501883016379593,0.9537608531344971,0.8116620423782421,0.9129793344953708,0.915949976229308,0.8556271375534864,0.7665325139080829,0.7373708915058851,0.9285246949626924,36,1000,0.2,120,0,0.35,0.15,0.15,0
0.7776429041867245,0.9396237616349352,0.9502317431579738,0.9501551029921008,0.9502279111496801,0.9536012575275628,0.8035219300430531,0.9116515749406702,0.9158537159328322,0.8362729258493622,0.7402043796710585,0.7214077894509922,0.9285246949626924,37,1000,0.2,120,0,0.35,0.15,0.15,0
0.7682388774779748,0.9343441934563217,0.9452817105142085,0.9452371650610809,0.9452651399955396,0.949517427506905,0.797489059558733,0.8938583224552752,0.8996997227069912,0.8169975311876656,0.7218954256011004,0.6944694626785132,0.9285246949626924,38,1000,0.2,120,0,0.35,0.15,0.15,0
0.7777282415818476,0.9352978980960531,0.9450977171837828,0.9448778618922445,0.94472614718113,0.9492378883758285,0.8029417123339595,0.9024770459913003,0.9057552679608912,0.8243593062512382,0.7364723233249186,0.7065422043050675,0.9285246949626924,39,1000,0.2,120,0,0.35,0.15,0.15,0
0.784130335640986,0.9323665001998247,0.9456798188363759,0.945681631761809,0.944835902047236,0.9471746765741027,0.8108749137853238,0.9103827649610664,0.9134414723210602,0.8427751497073536,0.7391403752191625,0.7169929731010211,0.9285246949626924,40,1000,0.2,120,0,0.35,0.15,0.15,0
0.7700469722181269,0.9347518304236195,0.9447545670582468,0.9447370783899756,0.9442670337919175,0.9492517927594764,0.7926732054745589,0.9081085770779835,0.9117145646117872,0.8424895304917862,0.732153522369228,0.7034647787502715,0.9285246949626924,41,1000,0.2,120,0,0.35,0.15,0.15,0
0.7746397106980024,0.9324200743406635,0.9468387309818888,0.9461546772273861,0.9460422098163682,0.9502035040240309,0.8022157752714174,0.9201177336016021,0.9227272136892617,0.8561390282185949,0.7432034457731933,0.7036316445313484,0.9285246949626924,42,1000,0.2,120,0,0.35,0.15,0.15,0
0.7732538584562251,0.9333591381391104,0.9445998292761899,0.944637015669306,0.9449698289818386,0.9494952854717962,0.8013224227082291,0.9101366771651999,0.9144454910271883,0.8456889294439702,0.7309600761388946,0.7022483540851068,0.9285246949626924,43,1000,0.2,120,0,0.35,0.15,0.15,0
0.7808571172810383,0.9295263201166709,0.9424514460158686,0.9425692964244167,0.9427524592028202,0.949080171318188,0.8032420676205858,0.8986847625472746,0.9025800691235387,0.8362588152489785,0.7294997917687973,0.7100201853641894,0.9285246949626924,44,1000,0.2,120,0,0.35,0.15,0.15,0
0.768112489020115,0.9338136852972465,0.9445740708149549,0.943951320807491,0.9438407362769116,0.947994334457904,0.8003262734702408,0.8969941435375421,0.9009766597893434,0.8219477098199063,0.728298227819061,0.6989467756457901,0.9285246949626924,45,1000,0.2,120,0,0.35,0.15,0.15,0
0.7759712234750636,0.9297326301382923,0.9411807578164919,0.9410902451583114,0.9413269175387333,0.9447890513367311,0.8026735410324707,0.8967679988212671,0.8997884032700382,0.8256293830680856,0.7221166843095765,0.7036871646156374,0.9285246949626924,46,1000,0.2,120,0,0.35,0.15,0.15,0
0.7721926690745393,0.9330616393856538,0.9449358850009854,0.9444024272711598,0.9444850824280717,0.9485563540742931,0.7995395944181692,0.910244101173761,0.9131540630542418,0.8515090002709627,0.7503086818898413,0.7111434162232733,0.9285246949626924,47,1000,0.2,120,0,0.35,0.15,0.15,0
0.7713771342383107,0.9345859185520362,0.9471564645550528,0.9471419849170437,0.9472855263951735,0.9525322714932126,0.806366407239819,0.9202309019607843,0.923479843137255,0.8447409230769231,0.7307002594268477,0.7007310769230769,0.9285246949626924,48,1000,0.2,120,0,0.35,0.15,0.15,0
0.7792738120916863,0.9302440541444555,0.9443251990227255,0.9441381430121976,0.9444905798344836,0.9473936241877648,0.8056102289368868,0.9074042192540887,0.9102637222389163,0.853173062903241,0.7517204330952977,0.7367013345715887,0.9285246949626924,49,1000,0.2,120,0,0.35,0.15,0.15,0
0.7771285143573705,0.9371538901392842,0.9497109414265119,0.9496762367088623,0.9500384732077657,0.9540869083037911,0.8060146640410288,0.9213914111495779,0.927074621103314,0.8491841603438709,0.7430543458574104,0.7092667556491782,0.9285246949626924,50,1000,0.2,120,0,0.35,0.15,0.15,0
0.7810493827160494,0.933791727582846,0.9445929783950617,0.9447057748538011,0.9447364359974009,0.9504193063677713,0.8066204718973359,0.8898380644899285,0.895301839668616,0.8406954597141001,0.73906341374269,0.7151851851851851,0.9285246949626924,51,1000,0.2,120,0,0.35,0.15,0.15,0
0.7843036746833676,0.9363551379675239,0.9443134062292733,0.9443645470993125,0.9442362515062661,0.9482620923276969,0.8126476397010417,0.9020318297227781,0.9077783292583224,0.8208639772087116,0.7301820506582343,0.7066504513649833,0.9285246949626924,52,1000,0.2,120,0,0.35,0.15,0.15,0
0.7808196108202194,0.934621539742217,0.946057315158241,0.9457282602185876,0.9460493557172228,0.9511791183870756,0.8073905545313438,0.910723221018826,0.9157826105821156,0.8469434436094473,0.7472357201076155,0.714131434249533,0.9285246949626924,53,1000,0.2,120,0,0.35,0.15,0.15,0
0.7817868462398205,0.9385680729357794,0.9475529068474179,0.9475431549274842,0.9470251329406105,0.950806049818073,0.7992528273985261,0.9141840797761661,0.9170099911345296,0.8393215160217706,0.7403902386792156,0.7169168798030034,0.9285246949626924,54,1000,0.2,120,0,0.35,0.15,0.15,0
0.7793322065994194,0.9299129631008214,0.9411369737772649,0.9411145825578798,0.941515298146356,0.9459682428534206,0.8044760919935978,0.902967311533785,0.9055341595014764,0.836130975644557,0.7451909282798581,0.71281118948361,0.9285246949626924,55,1000,0.2,120,0,0.35,0.15,0.15,0
0.7761382438770694,0.935528791979274,0.9462409107106741,0.9461929481561383,0.9461322726353402,0.9497176180524121,0.806396548237039,0.9039257061956448,0.908640290472017,0.8415029230191369,0.7378349433213588,0.7017710510348547,0.9285246949626924,56,1000,0.2,120,0,0.35,0.15,0.15,0
0.7876122623390651,0.9334170506419756,0.9455536954993768,0.9457740249510295,0.9458537416444046,0.9502957055760004,0.8163852588560664,0.9021270167756834,0.9054016090553434,0.8452552160977663,0.7554116450815737,0.7101507926489975,0.9285246949626924,57,1000,0.2,120,0,0.35,0.15,0.15,0
0.7723057270369437,0.9343510326691716,0.9457670678198814,0.9458195582056004,0.9456120916353548,0.9505345766741554,0.8004318413780847,0.9202690233026605,0.9240918971349653,0.8485305954655216,0.7348373796031765,0.7138188665224189,0.9285246949626924,58,1000,0.2,120,0,0.35,0.15,0.15,0
0.7758041106089206,0.9369250399203849,0.9486350863207819,0.9486815117856006,0.9487860944201705,0.9521955083613466,0.8063221857068729,0.9064176938175419,0.9096712866521776,0.8365369410832776,0.7377806522126046,0.707083392869229,0.9285246949626924,59,1000,0.2,120,0,0.35,0.15,0.15,0
0.7790555214752366,0.9364764959113918,0.9472254134964244,0.9469691994610331,0.9471662128919408,0.9502862682411259,0.8103158550228381,0.9128644362170949,0.9162294063019575,0.8434418285009673,0.7496516532130959,0.7206950247541581,0.9285246949626924,60,1000,0.2,120,0,0.35,0.15,0.15,0
0.7747677874565587,0.9362868603537429,0.9467438065868923,0.9466532028423689,0.946472298714074,0.9509493978086837,0.8079363419708903,0.9146712944686414,0.9176341178107547,0.8510227706625075,0.7403334096454157,0.7092083942751377,0.9285246949626924,61,1000,0.2,120,0,0.35,0.15,0.15,0
0.7693821764169517,0.933207725949257,0.9470193958180074,0.946971876420999,0.9467395170448458,0.9510423555907904,0.7986994540983099,0.9146711614873857,0.9170517975711779,0.844619380581327,0.7282690416842246,0.7003990581826925,0.9285246949626924,62,1000,0.2,120,0,0.35,0.15,0.15,0
0.780963263541928,0.9394405822074332,0.9512368279475836,0.9512058263806588,0.9513642234541109,0.956055129358773,0.8062649282263884,0.9216036163577026,0.9242072495619159,0.8608570926451424,0.7465983754979565,0.7254290900960361,0.9285246949626924,63,1000,0.2,120,0,0.35,0.15,0.15,0
0.7633060225394429,0.9258153823388477,0.9369349015056639,0.936908269898459,0.937168581753611,0.9407810866393004,0.7936401978834942,0.9048738359082386,0.907694171532342,0.8372436925701496,0.7391519295422578,0.7074747464574151,0.9285246949626924,64,1000,0.2,120,0,0.35,0.15,0.15,0
0.773163224528318,0.9385412402710954,0.9510780292254815,0.9506476354050135,0.9504188748137018,0.9541386637385311,0.8091944347609209,0.914919077459146,0.9196477410802602,0.838023026676724,0.7432608749343579,0.7022689001798099,0.9285246949626924,65,1000,0.2,120,0,0.35,0.15,0.15,0
0.7851930692992811,0.9364002980697319,0.9460403390794296,0.9455422041399089,0.9451820751772348,0.9494226927023135,0.808785717376121,0.9132327740727234,0.9152692555519157,0.8498479519874406,0.7602300189750975,0.7336318537495905,0.9285246949626924,66,1000,0.2,120,0,0.35,0.15,0.15,0
0.7794714505858563,0.9369706518211584,0.946253418949243,0.9458752816795811,0.9461497329053543,0.9514223341749904,0.8068057467612694,0.905969932656367,0.9087161545772863,0.8462793555454786,0.7532681468930542,0.7237343187429671,0.9285246949626924,67,1000,0.2,120,0,0.35,0.15,0.15,0
0.7759365435253843,0.9294049490856637,0.9427504667081519,0.9416567308103384,0.9419834067240809,0.945031854117878,0.7993660646566944,0.894553052722583,0.8992781263904261,0.8353714703958983,0.7456865122531672,0.7239557850434881,0.9285246949626924,68,1000,0.2,120,0,0.35,0.15,0.15,0
0.7781962447049673,0.9377586572212427,0.9473436022014655,0.9470429766401413,0.9468883279138831,0.9505791811595649,0.807125577367289,0.9170111575442708,0.9205289583834978,0.8518988406548665,0.7485322101499862,0.7193152597631283,0.9285246949626924,69,1000,0.2,120,0,0.35,0.15,0.15,0
0.7809703179837788,0.9312624221175104,0.9429175267453718,0.9430726797915157,0.9432173007641312,0.9471524930149435,0.8001417149004754,0.9109267434799395,0.9147945499640106,0.8485719922324008,0.7326079140145914,0.706190352991221,0.9285246949626924,70,1000,0.2,120,0,0.35,0.15,0.15,0
0.7740036778034959,0.9323485530551643,0.9427859400507103,0.9426192993362861,0.9427905255973016,0.9485485086436578,0.7983227826735805,0.9251336345354491,0.9277647626306442,0.8564285850876464,0.7528635274990351,0.7225364785109579,0.9285246949626924,71,1000,0.2,120,0,0.35,0.15,0.15,0
0.7643121738651943,0.9250078734810621,0.940116273851184,0.9402284733954392,0.9395187868868198,0.9438109560610974,0.7966719859007125,0.8914073296157234,0.8959921932532755,0.8300964252639811,0.7363434617325405,0.7056649842588918,0.9285246949626924,72,1000,0.2,120,0,0.35,0.15,0.15,0
0.76746572265625,0.934126953125,0.944007421875,0.94229404296875,0.943051171875,0.94874228515625,0.78972236328125,0.91225732421875,0.91509658203125,0.8391505859375,0.73467236328125,0.70241259765625,0.9285246949626924,73,1000,0.2,120,0,0.35,0.15,0.15,0
0.7698721824021959,0.9389928486072542,0.950534290428346,0.9504337159932066,0.9502934121543354,0.9538290288642625,0.8094849998483878,0.9230847750420086,0.9263989278464992,0.8513795059723701,0.752131052191727,0.7135500984278464,0.9285246949626924,74,1000,0.2,120,0,0.35,0.15,0.15,0
0.7792259671739604,0.9277386641999418,0.940799385276491,0.9407925332628555,0.9378291352514078,0.9442310694769711,0.8030139071405323,0.9157755378218917,0.9171870526308061,0.8518313719444301,0.7556823504364488,0.72238626269152,0.9285246949626924,75,1000,0.2,120,0,0.35,0.15,0.15,0
0.785331820365441,0.935732500990166,0.9477951329544014,0.9476195719473827,0.9476294424625152,0.9516796118951782,0.8051570854151257,0.9143036126372877,0.9179439161163375,0.8367603666043483,0.737943764704552,0.7097509860692532,0.9285246949626924,76,1000,0.2,120,0,0.35,0.15,0.15,0
0.7742789594222909,0.9388563538765715,0.9488217342231281,0.9484275374570091,0.9485337915369311,0.9516485232444009,0.7973490096258761,0.9130762375958635,0.9166325205581098,0.8528979772980233,0.7423494127260688,0.7150635411138715,0.9285246949626924,77,1000,0.2,120,0,0.35,0.15,0.15,0
0.7676832295550268,0.9316240233086489,0.9435193177244753,0.9427113711579752,0.9421425416682473,0.9464394326293974,0.7954959002441003,0.9000104443062489,0.902273182288446,0.8429318718195942,0.7443421067131144,0.7180446893433262,0.9285246949626924,78,1000,0.2,120,0,0.35,0.15,0.15,0
0.7853573903465008,0.9389883734999395,0.9499427238914441,0.9499585357115359,0.950168214195361,0.9532654649421504,0.8128343070533681,0.9160167452085275,0.9184545153844099,0.8389538624839132,0.7470261993020014,0.7249727368865996,0.9285246949626924,79,1000,0.2,120,0,0.35,0.15,0.15,0
0.7837353705318458,0.936577069547038,0.9447296339868116,0.9447016465886945,0.9442655661259901,0.9466828444803234,0.8073110250205402,0.9177555927343553,0.9226022547190239,0.8388628942882078,0.7491743233344399,0.724011231371917,0.9285246949626924,80,1000,0.2,120,0,0.35,0.15,0.15,0
0.7766467547443533,0.9318615295612158,0.9433698083237196,0.9432011824427977,0.9425938764299042,0.9453288442932538,0.8017523671563074,0.9043965162709874,0.9093918878114704,0.8255710159534282,0.7279140696514356,0.7009669926021472,0.9285246949626924,81,1000,0.2,120,0,0.35,0.15,0.15,0
0.7534295501986806,0.9233170816857428,0.936364011045625,0.9355362195160387,0.9359705773254362,0.9410395397494612,0.7883423561898897,0.899613209171069,0.9048757367184602,0.8273338974133939,0.7152273978049366,0.6877499751497681,0.9285246949626924,82,1000,0.2,120,0,0.35,0.15,0.15,0
0.7758355260117561,0.9330330558301797,0.945123490026916,0.9452373129237643,0.9454559701281822,0.94984210859017,0.8000848835474523,0.89814374884162,0.9037090534341345,0.8339769456363281,0.7296680797315226,0.7119631968074094,0.9285246949626924,83,1000,0.2,120,0,0.35,0.15,0.15,0
0.7770252901470174,0.9341804365526457,0.9469116943167013,0.9468775195194884,0.9466781499299167,0.9487250509035099,0.8010238689537013,0.9133148796070716,0.9160725765087027,0.8444611321960864,0.7520322546319305,0.7296753613461722,0.9285246949626924,84,1000,0.2,120,0,0.35,0.15,0.15,0
0.7730031401372943,0.931772840288853,0.9417296510188111,0.941215243038702,0.9413475844716743,0.945690483501897,0.8014837891650405,0.8971748670146903,0.9015998850927678,0.8160967201909838,0.7295490881714891,0.6986780715396579,0.9285246949626924,85,1000,0.2,120,0,0.35,0.15,0.15,0
0.7782442351874161,0.9391402353809848,0.9470693283910897,0.9471479656368895,0.9475735433864906,0.952306900681744,0.8088709057410653,0.9034900497541561,0.9071959519184951,0.838443388402821,0.7414973234066982,0.709467182901648,0.9285246949626924,86,1000,0.2,120,0,0.35,0.15,0.15,0
0.7756271057026962,0.9319998091147698,0.9457434502505369,0.9453237890718206,0.9447183011214507,0.9479833929849678,0.8039171558100692,0.8978281078501551,0.9009941302791696,0.843720448580291,0.746370794559771,0.7134837508947746,0.9285246949626924,87,1000,0.2,120,0,0.35,0.15,0.15,0
0.7756420901932713,0.9360154617036507,0.9480756859937962,0.9481462180863756,0.9485307563827249,0.9513738964447626,0.8055239322357433,0.9236218563588642,0.9253977570985445,0.8623659269863995,0.7405793366738249,0.7197516583154379,0.9285246949626924,88,1000,0.2,120,0,0.35,0.15,0.15,0
0.7780724609375,0.93869443359375,0.94981669921875,0.94993291015625,0.95008173828125,0.95382451171875,0.805645703125,0.906842578125,0.911684375,0.83857998046875,0.71081435546875,0.6952275390625,0.9285246949626924,89,1000,0.2,120,0,0.35,0.15,0.15,0
0.7813538845191281,0.9345443372520121,0.9452394441780734,0.9444608604002915,0.9439150966109785,0.9481568531995439,0.8110220552316878,0.914011457999382,0.915904812126332,0.8514951721235037,0.7497951056609484,0.7287109706563455,0.9285246949626924,90,1000,0.2,120,0,0.35,0.15,0.15,0
0.7920133325593096,0.9369993033786137,0.9468302759394713,0.9461421688145826,0.9463407059096715,0.9505138550253492,0.8190770734161539,0.8978586632609621,0.900741418011533,0.842621811989628,0.7440791052285305,0.7181815279229072,0.9285246949626924,91,1000,0.2,120,0,0.35,0.15,0.15,0
0.7722532062472764,0.9332498543273947,0.9448213050486819,0.9446569762968342,0.9444827878198756,0.9481810547121946,0.8002630419997224,0.9033195954496789,0.9078875480951591,0.8384817531287228,0.7469666845688342,0.724350988427776,0.9285246949626924,92,1000,0.2,120,0,0.35,0.15,0.15,0
0.7717892025823438,0.9330472067358506,0.946385016008307,0.9463687913728205,0.9458772235476633,0.9491884012398711,0.7959715388989499,0.9116149461342102,0.9138372383198077,0.8337043431031392,0.7283751684271684,0.7095983398334889,0.9285246949626924,93,1000,0.2,120,0,0.35,0.15,0.15,0
0.7690511485658807,0.932914799422369,0.9458007624910452,0.9441162509478079,0.9445748146069475,0.9485259099275642,0.797812237685522,0.9042650350564893,0.9076410343631904,0.8333048880409998,0.7251551987923082,0.6966368035312644,0.9285246949626924,94,1000,0.2,120,0,0.35,0.15,0.15,0
0.7804162592268546,0.9402940818684995,0.9504356291884423,0.9504222752998679,0.9504376761348661,0.9536687323280292,0.8087945396047093,0.9211892485796142,0.9233902033534052,0.85364284332945,0.7574620944511766,0.7347993758567933,0.9285246949626924,95,1000,0.2,120,0,0.35,0.15,0.15,0
0.7806483902371218,0.9369057888814171,0.9475496969859849,0.9461340794563083,0.9461052355108149,0.9503496270123452,0.8076683745629478,0.9127842765254288,0.9160595902131804,0.842919023034893,0.7522517720076105,0.7346148314386405,0.9285246949626924,96,1000,0.2,120,0,0.35,0.15,0.15,0
0.781569276192256,0.9331758258280777,0.945337858597791,0.945004366449517,0.9450397441118303,0.9506190321825211,0.804185600445451,0.9129574918160316,0.9153701907048268,0.8638744462146094,0.7394681276103043,0.7183824640618709,0.9285246949626924,97,1000,0.2,120,0,0.35,0.15,0.15,0
0.7726305404185185,0.9309210460057326,0.9439621150814254,0.9439008241093937,0.9440137184350295,0.9488215587684984,0.8023518660031639,0.8891367171385193,0.892667230594765,0.831295208686168,0.7334289689908926,0.7031279209728211,0.9285246949626924,98,1000,0.2,120,0,0.35,0.15,0.15,0
0.7706033139429171,0.9381041416066432,0.9486908540377241,0.9487607489227081,0.9487066049977205,0.9535032645341245,0.7984690263770499,0.8957870218193127,0.8967095358576018,0.8265410763871354,0.7167393622692251,0.6796890681741911,0.9285246949626924,99,1000,0.2,120,0,0.35,0.15,0.15,0
0.7757935457892314,0.9344167050161067,0.94501955821445,0.9435878777419849,0.9434391777880043,0.9490115431814695,0.8016897722043258,0.9107222158306488,0.9135755100475533,0.8490104885718669,0.7549957815615892,0.7318881346832337,0.9285246949626924,0,1000,0.2,120,2,0.35,0.15,0.15,1
0.7739366108521555,0.9320769383205204,0.9449315921040832,0.9451243444770391,0.944437799508196,0.948599596913245,0.8104949827778019,0.9114736982102283,0.9162058772541469,0.8535726770459586,0.7635873441430203,0.740240483688355,0.9285246949626924,1,1000,0.2,120,2,0.35,0.15,0.15,1
0.7702697483675744,0.9365510033444816,0.9459358576206403,0.9458067566491479,0.9456906951743909,0.9505093366778149,0.8026743908265648,0.9215011347348304,0.9230075449912406,0.8507856545628285,0.7559698996655518,0.7242643135849658,0.9285246949626924,2,1000,0.2,120,2,0.35,0.15,0.15,1
0.7728202089444347,0.932965963546597,0.9436927941462119,0.9437556397540268,0.943658273319384,0.9470323645045253,0.7977702102967463,0.9087181807229212,0.9116571718001234,0.8431915537076696,0.7637383793406128,0.7439589290675689,0.9285246949626924,3,1000,0.2,120,2,0.35,0.15,0.15,1
0.7676506235359974,0.9262855611243191,0.9402249904388211,0.9401070910116788,0.9400859891437665,0.9447970295539404,0.7962740489906,0.8991739199497737,0.9040419660010189,0.8435686588475534,0.7506394204768848,0.7399072814899158,0.9285246949626924,4,1000,0.2,120,2,0.35,0.15,0.15,1
0.7745116326830814,0.9328098091529174,0.944040776202637,0.9440765016473237,0.9439303787219251,0.9487865989366897,0.8036736494293348,0.9113410619378672,0.9159333433481711,0.8574803663790769,0.7580943266920122,0.723570857759142,0.9285246949626924,5,1000,0.2,120,2,0.35,0.15,0.15,1
0.7779335934983367,0.9352664085444325,0.9481120883230593,0.9483072317176076,0.9481826031480647,0.9521406650942581,0.8021419811090981,0.9271271513896331,0.9305348441445589,0.8558568945821043,0.7607925002082053,0.738139268940007,0.9285246949626924,6,1000,0.2,120,2,0.35,0.15,0.15,1
0.7816487874682514,0.9361561403551908,0.9472155904315349,0.9472477508599473,0.9476891453636612,0.9510022595897333,0.8110766613147911,0.9042432587267126,0.9087495543518617,0.8334919881685029,0.7490724371851265,0.7279134323881085,0.9285246949626924,7,1000,0.2,120,2,0.35,0.15,0.15,1
0.7846409073079492,0.9375337816660181,0.9471402679805989,0.947102910726627,0.9475327147350212,0.9525748682887865,0.8095405928126794,0.9112293851768568,0.9154678688009329,0.8519730546625618,0.7711366511725337,0.7388364154208789,0.9285246949626924,8,1000,0.2,120,2,0.35,0.15,0.15,1
0.7791722018029077,0.9423173770395973,0.9535670147286992,0.9531511914243751,0.9531926958122949,0.9559290625707876,0.8150210810139347,0.9212338299732803,0.9233973192647098,0.8644977213993604,0.7740709617862476,0.7515478165135827,0.9285246949626924,9,1000,0.2,120,2,0.35,0.15,0.15,1
0.7884758745628293,0.9359268606512664,0.9448348812126297,0.9448593557098555,0.9450019246306863,0.9488603390672968,0.8071073343004408,0.9083882757607266,0.9135448334485591,0.8516789753821379,0.7686870496779564,0.7290585606070631,0.9285246949626924,10,1000,0.2,120,2,0.35,0.15,0.15,1
0.7782148054298642,0.9393659366515837,0.9495844102564103,0.949751891402715,0.9497333574660634,0.9524759939668175,0.802763294117647,0.9117729592760181,0.9157273484162896,0.8381223770739065,0.7461833363499246,0.7299131463046757,0.9285246949626924,11,1000,0.2,120,2,0.35,0.15,0.15,1
0.7818247102819202,0.934403855990347,0.9436496199898293,0.9424466468840035,0.941707586016526,0.9461414575927052,0.811363352078389,0.9102138784494649,0.9130317084360451,0.8365208418422578,0.7628325440704286,0.7337665023771677,0.9285246949626924,12,1000,0.2,120,2,0.35,0.15,0.15,1
0.7638569604086846,0.9304851193931654,0.942044970780603,0.9421376601261658,0.9421484964588412,0.9460450288323852,0.7913623785750222,0.907789484887186,0.9105340763961454,0.8439889314601958,0.7476420333604241,0.7255575873679322,0.9285246949626924,13,1000,0.2,120,2,0.35,0.15,0.15,1
0.7727285664976662,0.9351846543816305,0.9446903772383002,0.944570411923009,0.9448892169923002,0.9498952884198694,0.8063299793824021,0.9191460834782205,0.921163845961729,0.8432029275946684,0.7686270956848166,0.734605754085736,0.9285246949626924,14,1000,0.2,120,2,0.35,0.15,0.15,1
0.7808047747780819,0.9392249748271053,0.9489907948714001,0.9489029709739059,0.9487667945935214,0.9524060590200274,0.8037963803923379,0.9138885698282875,0.9184697208857859,0.845304223954491,0.7561796446704314,0.7233260074387828,0.9285246949626924,15,1000,0.2,120,2,0.35,0.15,0.15,1
0.7650224672571404,0.9352591653738465,0.9465801945102015,0.9465588513885198,0.9474552624991501,0.9516557047363574,0.7978081096908975,0.9170356161652997,0.920074065460996,0.8547906712981562,0.748071875907807,0.7187046096507222,0.9285246949626924,16,1000,0.2,120,2,0.35,0.15,0.15,1
0.766383050193147,0.9352216364725671,0.9464306287742624,0.9465251843105994,0.9466693739831896,0.9513545356325469,0.794232413096393,0.9209869672790717,0.9238898122175179,0.8434704789694148,0.754473865621843,0.7355102163597121,0.9285246949626924,17,1000,0.2,120,2,0.35,0.15,0.15,1
0.7752488940732353,0.935524302323038,0.9475246726715462,0.9472455129951076,0.9476443268011967,0.9511302770792127,0.804129585622168,0.9175519124635158,0.9217736657241157,0.8571993882258139,0.7649674282082713,0.7392499803489566,0.9285246949626924,18,1000,0.2,120,2,0.35,0.15,0.15,1
0.7773387490078516,0.93413412800758,0.9447387371543653,0.9440213300773692,0.9440314016670031,0.9473599651987842,0.8094994652373273,0.9033351100650431,0.9086186272500802,0.8411195114194395,0.7525257416273132,0.7327957880612151,0.9285246949626924,19,1000,0.2,120,2,0.35,0.15,0.15,1
0.7818129324927814,0.934577130390469,0.9440416014198836,0.9438993738234924,0.9435570341278311,0.9472703604683921,0.8043048633829427,0.9079576593615613,0.9116334773552479,0.8337558091052222,0.752539897983379,0.7282084361138068,0.9285246949626924,20,1000,0.2,120,2,0.35,0.15,0.15,1
0.76843019857289,0.9376538951682221,0.9485918444792588,0.9484641713977727,0.9485606136793261,0.9529184887906963,0.7979157074817211,0.9192304730896571,0.9242495965530625,0.8480794432982239,0.7455917431264741,0.7187722445791974,0.9285246949626924,21,1000,0.2,120,2,0.35,0.15,0.15,1
0.7706353307573311,0.9317129608184436,0.9406661985094971,0.9406375278648922,0.9405655586957822,0.9446934488844827,0.8007381423236153,0.8944425856201504,0.8981709396491708,0.8290452353533233,0.7439172155616067,0.7214522052065305,0.9285246949626924,22,1000,0.2,120,2,0.35,0.15,0.15,1
0.7681383075898911,0.9268207936222899,0.9391622010204929,0.9391547999350263,0.9394440265644434,0.9450159727110293,0.7965279949953081,0.9021025315218073,0.906339166037899,0.8535163530878692,0.7649613916533674,0.746995159300574,0.9285246949626924,23,1000,0.2,120,2,0.35,0.15,0.15,1
0.7761526045784013,0.9321940691979939,0.9432968105959793,0.9431878555591906,0.9440911248312313,0.9480060355075054,0.804853185270909,0.9076103977450674,0.9128457697309519,0.860317896451772,0.7694476493848261,0.7505714560700665,0.9285246949626924,24,1000,0.2,120,2,0.35,0.15,0.15,1
0.7749340089203209,0.936805762620208,0.947409901736953,0.9473736623866342,0.9476805795653396,0.9536954373103446,0.8024554151547911,0.9173593191821099,0.9199553391298806,0.8510656943639261,0.7616121128425359,0.7332510806953175,0.9285246949626924,25,1000,0.2,120,2,0.35,0.15,0.15,1
0.7722617003565855,0.933661548437926,0.9447458982917347,0.943898609329793,0.9441175467861902,0.9499122993069126,0.8058169580284728,0.9146211300893782,0.9177513222484807,0.8532777109500609,0.74943669112189,0.7275470687874938,0.9285246949626924,26,1000,0.2,120,2,0.35,0.15,0.15,1
0.7722653956278138,0.9360970347006213,0.94672119979344,0.9468982789093051,0.947216458854077,0.9505031868907148,0.7980926659086336,0.9156869695081593,0.9203743293467904,0.8420084805962116,0.7468586155147877,0.7270463135590138,0.9285246949626924,27,1000,0.2,120,2,0.35,0.15,0.15,1
0.7795737116493323,0.9309559444062181,0.942792177249063,0.9423586667357552,0.9428554414657375,0.946537519295586,0.8014152305689481,0.8992486219446898,0.9025036161022896,0.8491955804220748,0.7570550647725159,0.7416596674350758,0.9285246949626924,28,1000,0.2,120,2,0.35,0.15,0.15,1
0.7764190602293516,0.9407349551387323,0.949893675754329,0.9498301229415517,0.9501031466050321,0.9535664824804779,0.8082078457701899,0.9244341460295478,0.9271196422639462,0.8569624055870331,0.7673248671629245,0.7418728429083639,0.9285246949626924,29,1000,0.2,120,2,0.35,0.15,0.15,1
0.7773326479487465,0.9352873250206565,0.9456533149668858,0.9453593988655516,0.9454526579118728,0.9500644775420983,0.807570368453612,0.9135593230187343,0.9174348513414001,0.8441874725694446,0.7629767590321822,0.7441015347940495,0.9285246949626924,30,1000,0.2,120,2,0.35,0.15,0.15,1
0.7632250064548225,0.9314228239376307,0.9436398547507494,0.9436138780258948,0.9432149778646818,0.9472215924834378,0.7976049066097383,0.9357275805121036,0.939157196969697,0.8606868246051538,0.7626312808572004,0.7287782949507544,0.9285246949626924,31,1000,0.2,120,2,0.35,0.15,0.15,1
0.775355181475227,0.9346846090509503,0.946464664457304,0.9464674872398063,0.9471351239702805,0.9525200196115248,0.8012541135971389,0.9081104478870061,0.9099025254267,0.8471332842947876,0.7703192401536723,0.7461849364450519,0.9285246949626924,32,1000,0.2,120,2,0.35,0.15,0.15,1
0.7727155942381514,0.9315648398008437,0.9433971532818973,0.9434120709969215,0.943809053247691,0.947437478621109,0.8019343620538938,0.912970715670252,0.9171825472235947,0.8615226521226863,0.7782147200790543,0.7519253354110448,0.9285246949626924,33,1000,0.2,120,2,0.35,0.15,0.15,1
0.7877014618527333,0.9354214204316106,0.9467835594445134,0.9467842239748101,0.9470013355160306,0.95166719259493,0.814700948075881,0.9168137177280354,0.9203381965559103,0.8518348061223366,0.7595980009409748,0.7526512860180168,0.9285246949626924,34,1000,0.2,120,2,0.35,0.15,0.15,1
0.7747915698107026,0.9361141906340715,0.9477391174273057,0.9477791095673119,0.9478225625655881,0.9511728656406375,0.8002200336779963,0.9135328595033823,0.9169127721436287,0.8551988436118901,0.7445804882194307,0.7158011444673759,0.9285246949626924,35,1000,0.2,120,2,0.35,0.15,0.15,1
0.7841371047134201,0.9386542692996601,0.951070131543301,0.9509724805246591,0.9501883016379593,0.9537608531344971,0.8116620423782421,0.9182361983605554,0.9210696111850761,0.8639934053459285,0.7850995278539709,0.7651543791690348,0.9285246949626924,36,1000,0.2,120,2,0.35,0.15,0.15,1
0.7776429041867245,0.9396237616349352,0.9502317431579738,0.9501551029921008,0.9502279111496801,0.9536012575275628,0.8035219300430531,0.9174693495834066,0.920423729721184,0.844188577647935,0.7566041960883841,0.7418894807540332,0.9285246949626924,37,1000,0.2,120,2,0.35,0.15,0.15,1
0.7682388774779748,0.9343441934563217,0.9452817105142085,0.9452371650610809,0.9452651399955396,0.949517427506905,0.797489059558733,0.895360293762155,0.9010382307208838,0.8262900831099238,0.7347393320950282,0.7147883301439959,0.9285246949626924,38,1000,0.2,120,2,0.35,0.15,0.15,1
0.7777282415818476,0.9352978980960531,0.9450977171837828,0.9448778618922445,0.94472614718113,0.9492378883758285,0.8029417123339595,0.9103556307366821,0.914006878704234,0.8381507850095771,0.760583217363307,0.7361228844509505,0.9285246949626924,39,1000,0.2,120,2,0.35,0.15,0.15,1
0.784130335640986,0.9323665001998247,0.9456798188363759,0.945681631761809,0.944835902047236,0.9471746765741027,0.8108749137853238,0.9145808959558065,0.9174132897908932,0.8516334055280528,0.757130235728651,0.7385796776699154,0.9285246949626924,40,1000,0.2,120,2,0.35,0.15,0.15,1
0.7700469722181269,0.9347518304236195,0.9447545670582468,0.9447370783899756,0.9442670337919175,0.9492517927594764,0.7926732054745589,0.9124350195829118,0.9171484599371248,0.8547509432889385,0.7595146904324968,0.732872511809492,0.9285246949626924,41,1000,0.2,120,2,0.35,0.15,0.15,1
0.7746397106980024,0.9324200743406635,0.9468387309818888,0.9461546772273861,0.9460422098163682,0.9502035040240309,0.8022157752714174,0.9251327174488022,0.9274695403221743,0.8633176567734704,0.7680059045882768,0.7323848286480767,0.9285246949626924,42,1000,0.2,120,2,0.35,0.15,0.15,1
0.7732538584562251,0.9333591381391104,0.9445998292761899,0.944637015669306,0.9449698289818386,0.9494952854717962,0.8013224227082291,0.9174024470412778,0.9213387101521797,0.8570900420922497,0.7533888676301769,0.7297314534090797,0.9285246949626924,43,1000,0.2,120,2,0.35,0.15,0.15,1
0.7808571172810383,0.9295263201166709,0.9424514460158686,0.9425692964244167,0.9427524592028202,0.949080171318188,0.8032420676205858,0.9045851588781025,0.9084458883173843,0.8454949448225731,0.7511543961371959,0.7363724779820475,0.9285246949626924,44,1000,0.2,120,2,0.35,0.15,0.15,1
0.768112489020115,0.9338136852972465,0.9445740708149549,0.943951320807491,0.9438407362769116,0.947994334457904,0.8003262734702408,0.9031959125757593,0.9074461494584304,0.8279219261428902,0.7449559311806735,0.7228834160131115,0.9285246949626924,45,1000,0.2,120,2,0.35,0.15,0.15,1
0.7759712234750636,0.9297326301382923,0.9411807578164919,0.9410902451583114,0.9413269175387333,0.9447890513367311,0.8026735410324707,0.9029713168439428,0.9059083984321907,0.8329295884402236,0.7398250574494379,0.7283154717748243,0.9285246949626924,46,1000,0.2,120,2,0.35,0.15,0.15,1
0.7721926690745393,0.9330616393856538,0.9449358850009854,0.9444024272711598,0.9444850824280717,0.9485563540742931,0.7995395944181692,0.9163037152675141,0.9190732884705389,0.8639683751170066,0.7681842307431767,0.7366569173994975,0.9285246949626924,47,1000,0.2,120,2,0.35,0.15,0.15,1
0.7713771342383107,0.9345859185520362,0.9471564645550528,0.9471419849170437,0.9472855263951735,0.9525322714932126,0.806366407239819,0.9193075837104072,0.9230069381598793,0.8516567843137255,0.7539447119155355,0.7273640542986425,0.9285246949626924,48,1000,0.2,120,2,0.35,0.15,0.15,1
0.7792738120916863,0.9302440541444555,0.9443251990227255,0.9441381430121976,0.9444905798344836,0.9473936241877648,0.8056102289368868,0.9167928268269065,0.9190865784782082,0.8635560560266649,0.776420229205201,0.7668586974695113,0.9285246949626924,49,1000,0.2,120,2,0.35,0.15,0.15,1
0.7771285143573705,0.9371538901392842,0.9497109414265119,0.9496762367088623,0.9500384732077657,0.9540869083037911,0.8060146640410288,0.9249966641171677,0.9305791246412725,0.8581209616110065,0.7594046900782192,0.7267679313796404,0.9285246949626924,50,1000,0.2,120,2,0.35,0.15,0.15,1
0.7810493827160494,0.933791727582846,0.9445929783950617,0.9447057748538011,0.9447364359974009,0.9504193063677713,0.8066204718973359,0.8957531270305393,0.9009263320337881,0.8499186769005848,0.7541534681611436,0.7364215805717998,0.9285246949626924,51,1000,0.2,120,2,0.35,0.15,0.15,1
0.7843036746833676,0.9363551379675239,0.9443134062292733,0.9443645470993125,0.9442362515062661,0.9482620923276969,0.8126476397010417,0.9045246268908943,0.9116246350793457,0.8320913196600975,0.7518669620027277,0.729691433332752,0.9285246949626924,52,1000,0.2,120,2,0.35,0.15,0.15,1
0.7808196108202194,0.934621539742217,0.946057315158241,0.9457282602185876,0.9460493557172228,0.9511791183870756,0.8073905545313438,0.9165440961283047,0.9221210434904827,0.862792049605566,0.7682329196462397,0.7357763575675987,0.9285246949626924,53,1000,0.2,120,2,0.35,0.15,0.15,1
0.7817868462398205,0.9385680729357794,0.9475529068474179,0.9475431549274842,0.9470251329406105,0.950806049818073,0.7992528273985261,0.915142205909644,0.9172174144715176,0.8478793133595159,0.759043516089839,0.7385112387464063,0.9285246949626924,54,1000,0.2,120,2,0.35,0.15,0.15,1
0.7793322065994194,0.9299129631008214,0.9411369737772649,0.9411145825578798,0.941515298146356,0.9459682428534206,0.8044760919935978,0.9065728794448994,0.9086965557458001,0.8468412483870568,0.7632432915518995,0.7382176628142137,0.9285246949626924,55,1000,0.2,120,2,0.35,0.15,0.15,1
0.7761382438770694,0.935528791979274,0.9462409107106741,0.9461929481561383,0.9461322726353402,0.9497176180524121,0.806396548237039,0.9069418574414192,0.9119413277344917,0.8557397116468107,0.766279338540513,0.7327108474347738,0.9285246949626924,56,1000,0.2,120,2,0.35,0.15,0.15,1
0.7876122623390651,0.9334170506419756,0.9455536954993768,0.9457740249510295,0.9458537416444046,0.9502957055760004,0.8163852588560664,0.9078578488770539,0.9104694820553191,0.8616553737968963,0.7834240320112286,0.7387921433040097,0.9285246949626924,57,1000,0.2,120,2,0.35,0.15,0.15,1
0.7723057270369437,0.9343510326691716,0.9457670678198814,0.9458195582056004,0.9456120916353548,0.9505345766741554,0.8004318413780847,0.9194398287450787,0.9233941684428952,0.8548386539584276,0.7470521898374775,0.729112568942811,0.9285246949626924,58,1000,0.2,120,2,0.35,0.15,0.15,1
0.7758041106089206,0.9369250399203849,0.9486350863207819,0.9486815117856006,0.9487860944201705,0.9521955083613466,0.8063221857068729,0.9110781888052462,0.9138108738866787,0.8484385050599245,0.7563430170034519,0.7300370250602253,0.9285246949626924,59,1000,0.2,120,2,0.35,0.15,0.15,1
0.7790555214752366,0.9364764959113918,0.9472254134964244,0.9469691994610331,0.9471662128919408,0.9502862682411259,0.8103158550228381,0.9171548865511678,0.9202183488265726,0.8533081452305753,0.7682921176085197,0.7424976512908629,0.9285246949626924,60,1000,0.2,120,2,0.35,0.15,0.15,1
0.7747677874565587,0.9362868603537429,0.9467438065868923,0.9466532028423689,0.946472298714074,0.9509493978086837,0.8079363419708903,0.9213186363812864,0.9243004703305095,0.8581316253988183,0.7566357130838279,0.7305694404895191,0.9285246949626924,61,1000,0.2,120,2,0.35,0.15,0.15,1
0.7693821764169517,0.933207725949257,0.9470193958180074,0.946971876420999,0.9467395170448458,0.9510423555907904,0.7986994540983099,0.9163059620654272,0.9195279485952494,0.853806337030609,0.7471680486811939,0.7248157433000268,0.9285246949626924,62,1000,0.2,120,2,0.35,0.15,0.15,1
0.780963263541928,0.9394405822074332,0.9512368279475836,0.9512058263806588,0.9513642234541109,0.956055129358773,0.8062649282263884,0.9285770749293917,0.9312119090675197,0.8706812001214942,0.7656915527508608,0.7442330855301332,0.9285246949626924,63,1000,0.2,120,2,0.35,0.15,0.15,1
0.7633060225394429,0.9258153823388477,0.9369349015056639,0.936908269898459,0.937168581753611,0.9407810866393004,0.7936401978834942,0.9077369757882859,0.9107171978978268,0.8439974681573136,0.7559103767975367,0.7270688304056643,0.9285246949626924,64,1000,0.2,120,2,0.35,0.15,0.15,1
0.773163224528318,0.9385412402710954,0.9510780292254815,0.9506476354050135,0.9504188748137018,0.9541386637385311,0.8091944347609209,0.9214407787415414,0.9267003491331998,0.8495403126772642,0.7632994929612593,0.7285442809649729,0.9285246949626924,65,1000,0.2,120,2,0.35,0.15,0.15,1
0.7851930692992811,0.9364002980697319,0.9460403390794296,0.9455422041399089,0.9451820751772348,0.9494226927023135,0.808785717376121,0.9186511262987435,0.9200441271455149,0.854408136886477,0.7748433936374706,0.7549768103602796,0.9285246949626924,66,1000,0.2,120,2,0.35,0.15,0.15,1
0.7794714505858563,0.9369706518211584,0.946253418949243,0.9458752816795811,0.9461497329053543,0.9514223341749904,0.8068057467612694,0.9162366612329548,0.9191060794717825,0.8590704521023276,0.7779790151917654,0.7505360045513245,0.9285246949626924,67,1000,0.2,120,2,0.35,0.15,0.15,1
0.7759365435253843,0.9294049490856637,0.9427504667081519,0.9416567308103384,0.9419834067240809,0.945031854117878,0.7993660646566944,0.8996810035927423,0.9040282376245149,0.8432746326108264,0.7648190724106209,0.7445754578806779,0.9285246949626924,68,1000,0.2,120,2,0.35,0.15,0.15,1
0.7781962447049673,0.9377586572212427,0.9473436022014655,0.9470429766401413,0.9468883279138831,0.9505791811595649,0.807125577367289,0.9191618829142449,0.9227777724782887,0.8611357537352485,0.7698477187000372,0.7465742898275152,0.9285246949626924,69,1000,0.2,120,2,0.35,0.15,0.15,1
0.7809703179837788,0.9312624221175104,0.9429175267453718,0.9430726797915157,0.9432173007641312,0.9471524930149435,0.8001417149004754,0.9188816771273887,0.92158890762016,0.8597220449269001,0.7572464322844721,0.7364345673965426,0.9285246949626924,70,1000,0.2,120,2,0.35,0.15,0.15,1
0.7740036778034959,0.9323485530551643,0.9427859400507103,0.9426192993362861,0.9427905255973016,0.9485485086436578,0.7983227826735805,0.9287230443034047,0.9310230373958154,0.867055442965752,0.7686959564064769,0.7418265071130609,0.9285246949626924,71,1000,0.2,120,2,0.35,0.15,0.15,1
0.7643121738651943,0.9250078734810621,0.940116273851184,0.9402284733954392,0.9395187868868198,0.9438109560610974,0.7966719859007125,0.895625739785256,0.9001453325574978,0.8338741351366434,0.7494910043283657,0.7277040968248895,0.9285246949626924,72,1000,0.2,120,2,0.35,0.15,0.15,1
0.76746572265625,0.934126953125,0.944007421875,0.94229404296875,0.943051171875,0.94874228515625,0.78972236328125,0.9176962890625,0.920255859375,0.85077802734375,0.75963837890625,0.73709296875,0.9285246949626924,73,1000,0.2,120,2,0.35,0.15,0.15,1
0.7698721824021959,0.9389928486072542,0.950534290428346,0.9504337159932066,0.9502934121543354,0.9538290288642625,0.8094849998483878,0.928125905983018,0.9305286842792351,0.8641511582722373,0.7818071154461417,0.7508072724623494,0.9285246949626924,74,1000,0.2,120,2,0.35,0.15,0.15,1
0.7792259671739604,0.9277386641999418,0.940799385276491,0.9407925332628555,0.9378291352514078,0.9442310694769711,0.8030139071405323,0.9175901468043921,0.9188957490596835,0.8638547960424727,0.7744905405504614,0.7460417630231084,0.9285246949626924,75,1000,0.2,120,2,0.35,0.15,0.15,1
0.785331820365441,0.935732500990166,0.9477951329544014,0.9476195719473827,0.9476294424625152,0.9516796118951782,0.8051570854151257,0.918723686811813,0.922150576337462,0.846138505943248,0.7556051828445847,0.7330183776533837,0.9285246949626924,76,1000,0.2,120,2,0.35,0.15,0.15,1
0.7742789594222909,0.9388563538765715,0.9488217342231281,0.9484275374570091,0.9485337915369311,0.9516485232444009,0.7973490096258761,0.9178724450100892,0.9213381282688294,0.8630282177962082,0.7629039024794967,0.7418674536121691,0.9285246949626924,77,1000,0.2,120,2,0.35,0.15,0.15,1
0.7676832295550268,0.9316240233086489,0.9435193177244753,0.9427113711579752,0.9421425416682473,0.9464394326293974,0.7954959002441003,0.9055716716867925,0.9078739049447208,0.8541514557032203,0.7613029384192587,0.739775087569803,0.9285246949626924,78,1000,0.2,120,2,0.35,0.15,0.15,1
0.7853573903465008,0.9389883734999395,0.9499427238914441,0.9499585357115359,0.950168214195361,0.9532654649421504,0.8128343070533681,0.9230642010964957,0.926303660014048,0.8524827896686157,0.7644070233551385,0.747907241774318,0.9285246949626924,79,1000,0.2,120,2,0.35,0.15,0.15,1
0.7837353705318458,0.936577069547038,0.9447296339868116,0.9447016465886945,0.9442655661259901,0.9466828444803234,0.8073110250205402,0.9243790187095272,0.9290570784100369,0.8456842657365683,0.7609979821957538,0.7411618895696681,0.9285246949626924,80,1000,0.2,120,2,0.35,0.15,0.15,1
0.7766467547443533,0.9318615295612158,0.9433698083237196,0.9432011824427977,0.9425938764299042,0.9453288442932538,0.8017523671563074,0.9043340838514073,0.9093514331595307,0.8329234544499582,0.7438688592439706,0.7205567688169319,0.9285246949626924,81,1000,0.2,120,2,0.35,0.15,0.15,1
0.7534295501986806,0.9233170816857428,0.936364011045625,0.9355362195160387,0.9359705773254362,0.9410395397494612,0.7883423561898897,0.9064432651022739,0.9111256791386546,0.842965153913851,0.7400339902684068,0.7162172370906076,0.9285246949626924,82,1000,0.2,120,2,0.35,0.15,0.15,1
0.7758355260117561,0.9330330558301797,0.945123490026916,0.9452373129237643,0.9454559701281822,0.94984210859017,0.8000848835474523,0.9027040900719175,0.9080577720081456,0.8441663909026097,0.7499648028338286,0.7350044684035943,0.9285246949626924,83,1000,0.2,120,2,0.35,0.15,0.15,1
0.7770252901470174,0.9341804365526457,0.9469116943167013,0.9468775195194884,0.9466781499299167,0.9487250509035099,0.8010238689537013,0.9220864441033828,0.9247303578609407,0.8598904055103722,0.7830425453309257,0.7619892760881235,0.9285246949626924,84,1000,0.2,120,2,0.35,0.15,0.15,1
0.7730031401372943,0.931772840288853,0.9417296510188111,0.941215243038702,0.9413475844716743,0.945690483501897,0.8014837891650405,0.9018099870234074,0.9051674574793712,0.8281031391467147,0.7486086319105308,0.7239089261126685,0.9285246949626924,85,1000,0.2,120,2,0.35,0.15,0.15,1
0.7782442351874161,0.9391402353809848,0.9470693283910897,0.9471479656368895,0.9475735433864906,0.952306900681744,0.8088709057410653,0.9076918739041031,0.9105037896127809,0.8496268535852535,0.760057762276679,0.7362456042169857,0.9285246949626924,86,1000,0.2,120,2,0.35,0.15,0.15,1
0.7756271057026962,0.9319998091147698,0.9457434502505369,0.9453237890718206,0.9447183011214507,0.9479833929849678,0.8039171558100692,0.9040942973037461,0.907006346933906,0.8513306609401098,0.7654850870913863,0.7345664519207826,0.9285246949626924,87,1000,0.2,120,2,0.35,0.15,0.15,1
0.7756420901932713,0.9360154617036507,0.9480756859937962,0.9481462180863756,0.9485307563827249,0.9513738964447626,0.8055239322357433,0.9279704127893105,0.9300235743259365,0.8739217370555953,0.7603450250536865,0.7415345263660225,0.9285246949626924,88,1000,0.2,120,2,0.35,0.15,0.15,1
0.7780724609375,0.93869443359375,0.94981669921875,0.94993291015625,0.95008173828125,0.95382451171875,0.805645703125,0.91060205078125,0.9150142578125,0.84590625,0.73132314453125,0.71918408203125,0.9285246949626924,89,1000,0.2,120,2,0.35,0.15,0.15,1
0.7813538845191281,0.9345443372520121,0.9452394441780734,0.9444608604002915,0.9439150966109785,0.9481568531995439,0.8110220552316878,0.9203095623209779,0.921393048097138,0.864163855059652,0.7734242750045383,0.7593270933522832,0.9285246949626924,90,1000,0.2,120,2,0.35,0.15,0.15,1
0.7920133325593096,0.9369993033786137,0.9468302759394713,0.9461421688145826,0.9463407059096715,0.9505138550253492,0.8190770734161539,0.9049346917450366,0.9068680095978947,0.8510239366848562,0.7629510623476141,0.7394338016177097,0.9285246949626924,91,1000,0.2,120,2,0.35,0.15,0.15,1
0.7722532062472764,0.9332498543273947,0.9448213050486819,0.9446569762968342,0.9444827878198756,0.9481810547121946,0.8002630419997224,0.9123048016087978,0.9167784102179232,0.8469199378721322,0.7665811577173228,0.7457191393503949,0.9285246949626924,92,1000,0.2,120,2,0.35,0.15,0.15,1
0.7717892025823438,0.9330472067358506,0.946385016008307,0.9463687913728205,0.9458772235476633,0.9491884012398711,0.7959715388989499,0.9144862237392686,0.9171731392660902,0.8407202424733143,0.7492891098701411,0.7306486454747174,0.9285246949626924,93,1000,0.2,120,2,0.35,0.15,0.15,1
0.7690511485658807,0.932914799422369,0.9458007624910452,0.9441162509478079,0.9445748146069475,0.9485259099275642,0.797812237685522,0.9105106190353931,0.9140786117832683,0.8415855631936979,0.7481303484150371,0.7245746986641324,0.9285246949626924,94,1000,0.2,120,2,0.35,0.15,0.15,1
0.7804162592268546,0.9402940818684995,0.9504356291884423,0.9504222752998679,0.9504376761348661,0.9536687323280292,0.8087945396047093,0.9237532926595332,0.9256501296789297,0.8643030478837304,0.7786685568754786,0.7644795141601906,0.9285246949626924,95,1000,0.2,120,2,0.35,0.15,0.15,1
0.7806483902371218,0.9369057888814171,0.9475496969859849,0.9461340794563083,0.9461052355108149,0.9503496270123452,0.8076683745629478,0.9171272099704364,0.919702393486348,0.8562429569828485,0.7703941215054649,0.7576513979813767,0.9285246949626924,96,1000,0.2,120,2,0.35,0.15,0.15,1
0.781569276192256,0.9331758258280777,0.945337858597791,0.945004366449517,0.9450397441118303,0.9506190321825211,0.804185600445451,0.9148909579694144,0.9177290540205367,0.870209451142487,0.7573274060367367,0.7394462088412623,0.9285246949626924,97,1000,0.2,120,2,0.35,0.15,0.15,1
0.7726305404185185,0.9309210460057326,0.9439621150814254,0.9439008241093937,0.9440137184350295,0.9488215587684984,0.8023518660031639,0.8970116958329525,0.9006466629175903,0.8417864198581215,0.7510065291670691,0.7218924541989064,0.9285246949626924,98,1000,0.2,120,2,0.35,0.15,0.15,1
0.7706033139429171,0.9381041416066432,0.9486908540377241,0.9487607489227081,0.9487066049977205,0.9535032645341245,0.7984690263770499,0.8984387943782067,0.8988569823661112,0.8364566994788697,0.7430924903262034,0.713334792266003,0.9285246949626924,99,1000,0.2,120,2,0.35,0.15,0.15,1
0.7757935457892314,0.9344167050161067,0.94501955821445,0.9435878777419849,0.9434391777880043,0.9490115431814695,0.8016897722043258,0.9169572595490106,0.919297630004602,0.8623850475533057,0.7822280065961037,0.7629803267372296,0.9285246949626924,0,1000,0.2,120,5,0.35,0.15,0.15,2
0.7739366108521555,0.9320769383205204,0.9449315921040832,0.9451243444770391,0.944437799508196,0.948599596913245,0.8104949827778019,0.9186062251140985,0.9244759188002573,0.8627399326508639,0.784800933953173,0.7674210293626443,0.9285246949626924,1,1000,0.2,120,5,0.35,0.15,0.15,2
0.7702697483675744,0.9365510033444816,0.9459358576206403,0.9458067566491479,0.9456906951743909,0.9505093366778149,0.8026743908265648,0.9258633938525243,0.9267131509794553,0.8660975075648989,0.787299729256251,0.7616904562828476,0.9285246949626924,2,1000,0.2,120,5,0.35,0.15,0.15,2
0.7728202089444347,0.932965963546597,0.9436927941462119,0.9437556397540268,0.943658273319384,0.9470323645045253,0.7977702102967463,0.9140152098172905,0.9164881205573491,0.8589661946689419,0.7966209913181596,0.7781650361067195,0.9285246949626924,3,1000,0.2,120,5,0.35,0.15,0.15,2
0.7676506235359974,0.9262855611243191,0.9402249904388211,0.9401070910116788,0.9400859891437665,0.9447970295539404,0.7962740489906,0.9045093046169822,0.9083446175088006,0.857463754879928,0.7795335887046541,0.7741794253109548,0.9285246949626924,4,1000,0.2,120,5,0.35,0.15,0.15,2
0.7745116326830814,0.9328098091529174,0.944040776202637,0.9440765016473237,0.9439303787219251,0.9487865989366897,0.8036736494293348,0.9173191196820943,0.9213232978021335,0.8665071906242378,0.7836146907323414,0.749944630441261,0.9285246949626924,5,1000,0.2,120,5,0.35,0.15,0.15,2
0.7779335934983367,0.9352664085444325,0.9481120883230593,0.9483072317176076,0.9481826031480647,0.9521406650942581,0.8021419811090981,0.931184700129323,0.9340341668879667,0.868340473859624,0.7876547201327486,0.7671400129794419,0.9285246949626924,6,1000,0.2,120,5,0.35,0.15,0.15,2
0.7816487874682514,0.9361561403551908,0.9472155904315349,0.9472477508599473,0.9476891453636612,0.9510022595897333,0.8110766613147911,0.9082575096321467,0.9124997356845524,0.8488731310439108,0.7834278394240628,0.7601685717868462,0.9285246949626924,7,1000,0.2,120,5,0.35,0.15,0.15,2
0.7846409073079492,0.9375337816660181,0.9471402679805989,0.947102910726627,0.9475327147350212,0.9525748682887865,0.8095405928126794,0.91899059917417,0.9232962671790804,0.864737109082497,0.8003991162955765,0.7778305429974659,0.9285246949626924,8,1000,0.2,120,5,0.35,0.15,0.15,2
0.7791722018029077,0.9423173770395973,0.9535670147286992,0.9531511914243751,0.9531926958122949,0.9559290625707876,0.8150210810139347,0.9288077961998153,0.9316290228688203,0.8809422275482939,0.8017785507076937,0.7849310817690027,0.9285246949626924,9,1000,0.2,120,5,0.35,0.15,0.15,2
0.7884758745628293,0.9359268606512664,0.9448348812126297,0.9448593557098555,0.9450019246306863,0.9488603390672968,0.8071073343004408,0.9165974797834187,0.9212828536547438,0.8683244192107293,0.7945093355780891,0.7565839133507288,0.9285246949626924,10,1000,0.2,120,5,0.35,0.15,0.15,2
0.7782148054298642,0.9393659366515837,0.9495844102564103,0.949751891402715,0.9497333574660634,0.9524759939668175,0.802763294117647,0.9222298642533937,0.9258546968325791,0.8540297073906485,0.7852919698340874,0.7700853574660633,0.9285246949626924,11,1000,0.2,120,5,0.35,0.15,0.15,2
0.7818247102819202,0.934403855990347,0.9436496199898293,0.9424466468840035,0.941707586016526,0.9461414575927052,0.811363352078389,0.9115133066003782,0.9145786420097164,0.8424804209586447,0.785036752136499,0.7617575195198059,0.9285246949626924,12,1000,0.2,120,5,0.35,0.15,0.15,2
0.7638569604086846,0.9304851193931654,0.942044970780603,0.9421376601261658,0.9421484964588412,0.9460450288323852,0.7913623785750222,0.9150539881574364,0.9178378613723441,0.8579785401911839,0.7763374163086807,0.7561809667556794,0.9285246949626924,13,1000,0.2,120,5,0.35,0.15,0.15,2
0.7727285664976662,0.9351846543816305,0.9446903772383002,0.944570411923009,0.9448892169923002,0.9498952884198694,0.8063299793824021,0.9311304881876759,0.9328282429420908,0.8604233121972554,0.8023326388641119,0.770571696363678,0.9285246949626924,14,1000,0.2,120,5,0.35,0.15,0.15,2
0.7808047747780819,0.9392249748271053,0.9489907948714001,0.9489029709739059,0.9487667945935214,0.9524060590200274,0.8037963803923379,0.9205336811554389,0.925687365081771,0.8597142506411144,0.7850861404416615,0.7551410530736588,0.9285246949626924,15,1000,0.2,120,5,0.35,0.15,0.15,2
0.7650224672571404,0.9352591653738465,0.9465801945102015,0.9465588513885198,0.9474552624991501,0.9516557047363574,0.7978081096908975,0.9214990327026843,0.9250888298792888,0.8674368089077884,0.7794719537860573,0.7512194551921924,0.9285246949626924,16,1000,0.2,120,5,0.35,0.15,0.15,2
0.766383050193147,0.9352216364725671,0.9464306287742624,0.9465251843105994,0.9466693739831896,0.9513545356325469,0.794232413096393,0.9191706587051507,0.9224722813403222,0.8450179610397098,0.7709107864002467,0.7599943848249895,0.9285246949626924,17,1000,0.2,120,5,0.35,0.15,0.15,2
0.7752488940732353,0.935524302323038,0.9475246726715462,0.9472455129951076,0.9476443268011967,0.9511302770792127,0.804129585622168,0.923954806695158,0.9278067108388164,0.865134115000403,0.7912769542650555,0.7675310029542984,0.9285246949626924,18,1000,0.2,120,5,0.35,0.15,0.15,2
0.7773387490078516,0.93413412800758,0.9447387371543653,0.9440213300773692,0.9440314016670031,0.9473599651987842,0.8094994652373273,0.9107119684185938,0.9156392999625415,0.8541823631745495,0.7861825731284565,0.771358161609502,0.9285246949626924,19,1000,0.2,120,5,0.35,0.15,0.15,2
0.7818129324927814,0.934577130390469,0.9440416014198836,0.9438993738234924,0.9435570341278311,0.9472703604683921,0.8043048633829427,0.9194626858348511,0.9224196614293864,0.8458725257542954,0.7783993688054839,0.7564227215022478,0.9285246949626924,20,1000,0.2,120,5,0.35,0.15,0.15,2
0.76843019857289,0.9376538951682221,0.9485918444792588,0.9484641713977727,0.9485606136793261,0.9529184887906963,0.7979157074817211,0.9301210851504814,0.9353198348185314,0.8680224696766611,0.7755741949524741,0.7535019744151001,0.9285246949626924,21,1000,0.2,120,5,0.35,0.15,0.15,2
0.7706353307573311,0.9317129608184436,0.9406661985094971,0.9406375278648922,0.9405655586957822,0.9446934488844827,0.8007381423236153,0.9023052661050276,0.9062308039551057,0.8363431821548447,0.7633742462131589,0.7444139783630251,0.9285246949626924,22,1000,0.2,120,5,0.35,0.15,0.15,2
0.7681383075898911,0.9268207936222899,0.9391622010204929,0.9391547999350263,0.9394440265644434,0.9450159727110293,0.7965279949953081,0.9056794956043396,0.9096657591897136,0.8652069518785318,0.7862057205716286,0.777089336165482,0.9285246949626924,23,1000,0.2,120,5,0.35,0.15,0.15,2
0.7761526045784013,0.9321940691979939,0.9432968105959793,0.9431878555591906,0.9440911248312313,0.9480060355075054,0.804853185270909,0.9142276455893488,0.9198008461042607,0.8724803056251846,0.7958878254049382,0.7809449768332292,0.9285246949626924,24,1000,0.2,120,5,0.35,0.15,0.15,2
0.7749340089203209,0.936805762620208,0.947409901736953,0.9473736623866342,0.9476805795653396,0.9536954373103446,0.8024554151547911,0.9246608195980852,0.9275418965266478,0.8673732076945176,0.78932035090184,0.762488561044214,0.9285246949626924,25,1000,0.2,120,5,0.35,0.15,0.15,2
0.7722617003565855,0.933661548437926,0.9447458982917347,0.943898609329793,0.9441175467861902,0.9499122993069126,0.8058169580284728,0.9234918683893233,0.9265833417056545,0.8719326505340836,0.7850013058809698,0.7633719546247345,0.9285246949626924,26,1000,0.2,120,5,0.35,0.15,0.15,2
0.7722653956278138,0.9360970347006213,0.94672119979344,0.9468982789093051,0.947216458854077,0.9505031868907148,0.7980926659086336,0.9182380337041877,0.9236056837935273,0.8528204891980284,0.769832254873676,0.7538810728511822,0.9285246949626924,27,1000,0.2,120,5,0.35,0.15,0.15,2
0.7795737116493323,0.9309559444062181,0.942792177249063,0.9423586667357552,0.9428554414657375,0.946537519295586,0.8014152305689481,0.9065276219603552,0.9091932547089665,0.867121245168321,0.786864159475634,0.775021098114164,0.9285246949626924,28,1000,0.2,120,5,0.35,0.15,0.15,2
0.7764190602293516,0.9407349551387323,0.949893675754329,0.9498301229415517,0.9501031466050321,0.9535664824804779,0.8082078457701899,0.9330861986684321,0.9358077601493452,0.8719405948855191,0.7940150990566112,0.7704647855034085,0.9285246949626924,29,1000,0.2,120,5,0.35,0.15,0.15,2
0.7773326479487465,0.9352873250206565,0.9456533149668858,0.9453593988655516,0.9454526579118728,0.9500644775420983,0.807570368453612,0.9190508572665939,0.9225561578280075,0.857284800150609,0.7878500991083157,0.7769978644356288,0.9285246949626924,30,1000,0.2,120,5,0.35,0.15,0.15,2
0.7632250064548225,0.9314228239376307,0.9436398547507494,0.9436138780258948,0.9432149778646818,0.9472215924834378,0.7976049066097383,0.943101132900073,0.9467266571576111,0.8713495813811432,0.7974824027368448,0.7673796096879014,0.9285246949626924,31,1000,0.2,120,5,0.35,0.15,0.15,2
0.775355181475227,0.9346846090509503,0.946464664457304,0.9464674872398063,0.9471351239702805,0.9525200196115248,0.8012541135971389,0.9128845517971342,0.9143420809416335,0.8605744011977943,0.7970788289268238,0.7780306926008349,0.9285246949626924,32,1000,0.2,120,5,0.35,0.15,0.15,2
0.7727155942381514,0.9315648398008437,0.9433971532818973,0.9434120709969215,0.943809053247691,0.947437478621109,0.8019343620538938,0.915721561324161,0.9200524495458173,0.8678931815590437,0.7969124130591768,0.7755113830717191,0.9285246949626924,33,1000,0.2,120,5,0.35,0.15,0.15,2
0.7877014618527333,0.9354214204316106,0.9467835594445134,0.9467842239748101,0.9470013355160306,0.95166719259493,0.814700948075881,0.9208809279425116,0.9245046116503932,0.8593198855185178,0.7850333727115001,0.7786781846855005,0.9285246949626924,34,1000,0.2,120,5,0.35,0.15,0.15,2
0.7747915698107026,0.9361141906340715,0.9477391174273057,0.9477791095673119,0.9478225625655881,0.9511728656406375,0.8002200336779963,0.9197927830337961,0.9226261684722733,0.8567339265244408,0.771101910355311,0.7480859531069086,0.9285246949626924,35,1000,0.2,120,5,0.35,0.15,0.15,2
0.7841371047134201,0.9386542692996601,0.951070131543301,0.9509724805246591,0.9501883016379593,0.9537608531344971,0.8116620423782421,0.9261506265525098,0.9291607503469773,0.8818183098822352,0.8103321102519291,0.7910522151208818,0.9285246949626924,36,1000,0.2,120,5,0.35,0.15,0.15,2
0.7776429041867245,0.9396237616349352,0.9502317431579738,0.9501551029921008,0.9502279111496801,0.9536012575275628,0.8035219300430531,0.9282965416321663,0.9319181824961525,0.8568105251708412,0.7839260221955816,0.7687013549883069,0.9285246949626924,37,1000,0.2,120,5,0.35,0.15,0.15,2
0.7682388774779748,0.9343441934563217,0.9452817105142085,0.9452371650610809,0.9452651399955396,0.949517427506905,0.797489059558733,0.8992559252275815,0.9049221653496029,0.8370119884778361,0.7592457645754283,0.7439294392224567,0.9285246949626924,38,1000,0.2,120,5,0.35,0.15,0.15,2
0.7777282415818476,0.9352978980960531,0.9450977171837828,0.9448778618922445,0.94472614718113,0.9492378883758285,0.8029417123339595,0.9203888944054933,0.9243338651598862,0.8592091363511457,0.7865108052809144,0.7648454009621799,0.9285246949626924,39,1000,0.2,120,5,0.35,0.15,0.15,2
0.784130335640986,0.9323665001998247,0.9456798188363759,0.945681631761809,0.944835902047236,0.9471746765741027,0.8108749137853238,0.9265705775899855,0.9283652730507426,0.8715673264103754,0.793743372750361,0.7767651246325804,0.9285246949626924,40,1000,0.2,120,5,0.35,0.15,0.15,2
0.7700469722181269,0.9347518304236195,0.9447545670582468,0.9447370783899756,0.9442670337919175,0.9492517927594764,0.7926732054745589,0.9177003788592679,0.9230159569931176,0.8692981934205676,0.7822614880277364,0.7608617086976033,0.9285246949626924,41,1000,0.2,120,5,0.35,0.15,0.15,2
0.7746397106980024,0.9324200743406635,0.9468387309818888,0.9461546772273861,0.9460422098163682,0.9502035040240309,0.8022157752714174,0.9335877478022117,0.9354846390967027,0.877951703758281,0.786463056374216,0.7585123956207965,0.9285246949626924,42,1000,0.2,120,5,0.35,0.15,0.15,2
0.7732538584562251,0.9333591381391104,0.9445998292761899,0.944637015669306,0.9449698289818386,0.9494952854717962,0.8013224227082291,0.9209739106545394,0.9260448002825773,0.8678245469441419,0.7789924351691049,0.763314592961077,0.9285246949626924,43,1000,0.2,120,5,0.35,0.15,0.15,2
0.7808571172810383,0.9295263201166709,0.9424514460158686,0.9425692964244167,0.9427524592028202,0.949080171318188,0.8032420676205858,0.9122910580450241,0.9149215137409542,0.85724156663629,0.7739719448794333,0.7630277047389119,0.9285246949626924,44,1000,0.2,120,5,0.35,0.15,0.15,2
0.768112489020115,0.9338136852972465,0.9445740708149549,0.943951320807491,0.9438407362769116,0.947994334457904,0.8003262734702408,0.9103816482319832,0.9152123065851026,0.8378304375768985,0.7702297997614674,0.7543305727139448,0.9285246949626924,45,1000,0.2,120,5,0.35,0.15,0.15,2
0.7759712234750636,0.9297326301382923,0.9411807578164919,0.9410902451583114,0.9413269175387333,0.9447890513367311,0.8026735410324707,0.9030382903015736,0.9062349925285199,0.8446680657553286,0.7691667201797725,0.7638238141068951,0.9285246949626924,46,1000,0.2,120,5,0.35,0.15,0.15,2
0.7721926690745393,0.9330616393856538,0.9449358850009854,0.9444024272711598,0.9444850824280717,0.9485563540742931,0.7995395944181692,0.9235588943491969,0.9262880540878412,0.8760281377783525,0.791164481260469,0.7605301130345354,0.9285246949626924,47,1000,0.2,120,5,0.35,0.15,0.15,2
0.7713771342383107,0.9345859185520362,0.9471564645550528,0.9471419849170437,0.9472855263951735,0.9525322714932126,0.806366407239819,0.9292652307692307,0.9318650015082957,0.8686238310708899,0.7856604283559577,0.7587588054298643,0.9285246949626924,48,1000,0.2,120,5,0.35,0.15,0.15,2
0.7792738120916863,0.9302440541444555,0.9443251990227255,0.9441381430121976,0.9444905798344836,0.9473936241877648,0.8056102289368868,0.9225010429399055,0.9248911394174566,0.8715017828567129,0.8022969790597528,0.8001098846640712,0.9285246949626924,49,1000,0.2,120,5,0.35,0.15,0.15,2
0.7771285143573705,0.9371538901392842,0.9497109414265119,0.9496762367088623,0.9500384732077657,0.9540869083037911,0.8060146640410288,0.9256123123493806,0.9313819476249091,0.8635781582927355,0.7755024877802863,0.7515145100328359,0.9285246949626924,50,1000,0.2,120,5,0.35,0.15,0.15,2
0.7810493827160494,0.933791727582846,0.9445929783950617,0.9447057748538011,0.9447364359974009,0.9504193063677713,0.8066204718973359,0.9052636655295646,0.9088362979207277,0.8615366106237817,0.7861513157894737,0.7728414351851852,0.9285246949626924,51,1000,0.2,120,5,0.35,0.15,0.15,2
0.7843036746833676,0.9363551379675239,0.9443134062292733,0.9443645470993125,0.9442362515062661,0.9482620923276969,0.8126476397010417,0.9108811709860009,0.917020637361076,0.8430434473715612,0.7759394326556035,0.7547561748166393,0.9285246949626924,52,1000,0.2,120,5,0.35,0.15,0.15,2
0.7808196108202194,0.934621539742217,0.946057315158241,0.9457282602185876,0.9460493557172228,0.9511791183870756,0.8073905545313438,0.9218764362787051,0.9267646978601043,0.873223576524347,0.7913747032074897,0.7665886156115117,0.9285246949626924,53,1000,0.2,120,5,0.35,0.15,0.15,2
0.7817868462398205,0.9385680729357794,0.9475529068474179,0.9475431549274842,0.9470251329406105,0.950806049818073,0.7992528273985261,0.9239006977596231,0.9262011756719634,0.864524475417409,0.7882850380875861,0.7734981043730437,0.9285246949626924,54,1000,0.2,120,5,0.35,0.15,0.15,2
0.7793322065994194,0.9299129631008214,0.9411369737772649,0.9411145825578798,0.941515298146356,0.9459682428534206,0.8044760919935978,0.9133732187833445,0.9152836453758157,0.8594352915084742,0.7904572500248145,0.7679127816447058,0.9285246949626924,55,1000,0.2,120,5,0.35,0.15,0.15,2
0.7761382438770694,0.935528791979274,0.9462409107106741,0.9461929481561383,0.9461322726353402,0.9497176180524121,0.806396548237039,0.9131002301817376,0.917982490778284,0.8710061542313953,0.7957503057853628,0.7697175217420616,0.9285246949626924,56,1000,0.2,120,5,0.35,0.15,0.15,2
0.7876122623390651,0.9334170506419756,0.9455536954993768,0.9457740249510295,0.9458537416444046,0.9502957055760004,0.8163852588560664,0.9178201691905523,0.9200489848734372,0.8754483324972442,0.807797337107707,0.7685650965631267,0.9285246949626924,57,1000,0.2,120,5,0.35,0.15,0.15,2
0.7723057270369437,0.9343510326691716,0.9457670678198814,0.9458195582056004,0.9456120916353548,0.9505345766741554,0.8004318413780847,0.921486953788117,0.9258105494351958,0.8611050656005073,0.7719360872457383,0.7595247499365702,0.9285246949626924,58,1000,0.2,120,5,0.35,0.15,0.15,2
0.7758041106089206,0.9369250399203849,0.9486350863207819,0.9486815117856006,0.9487860944201705,0.9521955083613466,0.8063221857068729,0.9167381849448134,0.920104281821623,0.8587075571732607,0.7804347248438906,0.7574684585091209,0.9285246949626924,59,1000,0.2,120,5,0.35,0.15,0.15,2
0.7790555214752366,0.9364764959113918,0.9472254134964244,0.9469691994610331,0.9471662128919408,0.9502862682411259,0.8103158550228381,0.9297450105382871,0.9331456168760932,0.8700114074639504,0.7872120706652409,0.7669974303267796,0.9285246949626924,60,1000,0.2,120,5,0.35,0.15,0.15,2
0.7747677874565587,0.9362868603537429,0.9467438065868923,0.9466532028423689,0.946472298714074,0.9509493978086837,0.8079363419708903,0.930170703117416,0.9325061764249056,0.8760411341000136,0.7857237621263404,0.7645229915091348,0.9285246949626924,61,1000,0.2,120,5,0.35,0.15,0.15,2
0.7693821764169517,0.933207725949257,0.9470193958180074,0.946971876420999,0.9467395170448458,0.9510423555907904,0.7986994540983099,0.9276905239751547,0.931382657324677,0.8733099545518392,0.7826577055940044,0.7614557695833006,0.9285246949626924,62,1000,0.2,120,5,0.35,0.15,0.15,2
0.780963263541928,0.9394405822074332,0.9512368279475836,0.9512058263806588,0.9513642234541109,0.956055129358773,0.8062649282263884,0.9377679928459149,0.9404800816926178,0.8899492222245149,0.7997212052013651,0.7788495747153213,0.9285246949626924,63,1000,0.2,120,5,0.35,0.15,0.15,2
0.7633060225394429,0.9258153823388477,0.9369349015056639,0.936908269898459,0.937168581753611,0.9407810866393004,0.7936401978834942,0.9145059556021087,0.9169120002603118,0.8607736375366596,0.7904656134624615,0.7605989922987203,0.9285246949626924,64,1000,0.2,120,5,0.35,0.15,0.15,2
0.773163224528318,0.9385412402710954,0.9510780292254815,0.9506476354050135,0.9504188748137018,0.9541386637385311,0.8091944347609209,0.9266253440012697,0.9314412605558842,0.8634897488937502,0.7874920389289793,0.7574253056180767,0.9285246949626924,65,1000,0.2,120,5,0.35,0.15,0.15,2
0.7851930692992811,0.9364002980697319,0.9460403390794296,0.9455422041399089,0.9451820751772348,0.9494226927023135,0.808785717376121,0.924724644757743,0.9259779978490769,0.8721845428670322,0.8071962825497092,0.7926949351323621,0.9285246949626924,66,1000,0.2,120,5,0.35,0.15,0.15,2
0.7794714505858563,0.9369706518211584,0.946253418949243,0.9458752816795811,0.9461497329053543,0.9514223341749904,0.8068057467612694,0.9202184667961787,0.9234178500301554,0.8679670364869277,0.7974945187695373,0.7780489102455992,0.9285246949626924,67,1000,0.2,120,5,0.35,0.15,0.15,2
0.7759365435253843,0.9294049490856637,0.9427504667081519,0.9416567308103384,0.9419834067240809,0.945031854117878,0.7993660646566944,0.9067400138706138,0.9107858074803143,0.8614100444778015,0.7973659292757038,0.7742665477530714,0.9285246949626924,68,1000,0.2,120,5,0.35,0.15,0.15,2
0.7781962447049673,0.9377586572212427,0.9473436022014655,0.9470429766401413,0.9468883279138831,0.9505791811595649,0.807125577367289,0.9247554454418083,0.9284438898288255,0.8725153947748386,0.7930434859692173,0.7701452609222711,0.9285246949626924,69,1000,0.2,120,5,0.35,0.15,0.15,2
0.7809703179837788,0.9312624221175104,0.9429175267453718,0.9430726797915157,0.9432173007641312,0.9471524930149435,0.8001417149004754,0.9271821212980859,0.9300425544530143,0.87417292748053,0.7871141250611567,0.7644904509687606,0.9285246949626924,70,1000,0.2,120,5,0.35,0.15,0.15,2
0.7740036778034959,0.9323485530551643,0.9427859400507103,0.9426192993362861,0.9427905255973016,0.9485485086436578,0.7983227826735805,0.9333141520895067,0.9358756189024426,0.880895890920969,0.7868998934201894,0.7636220003207931,0.9285246949626924,71,1000,0.2,120,5,0.35,0.15,0.15,2
0.7643121738651943,0.9250078734810621,0.940116273851184,0.9402284733954392,0.9395187868868198,0.9438109560610974,0.7966719859007125,0.9038572837407445,0.9079484693835738,0.8497232476284919,0.7867004709258785,0.7673629282559039,0.9285246949626924,72,1000,0.2,120,5,0.35,0.15,0.15,2
0.76746572265625,0.934126953125,0.944007421875,0.94229404296875,0.943051171875,0.94874228515625,0.78972236328125,0.922315625,0.9257353515625,0.86168701171875,0.78157939453125,0.7652453125,0.9285246949626924,73,1000,0.2,120,5,0.35,0.15,0.15,2
0.7698721824021959,0.9389928486072542,0.950534290428346,0.9504337159932066,0.9502934121543354,0.9538290288642625,0.8094849998483878,0.9368448588800571,0.9401076736892975,0.888203659528417,0.8203717571374575,0.7949722589688628,0.9285246949626924,74,1000,0.2,120,5,0.35,0.15,0.15,2
0.7792259671739604,0.9277386641999418,0.940799385276491,0.9407925332628555,0.9378291352514078,0.9442310694769711,0.8030139071405323,0.9250591353248222,0.9257688081656426,0.8783915387420193,0.7971491707839927,0.7708039614427404,0.9285246949626924,75,1000,0.2,120,5,0.35,0.15,0.15,2
0.785331820365441,0.935732500990166,0.9477951329544014,0.9476195719473827,0.9476294424625152,0.9516796118951782,0.8051570854151257,0.924446668983842,0.9279527142910398,0.8599615394898706,0.7840966643504497,0.7661118191368972,0.9285246949626924,76,1000,0.2,120,5,0.35,0.15,0.15,2
0.7742789594222909,0.9388563538765715,0.9488217342231281,0.9484275374570091,0.9485337915369311,0.9516485232444009,0.7973490096258761,0.9275114316083776,0.9303769652112793,0.8785945383446123,0.7955815326886861,0.7788150106684575,0.9285246949626924,77,1000,0.2,120,5,0.35,0.15,0.15,2
0.7676832295550268,0.9316240233086489,0.9435193177244753,0.9427113711579752,0.9421425416682473,0.9464394326293974,0.7954959002441003,0.912792480801639,0.9144027178210778,0.8676645936360335,0.7881736711619441,0.77300212172522,0.9285246949626924,78,1000,0.2,120,5,0.35,0.15,0.15,2
0.7853573903465008,0.9389883734999395,0.9499427238914441,0.9499585357115359,0.950168214195361,0.9532654649421504,0.8128343070533681,0.9250341967438257,0.9289813573730615,0.8629301797165579,0.7909885589205379,0.7750605563246494,0.9285246949626924,79,1000,0.2,120,5,0.35,0.15,0.15,2
0.7837353705318458,0.936577069547038,0.9447296339868116,0.9447016465886945,0.9442655661259901,0.9466828444803234,0.8073110250205402,0.9311756953948431,0.9347010422933164,0.861068812586698,0.7936542400036568,0.7765854134716809,0.9285246949626924,80,1000,0.2,120,5,0.35,0.15,0.15,2
0.7766467547443533,0.9318615295612158,0.9433698083237196,0.9432011824427977,0.9425938764299042,0.9453288442932538,0.8017523671563074,0.9153713965577953,0.919341203772902,0.8528169322945693,0.7764923268903141,0.7575489498857302,0.9285246949626924,81,1000,0.2,120,5,0.35,0.15,0.15,2
0.7534295501986806,0.9233170816857428,0.936364011045625,0.9355362195160387,0.9359705773254362,0.9410395397494612,0.7883423561898897,0.9115924271039662,0.9158261308067719,0.856888266084161,0.7660755786467413,0.7513431974611549,0.9285246949626924,82,1000,0.2,120,5,0.35,0.15,0.15,2
0.7758355260117561,0.9330330558301797,0.945123490026916,0.9452373129237643,0.9454559701281822,0.94984210859017,0.8000848835474523,0.9052114179704762,0.9100463996840706,0.8554626050748989,0.7807365543161399,0.7725902544738016,0.9285246949626924,83,1000,0.2,120,5,0.35,0.15,0.15,2
0.7770252901470174,0.9341804365526457,0.9469116943167013,0.9468775195194884,0.9466781499299167,0.9487250509035099,0.8010238689537013,0.9264374039269732,0.928998222113465,0.8714393946338196,0.8042778476772496,0.7925566893130328,0.9285246949626924,84,1000,0.2,120,5,0.35,0.15,0.15,2
0.7730031401372943,0.931772840288853,0.9417296510188111,0.941215243038702,0.9413475844716743,0.945690483501897,0.8014837891650405,0.9029168606551693,0.9065045418074115,0.8420134520708066,0.7745415102376401,0.7516606076215193,0.9285246949626924,85,1000,0.2,120,5,0.35,0.15,0.15,2
0.7782442351874161,0.9391402353809848,0.9470693283910897,0.9471479656368895,0.9475735433864906,0.952306900681744,0.8088709057410653,0.9151922670903322,0.9180230128094805,0.865575189500152,0.7922809835626692,0.7693245665487694,0.9285246949626924,86,1000,0.2,120,5,0.35,0.15,0.15,2
0.7756271057026962,0.9319998091147698,0.9457434502505369,0.9453237890718206,0.9447183011214507,0.9479833929849678,0.8039171558100692,0.9106091147697447,0.9141229300882844,0.8623288952517298,0.7955763302314484,0.7694695299451205,0.9285246949626924,87,1000,0.2,120,5,0.35,0.15,0.15,2
0.7756420901932713,0.9360154617036507,0.9480756859937962,0.9481462180863756,0.9485307563827249,0.9513738964447626,0.8055239322357433,0.9343458840372226,0.9366669529945121,0.8803263183011214,0.7792826533047006,0.7644599379623002,0.9285246949626924,88,1000,0.2,120,5,0.35,0.15,0.15,2
0.7780724609375,0.93869443359375,0.94981669921875,0.94993291015625,0.95008173828125,0.95382451171875,0.805645703125,0.9153595703125,0.91933759765625,0.86397158203125,0.76210732421875,0.75566748046875,0.9285246949626924,89,1000,0.2,120,5,0.35,0.15,0.15,2
0.7813538845191281,0.9345443372520121,0.9452394441780734,0.9444608604002915,0.9439150966109785,0.9481568531995439,0.8110220552316878,0.9190992710498348,0.921420802122722,0.8755662483196801,0.7966976436243854,0.7858971106294094,0.9285246949626924,90,1000,0.2,120,5,0.35,0.15,0.15,2
0.7920133325593096,0.9369993033786137,0.9468302759394713,0.9461421688145826,0.9463407059096715,0.9505138550253492,0.8190770734161539,0.9109943302759395,0.9127663609272805,0.8635937923294245,0.7838165176670924,0.7652394636015326,0.9285246949626924,91,1000,0.2,120,5,0.35,0.15,0.15,2
0.7722532062472764,0.9332498543273947,0.9448213050486819,0.9446569762968342,0.9444827878198756,0.9481810547121946,0.8002630419997224,0.9157965942576187,0.9197104218067733,0.8543937061701387,0.7834037820358902,0.7708451021718847,0.9285246949626924,92,1000,0.2,120,5,0.35,0.15,0.15,2
0.7717892025823438,0.9330472067358506,0.946385016008307,0.9463687913728205,0.9458772235476633,0.9491884012398711,0.7959715388989499,0.9228629644108758,0.9258809397617914,0.8546648337979245,0.7749969482233251,0.7646437958539103,0.9285246949626924,93,1000,0.2,120,5,0.35,0.15,0.15,2
0.7690511485658807,0.932914799422369,0.9458007624910452,0.9441162509478079,0.9445748146069475,0.9485259099275642,0.797812237685522,0.9135705267861801,0.9167821427627463,0.8473227674056449,0.7673792138703766,0.7495919156808826,0.9285246949626924,94,1000,0.2,120,5,0.35,0.15,0.15,2
0.7804162592268546,0.9402940818684995,0.9504356291884423,0.9504222752998679,0.9504376761348661,0.9536687323280292,0.8087945396047093,0.9259055106137096,0.9286606030265175,0.8755021841893078,0.8008074521326453,0.7915917094380995,0.9285246949626924,95,1000,0.2,120,5,0.35,0.15,0.15,2
0.7806483902371218,0.9369057888814171,0.9475496969859849,0.9461340794563083,0.9461052355108149,0.9503496270123452,0.8076683745629478,0.9262938749143419,0.9290630905687091,0.8680859069171424,0.7924703717059205,0.7823329554087369,0.9285246949626924,96,1000,0.2,120,5,0.35,0.15,0.15,2
0.781569276192256,0.9331758258280777,0.945337858597791,0.945004366449517,0.9450397441118303,0.9506190321825211,0.804185600445451,0.9241948024830504,0.9265429948190952,0.8859897150983018,0.7875093587375712,0.7765343042194399,0.9285246949626924,97,1000,0.2,120,5,0.35,0.15,0.15,2
0.7726305404185185,0.9309210460057326,0.9439621150814254,0.9439008241093937,0.9440137184350295,0.9488215587684984,0.8023518660031639,0.9038063611971939,0.9076168564176971,0.8586158273240525,0.7796901285757982,0.7614998505133335,0.9285246949626924,98,1000,0.2,120,5,0.35,0.15,0.15,2
0.7706033139429171,0.9381041416066432,0.9486908540377241,0.9487607489227081,0.9487066049977205,0.9535032645341245,0.7984690263770499,0.9098144330181074,0.9104124772804707,0.8513510041384663,0.7756053266202741,0.7524378302225679,0.9285246949626924,99,1000,0.2,120,5,0.35,0.15,0.15,2
0.7757935457892314,0.9344167050161067,0.94501955821445,0.9435878777419849,0.9434391777880043,0.9490115431814695,0.8016897722043258,0.9247195697192822,0.9262832681392852,0.8704461957355423,0.8001621222580151,0.7841681047706703,0.9285246949626924,0,1000,0.2,120,8,0.35,0.15,0.15,3
0.7739366108521555,0.9320769383205204,0.9449315921040832,0.9451243444770391,0.944437799508196,0.948599596913245,0.8104949827778019,0.9259279604249254,0.930271386087433,0.8736851763088629,0.8035664308058851,0.7926937400073695,0.9285246949626924,1,1000,0.2,120,8,0.35,0.15,0.15,3
0.7702697483675744,0.9365510033444816,0.9459358576206403,0.9458067566491479,0.9456906951743909,0.9505093366778149,0.8026743908265648,0.9305581103678929,0.9319269589106546,0.8798660216594999,0.8079511068641504,0.787117474916388,0.9285246949626924,2,1000,0.2,120,8,0.35,0.15,0.15,3
0.7728202089444347,0.932965963546597,0.9436927941462119,0.9437556397540268,0.943658273319384,0.9470323645045253,0.7977702102967463,0.9206200963337603,0.922261950131666,0.8705885997674024,0.8144348198106272,0.7949603526828632,0.9285246949626924,3,1000,0.2,120,8,0.35,0.15,0.15,3
0.7676506235359974,0.9262855611243191,0.9402249904388211,0.9401070910116788,0.9400859891437665,0.9447970295539404,0.7962740489906,0.9123341289124727,0.9165704740921816,0.871082784273378,0.80084347457162,0.7986395877430671,0.9285246949626924,4,1000,0.2,120,8,0.35,0.15,0.15,3
0.7745116326830814,0.9328098091529174,0.944040776202637,0.9440765016473237,0.9439303787219251,0.9487865989366897,0.8036736494293348,0.922473051935914,0.9271691909231211,0.8754501674459402,0.805201449047463,0.7787102509283003,0.9285246949626924,5,1000,0.2,120,8,0.35,0.15,0.15,3
0.7779335934983367,0.9352664085444325,0.9481120883230593,0.9483072317176076,0.9481826031480647,0.9521406650942581,0.8021419811090981,0.9364547503028798,0.9397656079360016,0.8794212206017998,0.81549619259229,0.7955466843497159,0.9285246949626924,6,1000,0.2,120,8,0.35,0.15,0.15,3
0.7816487874682514,0.9361561403551908,0.9472155904315349,0.9472477508599473,0.9476891453636612,0.9510022595897333,0.8110766613147911,0.9142342351202697,0.9190312531502713,0.861606398646705,0.8065678085913585,0.7919090459810529,0.9285246949626924,7,1000,0.2,120,8,0.35,0.15,0.15,3
0.7846409073079492,0.9375337816660181,0.9471402679805989,0.947102910726627,0.9475327147350212,0.9525748682887865,0.8095405928126794,0.9229864562351457,0.9281346183315957,0.8775061509892191,0.8228203142488293,0.8065060493814,0.9285246949626924,8,1000,0.2,120,8,0.35,0.15,0.15,3
0.7791722018029077,0.9423173770395973,0.9535670147286992,0.9531511914243751,0.9531926958122949,0.9559290625707876,0.8150210810139347,0.92956179258036,0.9323155015478896,0.8878442318887175,0.8177220813573689,0.8023897174340351,0.9285246949626924,9,1000,0.2,120,8,0.35,0.15,0.15,3
0.7884758745628293,0.9359268606512664,0.9448348812126297,0.9448593557098555,0.9450019246306863,0.9488603390672968,0.8071073343004408,0.9244325025700709,0.9282688302652826,0.8816550610126334,0.815591329222878,0.7784383460055183,0.9285246949626924,10,1000,0.2,120,8,0.35,0.15,0.15,3
0.7782148054298642,0.9393659366515837,0.9495844102564103,0.949751891402715,0.9497333574660634,0.9524759939668175,0.802763294117647,0.9292611764705883,0.9315444223227752,0.8652666787330316,0.8092829924585219,0.8008282352941176,0.9285246949626924,11,1000,0.2,120,8,0.35,0.15,0.15,3
0.7818247102819202,0.934403855990347,0.9436496199898293,0.9424466468840035,0.941707586016526,0.9461414575927052,0.811363352078389,0.9243885248706422,0.9276679964036189,0.8664680107385959,0.8179339447813131,0.7999866917706471,0.9285246949626924,12,1000,0.2,120,8,0.35,0.15,0.15,3
0.7638569604086846,0.9304851193931654,0.942044970780603,0.9421376601261658,0.9421484964588412,0.9460450288323852,0.7913623785750222,0.9229746700723712,0.9274041178064166,0.8747512481133171,0.8059386005650373,0.7923904756376021,0.9285246949626924,13,1000,0.2,120,8,0.35,0.15,0.15,3
0.7727285664976662,0.9351846543816305,0.9446903772383002,0.944570411923009,0.9448892169923002,0.9498952884198694,0.8063299793824021,0.9377802949002013,0.9401560491182299,0.8692877167142853,0.8159685961472393,0.7915259387661753,0.9285246949626924,14,1000,0.2,120,8,0.35,0.15,0.15,3
0.7808047747780819,0.9392249748271053,0.9489907948714001,0.9489029709739059,0.9487667945935214,0.9524060590200274,0.8037963803923379,0.9254781665843688,0.9309186103378003,0.8684442420876589,0.8031708571493981,0.7781476578254645,0.9285246949626924,15,1000,0.2,120,8,0.35,0.15,0.15,3
0.7650224672571404,0.9352591653738465,0.9465801945102015,0.9465588513885198,0.9474552624991501,0.9516557047363574,0.7978081096908975,0.9278513637965029,0.9319623773881118,0.8771837586763169,0.797102434622445,0.7678270113912393,0.9285246949626924,16,1000,0.2,120,8,0.35,0.15,0.15,3
0.766383050193147,0.9352216364725671,0.9464306287742624,0.9465251843105994,0.9466693739831896,0.9513545356325469,0.794232413096393,0.9230096335346273,0.9266076571935656,0.8557977935370338,0.7991922169663516,0.7909712999380827,0.9285246949626924,17,1000,0.2,120,8,0.35,0.15,0.15,3
0.7752488940732353,0.935524302323038,0.9475246726715462,0.9472455129951076,0.9476443268011967,0.9511302770792127,0.804129585622168,0.9318144250344406,0.9365328727748002,0.8782074772644669,0.8148125620056589,0.7941178908792291,0.9285246949626924,18,1000,0.2,120,8,0.35,0.15,0.15,3
0.7773387490078516,0.93413412800758,0.9447387371543653,0.9440213300773692,0.9440314016670031,0.9473599651987842,0.8094994652373273,0.9153104238241129,0.9200013635382889,0.8632956991600682,0.8038851350697012,0.7941634363334146,0.9285246949626924,19,1000,0.2,120,8,0.35,0.15,0.15,3
0.7818129324927814,0.934577130390469,0.9440416014198836,0.9438993738234924,0.9435570341278311,0.9472703604683921,0.8043048633829427,0.9276141619758423,0.9306644015680111,0.8662114775338687,0.8116262899449955,0.7969506930478076,0.9285246949626924,20,1000,0.2,120,8,0.35,0.15,0.15,3
0.76843019857289,0.9376538951682221,0.9485918444792588,0.9484641713977727,0.9485606136793261,0.9529184887906963,0.7979157074817211,0.9407387714471135,0.9453031823203031,0.8809591901833935,0.7948639279939534,0.7787672987204407,0.9285246949626924,21,1000,0.2,120,8,0.35,0.15,0.15,3
0.7706353307573311,0.9317129608184436,0.9406661985094971,0.9406375278648922,0.9405655586957822,0.9446934488844827,0.8007381423236153,0.9026730110057243,0.9060563421074933,0.8462544484601767,0.7913477260619377,0.7816301328864873,0.9285246949626924,22,1000,0.2,120,8,0.35,0.15,0.15,3
0.7681383075898911,0.9268207936222899,0.9391622010204929,0.9391547999350263,0.9394440265644434,0.9450159727110293,0.7965279949953081,0.9164492435506357,0.9209513433164888,0.8808705702068915,0.8085373273745506,0.8006128098766317,0.9285246949626924,23,1000,0.2,120,8,0.35,0.15,0.15,3
0.7761526045784013,0.9321940691979939,0.9432968105959793,0.9431878555591906,0.9440911248312313,0.9480060355075054,0.804853185270909,0.9159150418492125,0.9210512579601211,0.8755638398898458,0.8137864310521272,0.8050813796133193,0.9285246949626924,24,1000,0.2,120,8,0.35,0.15,0.15,3
0.7749340089203209,0.936805762620208,0.947409901736953,0.9473736623866342,0.9476805795653396,0.9536954373103446,0.8024554151547911,0.9297209210546642,0.9323697941031679,0.8785254062620625,0.8121940847470324,0.7913672426780238,0.9285246949626924,25,1000,0.2,120,8,0.35,0.15,0.15,3
0.7722617003565855,0.933661548437926,0.9447458982917347,0.943898609329793,0.9441175467861902,0.9499122993069126,0.8058169580284728,0.930494145962394,0.933338019821835,0.8853381195857104,0.8059502111886594,0.7855501077640934,0.9285246949626924,26,1000,0.2,120,8,0.35,0.15,0.15,3
0.7722653956278138,0.9360970347006213,0.94672119979344,0.9468982789093051,0.947216458854077,0.9505031868907148,0.7980926659086336,0.9235944345178206,0.9280567118658039,0.8669651927044568,0.7946020932380701,0.7789234152219187,0.9285246949626924,27,1000,0.2,120,8,0.35,0.15,0.15,3
0.7795737116493323,0.9309559444062181,0.942792177249063,0.9423586667357552,0.9428554414657375,0.946537519295586,0.8014152305689481,0.9138249987246737,0.9178057238249827,0.8760177003236316,0.8085101618399082,0.7993799303410765,0.9285246949626924,28,1000,0.2,120,8,0.35,0.15,0.15,3
0.7764190602293516,0.9407349551387323,0.949893675754329,0.9498301229415517,0.9501031466050321,0.9535664824804779,0.8082078457701899,0.93809546646205,0.9403102624926115,0.8877972166207371,0.8188614221170026,0.7963945280638304,0.9285246949626924,29,1000,0.2,120,8,0.35,0.15,0.15,3
0.7773326479487465,0.9352873250206565,0.9456533149668858,0.9453593988655516,0.9454526579118728,0.9500644775420983,0.807570368453612,0.928954619353954,0.9320005004805311,0.8766822944165819,0.8145889106374967,0.8065711505512839,0.9285246949626924,30,1000,0.2,120,8,0.35,0.15,0.15,3
0.7632250064548225,0.9314228239376307,0.9436398547507494,0.9436138780258948,0.9432149778646818,0.9472215924834378,0.7976049066097383,0.9415269827325625,0.9448468868863196,0.876964785007179,0.8085957179337011,0.7892345958021613,0.9285246949626924,31,1000,0.2,120,8,0.35,0.15,0.15,3
0.775355181475227,0.9346846090509503,0.946464664457304,0.9464674872398063,0.9471351239702805,0.9525200196115248,0.8012541135971389,0.9208515147294251,0.9222292272652367,0.8699155725221007,0.8143393652301916,0.7973862202075991,0.9285246949626924,32,1000,0.2,120,8,0.35,0.15,0.15,3
0.7727155942381514,0.9315648398008437,0.9433971532818973,0.9434120709969215,0.943809053247691,0.947437478621109,0.8019343620538938,0.9183361521796967,0.9218966401885144,0.8728345558891718,0.8104120900003801,0.7957858880316218,0.9285246949626924,33,1000,0.2,120,8,0.35,0.15,0.15,3
0.7877014618527333,0.9354214204316106,0.9467835594445134,0.9467842239748101,0.9470013355160306,0.95166719259493,0.814700948075881,0.9250347169613574,0.9296064955368246,0.8684628730720552,0.7988640519108284,0.7991500847371061,0.9285246949626924,34,1000,0.2,120,8,0.35,0.15,0.15,3
0.7747915698107026,0.9361141906340715,0.9477391174273057,0.9477791095673119,0.9478225625655881,0.9511728656406375,0.8002200336779963,0.9290362547976148,0.9321907309755659,0.8715985050630434,0.8016691719435142,0.7797049310693167,0.9285246949626924,35,1000,0.2,120,8,0.35,0.15,0.15,3
0.7841371047134201,0.9386542692996601,0.951070131543301,0.9509724805246591,0.9501883016379593,0.9537608531344971,0.8116620423782421,0.934534910430825,0.9372759429001241,0.8923353916711443,0.8309400209044094,0.8145452869296459,0.9285246949626924,36,1000,0.2,120,8,0.35,0.15,0.15,3
0.7776429041867245,0.9396237616349352,0.9502317431579738,0.9501551029921008,0.9502279111496801,0.9536012575275628,0.8035219300430531,0.9321998842340469,0.9360543932943393,0.8645485289951855,0.8033076323484777,0.7903571146785471,0.9285246949626924,37,1000,0.2,120,8,0.35,0.15,0.15,3
0.7682388774779748,0.9343441934563217,0.9452817105142085,0.9452371650610809,0.9452651399955396,0.949517427506905,0.797489059558733,0.9090674268050948,0.9148500504523557,0.8540437524075989,0.7879587694303952,0.7777579581378012,0.9285246949626924,38,1000,0.2,120,8,0.35,0.15,0.15,3
0.7777282415818476,0.9352978980960531,0.9450977171837828,0.9448778618922445,0.94472614718113,0.9492378883758285,0.8029417123339595,0.9239995686371234,0.9283633807085087,0.8672781652828402,0.8048386800878373,0.7894311436037496,0.9285246949626924,39,1000,0.2,120,8,0.35,0.15,0.15,3
0.784130335640986,0.9323665001998247,0.9456798188363759,0.945681631761809,0.944835902047236,0.9471746765741027,0.8108749137853238,0.9280178963941316,0.9303847712652125,0.878875732421875,0.8121123361115409,0.8000974749574566,0.9285246949626924,40,1000,0.2,120,8,0.35,0.15,0.15,3
0.7700469722181269,0.9347518304236195,0.9447545670582468,0.9447370783899756,0.9442670337919175,0.9492517927594764,0.7926732054745589,0.9235687552337771,0.9279703306208311,0.8787014302311074,0.8039617988863724,0.7870267104723612,0.9285246949626924,41,1000,0.2,120,8,0.35,0.15,0.15,3
0.7746397106980024,0.9324200743406635,0.9468387309818888,0.9461546772273861,0.9460422098163682,0.9502035040240309,0.8022157752714174,0.9387065401521449,0.9399669032910148,0.8926151713519233,0.8086588886055064,0.7871302842955742,0.9285246949626924,42,1000,0.2,120,8,0.35,0.15,0.15,3
0.7732538584562251,0.9333591381391104,0.9445998292761899,0.944637015669306,0.9449698289818386,0.9494952854717962,0.8013224227082291,0.9301601271598033,0.9342679971349798,0.8806948655304703,0.8006872123941562,0.7909959870092917,0.9285246949626924,43,1000,0.2,120,8,0.35,0.15,0.15,3
0.7808571172810383,0.9295263201166709,0.9424514460158686,0.9425692964244167,0.9427524592028202,0.949080171318188,0.8032420676205858,0.9170621266629682,0.9202162338889751,0.8684620396822592,0.7939606996261059,0.7847427230494268,0.9285246949626924,44,1000,0.2,120,8,0.35,0.15,0.15,3
0.768112489020115,0.9338136852972465,0.9445740708149549,0.943951320807491,0.9438407362769116,0.947994334457904,0.8003262734702408,0.9141081308503735,0.9179494210320385,0.8517793109896274,0.7972432631825402,0.7793545948952767,0.9285246949626924,45,1000,0.2,120,8,0.35,0.15,0.15,3
0.7759712234750636,0.9297326301382923,0.9411807578164919,0.9410902451583114,0.9413269175387333,0.9447890513367311,0.8026735410324707,0.9098693859991593,0.913184375171127,0.8576657425642719,0.7911123463993296,0.7901629976374128,0.9285246949626924,46,1000,0.2,120,8,0.35,0.15,0.15,3
0.7721926690745393,0.9330616393856538,0.9449358850009854,0.9444024272711598,0.9444850824280717,0.9485563540742931,0.7995395944181692,0.9298103761762243,0.9326397035730121,0.8895832948443196,0.8159169584133905,0.7858691627561829,0.9285246949626924,47,1000,0.2,120,8,0.35,0.15,0.15,3
0.7713771342383107,0.9345859185520362,0.9471564645550528,0.9471419849170437,0.9472855263951735,0.9525322714932126,0.806366407239819,0.9382979185520361,0.9398934781297135,0.8818053212669683,0.8094032699849171,0.7881991915535445,0.9285246949626924,48,1000,0.2,120,8,0.35,0.15,0.15,3
0.7792738120916863,0.9302440541444555,0.9443251990227255,0.9441381430121976,0.9444905798344836,0.9473936241877648,0.8056102289368868,0.9268016124438175,0.9283683378244918,0.8853785888567135,0.8267129923910503,0.8230802481743419,0.9285246949626924,49,1000,0.2,120,8,0.35,0.15,0.15,3
0.7771285143573705,0.9371538901392842,0.9497109414265119,0.9496762367088623,0.9500384732077657,0.9540869083037911,0.8060146640410288,0.9353061763630302,0.9412278009975732,0.8741987632430703,0.7981016038770842,0.7765116163707825,0.9285246949626924,50,1000,0.2,120,8,0.35,0.15,0.15,3
0.7810493827160494,0.933791727582846,0.9445929783950617,0.9447057748538011,0.9447364359974009,0.9504193063677713,0.8066204718973359,0.9100798001949317,0.9131019533788174,0.8739931570825211,0.805581647985705,0.7957612491877842,0.9285246949626924,51,1000,0.2,120,8,0.35,0.15,0.15,3
0.7843036746833676,0.9363551379675239,0.9443134062292733,0.9443645470993125,0.9442362515062661,0.9482620923276969,0.8126476397010417,0.9091947047225687,0.915359298114715,0.8464465323189113,0.799224590106912,0.778595604703344,0.9285246949626924,52,1000,0.2,120,8,0.35,0.15,0.15,3
0.7808196108202194,0.934621539742217,0.946057315158241,0.9457282602185876,0.9460493557172228,0.9511791183870756,0.8073905545313438,0.9272689575685111,0.9316860590681766,0.8842342013103763,0.8107489533092396,0.7948126963955672,0.9285246949626924,53,1000,0.2,120,8,0.35,0.15,0.15,3
0.7817868462398205,0.9385680729357794,0.9475529068474179,0.9475431549274842,0.9470251329406105,0.950806049818073,0.7992528273985261,0.9313871491734614,0.9329510645732155,0.8797786236159709,0.8121662222554221,0.7988291064774105,0.9285246949626924,54,1000,0.2,120,8,0.35,0.15,0.15,3
0.7793322065994194,0.9299129631008214,0.9411369737772649,0.9411145825578798,0.941515298146356,0.9459682428534206,0.8044760919935978,0.9154602549070696,0.9170692239571702,0.8615161240043178,0.8034143992406759,0.7882778380046651,0.9285246949626924,55,1000,0.2,120,8,0.35,0.15,0.15,3
0.7761382438770694,0.935528791979274,0.9462409107106741,0.9461929481561383,0.9461322726353402,0.9497176180524121,0.806396548237039,0.923500303377604,0.9273739056736428,0.8844575319509588,0.8168273444347064,0.7948692586992324,0.9285246949626924,56,1000,0.2,120,8,0.35,0.15,0.15,3
0.7876122623390651,0.9334170506419756,0.9455536954993768,0.9457740249510295,0.9458537416444046,0.9502957055760004,0.8163852588560664,0.9253531503712049,0.9290565770755482,0.8829760911998387,0.8196683253454053,0.7896005484193185,0.9285246949626924,57,1000,0.2,120,8,0.35,0.15,0.15,3
0.7723057270369437,0.9343510326691716,0.9457670678198814,0.9458195582056004,0.9456120916353548,0.9505345766741554,0.8004318413780847,0.9250888306216819,0.9290171650278535,0.8689126026441336,0.7944190532999084,0.7873514675620932,0.9285246949626924,58,1000,0.2,120,8,0.35,0.15,0.15,3
0.7758041106089206,0.9369250399203849,0.9486350863207819,0.9486815117856006,0.9487860944201705,0.9521955083613466,0.8063221857068729,0.9216318099664342,0.9254456167793462,0.8716808174090479,0.8056755381418282,0.7865977805018062,0.9285246949626924,59,1000,0.2,120,8,0.35,0.15,0.15,3
0.7790555214752366,0.9364764959113918,0.9472254134964244,0.9469691994610331,0.9471662128919408,0.9502862682411259,0.8103158550228381,0.938225666137177,0.9415534547657163,0.8808463735621882,0.8046132819501702,0.7862089439462022,0.9285246949626924,60,1000,0.2,120,8,0.35,0.15,0.15,3
0.7747677874565587,0.9362868603537429,0.9467438065868923,0.9466532028423689,0.946472298714074,0.9509493978086837,0.8079363419708903,0.9369018737177952,0.938721431506805,0.8905749454759608,0.8144326102291628,0.7969326385428329,0.9285246949626924,61,1000,0.2,120,8,0.35,0.15,0.15,3
0.7693821764169517,0.933207725949257,0.9470193958180074,0.946971876420999,0.9467395170448458,0.9510423555907904,0.7986994540983099,0.9317555750775524,0.934929280376346,0.884866310033116,0.8052336092600925,0.792500124988394,0.9285246949626924,62,1000,0.2,120,8,0.35,0.15,0.15,3
0.780963263541928,0.9394405822074332,0.9512368279475836,0.9512058263806588,0.9513642234541109,0.956055129358773,0.8062649282263884,0.9426656423190727,0.9447016777031249,0.8980882799024816,0.8199997188925443,0.8006430781625261,0.9285246949626924,63,1000,0.2,120,8,0.35,0.15,0.15,3
0.7633060225394429,0.9258153823388477,0.9369349015056639,0.936908269898459,0.937168581753611,0.9407810866393004,0.7936401978834942,0.919312621754866,0.921473268257952,0.8677962470932812,0.8080270763066241,0.777270184724575,0.9285246949626924,64,1000,0.2,120,8,0.35,0.15,0.15,3
0.773163224528318,0.9385412402710954,0.9510780292254815,0.9506476354050135,0.9504188748137018,0.9541386637385311,0.8091944347609209,0.9344377206375659,0.9386368945891439,0.8781119032030936,0.8209644708484103,0.7913839044047953,0.9285246949626924,65,1000,0.2,120,8,0.35,0.15,0.15,3
0.7851930692992811,0.9364002980697319,0.9460403390794296,0.9455422041399089,0.9451820751772348,0.9494226927023135,0.808785717376121,0.929256436544678,0.9313785802362307,0.8828021181647928,0.8290887240328572,0.8183004037616431,0.9285246949626924,66,1000,0.2,120,8,0.35,0.15,0.15,3
0.7794714505858563,0.9369706518211584,0.946253418949243,0.9458752816795811,0.9461497329053543,0.9514223341749904,0.8068057467612694,0.9240536435989858,0.9278575436223077,0.8793156801558086,0.8197855096792581,0.8061709588766668,0.9285246949626924,67,1000,0.2,120,8,0.35,0.15,0.15,3
0.7759365435253843,0.9294049490856637,0.9427504667081519,0.9416567308103384,0.9419834067240809,0.945031854117878,0.7993660646566944,0.9164758665570951,0.9197217445621969,0.876366971946842,0.8177035583824585,0.7984793587532915,0.9285246949626924,68,1000,0.2,120,8,0.35,0.15,0.15,3
0.7781962447049673,0.9377586572212427,0.9473436022014655,0.9470429766401413,0.9468883279138831,0.9505791811595649,0.807125577367289,0.9299699499699327,0.9343216976787949,0.8813520518995344,0.8152601967228152,0.799434188006023,0.9285246949626924,69,1000,0.2,120,8,0.35,0.15,0.15,3
0.7809703179837788,0.9312624221175104,0.9429175267453718,0.9430726797915157,0.9432173007641312,0.9471524930149435,0.8001417149004754,0.929147815799105,0.9322134293494367,0.8776157452938941,0.8091861330429082,0.7856455834383533,0.9285246949626924,70,1000,0.2,120,8,0.35,0.15,0.15,3
0.7740036778034959,0.9323485530551643,0.9427859400507103,0.9426192993362861,0.9427905255973016,0.9485485086436578,0.7983227826735805,0.9423382150867214,0.9452116941975078,0.8935395112158567,0.8104254060355159,0.7880156447141916,0.9285246949626924,71,1000,0.2,120,8,0.35,0.15,0.15,3
0.7643121738651943,0.9250078734810621,0.940116273851184,0.9402284733954392,0.9395187868868198,0.9438109560610974,0.7966719859007125,0.9092107630388554,0.9135198109271819,0.8589243907759877,0.8139317881407229,0.7993783364729693,0.9285246949626924,72,1000,0.2,120,8,0.35,0.15,0.15,3
0.76746572265625,0.934126953125,0.944007421875,0.94229404296875,0.943051171875,0.94874228515625,0.78972236328125,0.92910078125,0.9313525390625,0.87196025390625,0.80399560546875,0.7994078125,0.9285246949626924,73,1000,0.2,120,8,0.35,0.15,0.15,3
0.7698721824021959,0.9389928486072542,0.950534290428346,0.9504337159932066,0.9502934121543354,0.9538290288642625,0.8094849998483878,0.9413796150531007,0.9438664555637627,0.8949067204638153,0.8359422808820808,0.8129561688605738,0.9285246949626924,74,1000,0.2,120,8,0.35,0.15,0.15,3
0.7792259671739604,0.9277386641999418,0.940799385276491,0.9407925332628555,0.9378291352514078,0.9442310694769711,0.8030139071405323,0.9356415809553176,0.9357314402198518,0.8937941801932757,0.820926245414657,0.7964359740504455,0.9285246949626924,75,1000,0.2,120,8,0.35,0.15,0.15,3
0.785331820365441,0.935732500990166,0.9477951329544014,0.9476195719473827,0.9476294424625152,0.9516796118951782,0.8051570854151257,0.9291836537752948,0.9325583158179604,0.8634817676731813,0.8010670506009563,0.7906909351009797,0.9285246949626924,76,1000,0.2,120,8,0.35,0.15,0.15,3
0.7742789594222909,0.9388563538765715,0.9488217342231281,0.9484275374570091,0.9485337915369311,0.9516485232444009,0.7973490096258761,0.9387890400579838,0.94111704151071,0.8923651062384256,0.8192072154151775,0.8007098085626309,0.9285246949626924,77,1000,0.2,120,8,0.35,0.15,0.15,3
0.7676832295550268,0.9316240233086489,0.9435193177244753,0.9427113711579752,0.9421425416682473,0.9464394326293974,0.7954959002441003,0.9168468415140402,0.9193349463659032,0.88181043613414,0.8119536304008692,0.8028697169827053,0.9285246949626924,78,1000,0.2,120,8,0.35,0.15,0.15,3
0.7853573903465008,0.9389883734999395,0.9499427238914441,0.9499585357115359,0.950168214195361,0.9532654649421504,0.8128343070533681,0.9326385036871986,0.936363120314398,0.8754488199864549,0.8173913521718567,0.8042073387272919,0.9285246949626924,79,1000,0.2,120,8,0.35,0.15,0.15,3
0.7837353705318458,0.936577069547038,0.9447296339868116,0.9447016465886945,0.9442655661259901,0.9466828444803234,0.8073110250205402,0.9323279239858393,0.9364283199155226,0.8694384972568476,0.8158305245864934,0.8031525237660463,0.9285246949626924,80,1000,0.2,120,8,0.35,0.15,0.15,3
0.7766467547443533,0.9318615295612158,0.9433698083237196,0.9432011824427977,0.9425938764299042,0.9453288442932538,0.8017523671563074,0.922591482214686,0.9265533151955161,0.8657593090189853,0.7965768946172849,0.7834436225040282,0.9285246949626924,81,1000,0.2,120,8,0.35,0.15,0.15,3
0.7534295501986806,0.9233170816857428,0.936364011045625,0.9355362195160387,0.9359705773254362,0.9410395397494612,0.7883423561898897,0.9179505953145797,0.9225614406831025,0.8672187862904301,0.7865156095822494,0.7750432878917548,0.9285246949626924,82,1000,0.2,120,8,0.35,0.15,0.15,3
0.7758355260117561,0.9330330558301797,0.945123490026916,0.9452373129237643,0.9454559701281822,0.94984210859017,0.8000848835474523,0.9085711963196808,0.9122259371801174,0.8602333965367942,0.7981216584064462,0.7935471503778285,0.9285246949626924,83,1000,0.2,120,8,0.35,0.15,0.15,3
0.7770252901470174,0.9341804365526457,0.9469116943167013,0.9468775195194884,0.9466781499299167,0.9487250509035099,0.8010238689537013,0.9299722536515223,0.9329547270619359,0.8804598473034192,0.8242523690208552,0.8147966111354442,0.9285246949626924,84,1000,0.2,120,8,0.35,0.15,0.15,3
0.7730031401372943,0.931772840288853,0.9417296510188111,0.941215243038702,0.9413475844716743,0.945690483501897,0.8014837891650405,0.9099894007984072,0.9131215143980743,0.8579856564075641,0.8009907777040346,0.780386127923448,0.9285246949626924,85,1000,0.2,120,8,0.35,0.15,0.15,3
0.7782442351874161,0.9391402353809848,0.9470693283910897,0.9471479656368895,0.9475735433864906,0.952306900681744,0.8088709057410653,0.9197459099851351,0.9221878598922338,0.8789338623688192,0.8108123481159648,0.7903747620881838,0.9285246949626924,86,1000,0.2,120,8,0.35,0.15,0.15,3
0.7756271057026962,0.9319998091147698,0.9457434502505369,0.9453237890718206,0.9447183011214507,0.9479833929849678,0.8039171558100692,0.9194224767358625,0.9214709615843474,0.8812622285850632,0.8191210689572894,0.7991211643999045,0.9285246949626924,87,1000,0.2,120,8,0.35,0.15,0.15,3
0.7756420901932713,0.9360154617036507,0.9480756859937962,0.9481462180863756,0.9485307563827249,0.9513738964447626,0.8055239322357433,0.9440406585540444,0.9462558816511573,0.8914227630637079,0.8045787640181341,0.7987704127893104,0.9285246949626924,88,1000,0.2,120,8,0.35,0.15,0.15,3
0.7780724609375,0.93869443359375,0.94981669921875,0.94993291015625,0.95008173828125,0.95382451171875,0.805645703125,0.92415966796875,0.92869267578125,0.88098837890625,0.79001494140625,0.7851328125,0.9285246949626924,89,1000,0.2,120,8,0.35,0.15,0.15,3
0.7813538845191281,0.9345443372520121,0.9452394441780734,0.9444608604002915,0.9439150966109785,0.9481568531995439,0.8110220552316878,0.9240465486986549,0.9267774271312174,0.8875062654957933,0.8204803917809248,0.809575707636937,0.9285246949626924,90,1000,0.2,120,8,0.35,0.15,0.15,3
0.7920133325593096,0.9369993033786137,0.9468302759394713,0.9461421688145826,0.9463407059096715,0.9505138550253492,0.8190770734161539,0.9145743836835791,0.9156331514377491,0.87276316807926,0.8005986106273463,0.7887537249893571,0.9285246949626924,91,1000,0.2,120,8,0.35,0.15,0.15,3
0.7722532062472764,0.9332498543273947,0.9448213050486819,0.9446569762968342,0.9444827878198756,0.9481810547121946,0.8002630419997224,0.9238638793417107,0.9276984424340916,0.866537600931686,0.8098953167852347,0.7991746056786604,0.9285246949626924,92,1000,0.2,120,8,0.35,0.15,0.15,3
0.7717892025823438,0.9330472067358506,0.946385016008307,0.9463687913728205,0.9458772235476633,0.9491884012398711,0.7959715388989499,0.9323409522161307,0.9356841928784667,0.8694199808703822,0.8014121034235526,0.7948042343208213,0.9285246949626924,93,1000,0.2,120,8,0.35,0.15,0.15,3
0.7690511485658807,0.932914799422369,0.9458007624910452,0.9441162509478079,0.9445748146069475,0.9485259099275642,0.797812237685522,0.9178844838152183,0.9208778718322924,0.8574156877113684,0.7922008019509049,0.7800176685059323,0.9285246949626924,94,1000,0.2,120,8,0.35,0.15,0.15,3
0.7804162592268546,0.9402940818684995,0.9504356291884423,0.9504222752998679,0.9504376761348661,0.9536687323280292,0.8087945396047093,0.9315859818870584,0.9343297673577158,0.8799171552045465,0.8193122376984369,0.8115832604230512,0.9285246949626924,95,1000,0.2,120,8,0.35,0.15,0.15,3
0.7806483902371218,0.9369057888814171,0.9475496969859849,0.9461340794563083,0.9461052355108149,0.9503496270123452,0.8076683745629478,0.9328328859568477,0.9352784193832889,0.8743482917247114,0.8119771481134632,0.8013357995398948,0.9285246949626924,96,1000,0.2,120,8,0.35,0.15,0.15,3
0.781569276192256,0.9331758258280777,0.945337858597791,0.945004366449517,0.9450397441118303,0.9506190321825211,0.804185600445451,0.9255672250569215,0.9289383894165416,0.893686952295145,0.8056798260034278,0.7991021764568579,0.9285246949626924,97,1000,0.2,120,8,0.35,0.15,0.15,3
0.7726305404185185,0.9309210460057326,0.9439621150814254,0.9439008241093937,0.9440137184350295,0.9488215587684984,0.8023518660031639,0.9146658937034221,0.9191497263631462,0.8711598544325027,0.7941396430870354,0.7840216450170775,0.9285246949626924,98,1000,0.2,120,8,0.35,0.15,0.15,3
0.7706033139429171,0.9381041416066432,0.9486908540377241,0.9487607489227081,0.9487066049977205,0.9535032645341245,0.7984690263770499,0.912613083278968,0.9126665380994557,0.8588198140382597,0.7897777450945358,0.7684809705269021,0.9285246949626924,99,1000,0.2,120,8,0.35,0.15,0.15,3
0.7757935457892314,0.9344167050161067,0.94501955821445,0.9435878777419849,0.9434391777880043,0.9490115431814695,0.8016897722043258,0.9373266605307563,0.9409804034361098,0.8974921383647799,0.843188276576162,0.835987498082528,0.9285246949626924,0,1000,0.2,120,15,0.35,0.15,0.15,4
0.7739366108521555,0.9320769383205204,0.9449315921040832,0.9451243444770391,0.944437799508196,0.948599596913245,0.8104949827778019,0.9405135462685926,0.9441192363422688,0.8959250396062811,0.8422340531620495,0.8350438383671925,0.9285246949626924,1,1000,0.2,120,15,0.35,0.15,0.15,4
0.7702697483675744,0.9365510033444816,0.9459358576206403,0.9458067566491479,0.9456906951743909,0.9505093366778149,0.8026743908265648,0.9413515289058767,0.9415561793279185,0.8995910973084886,0.8504538939321548,0.8374868609651218,0.9285246949626924,2,1000,0.2,120,15,0.35,0.15,0.15,4
0.7728202089444347,0.932965963546597,0.9436927941462119,0.9437556397540268,0.943658273319384,0.9470323645045253,0.7977702102967463,0.9282289389763247,0.9295609904821851,0.8950878633722718,0.8476834902424571,0.8322880866266219,0.9285246949626924,3,1000,0.2,120,15,0.35,0.15,0.15,4
0.7676506235359974,0.9262855611243191,0.9402249904388211,0.9401070910116788,0.9400859891437665,0.9447970295539404,0.7962740489906,0.9275817772399705,0.9323086924498581,0.8964052193631127,0.8397332491581758,0.8401971998595661,0.9285246949626924,4,1000,0.2,120,15,0.35,0.15,0.15,4
0.7745116326830814,0.9328098091529174,0.944040776202637,0.9440765016473237,0.9439303787219251,0.9487865989366897,0.8036736494293348,0.9393399519112088,0.9420703129461105,0.9041360401507145,0.8557818459883888,0.831576978718665,0.9285246949626924,5,1000,0.2,120,15,0.35,0.15,0.15,4
0.7779335934983367,0.9352664085444325,0.9481120883230593,0.9483072317176076,0.9481826031480647,0.9521406650942581,0.8021419811090981,0.9496734318995712,0.9525507903160164,0.9000646811472821,0.8507203118837319,0.8399244725333953,0.9285246949626924,6,1000,0.2,120,15,0.35,0.15,0.15,4
0.7816487874682514,0.9361561403551908,0.9472155904315349,0.9472477508599473,0.9476891453636612,0.9510022595897333,0.8110766613147911,0.9285816218395864,0.9328293554882952,0.8821174740786455,0.8386797504862175,0.8296364740565167,0.9285246949626924,7,1000,0.2,120,15,0.35,0.15,0.15,4
0.7846409073079492,0.9375337816660181,0.9471402679805989,0.947102910726627,0.9475327147350212,0.9525748682887865,0.8095405928126794,0.9371434863764843,0.9405246112425188,0.8999205033723723,0.8621229814491896,0.8486753479578834,0.9285246949626924,8,1000,0.2,120,15,0.35,0.15,0.15,4
0.7791722018029077,0.9423173770395973,0.9535670147286992,0.9531511914243751,0.9531926958122949,0.9559290625707876,0.8150210810139347,0.9406572015228019,0.9433645346953787,0.9117838848983947,0.8617102048670228,0.8533829242569277,0.9285246949626924,9,1000,0.2,120,15,0.35,0.15,0.15,4
0.7884758745628293,0.9359268606512664,0.9448348812126297,0.9448593557098555,0.9450019246306863,0.9488603390672968,0.8071073343004408,0.9382088587929954,0.9423630564826626,0.8990156377113798,0.8547383870251736,0.8321264388343016,0.9285246949626924,10,1000,0.2,120,15,0.35,0.15,0.15,4
0.7782148054298642,0.9393659366515837,0.9495844102564103,0.949751891402715,0.9497333574660634,0.9524759939668175,0.802763294117647,0.9405302926093514,0.9431393303167421,0.8858913785822021,0.8425349019607843,0.8376326757164404,0.9285246949626924,11,1000,0.2,120,15,0.35,0.15,0.15,4
0.7818247102819202,0.934403855990347,0.9436496199898293,0.9424466468840035,0.941707586016526,0.9461414575927052,0.811363352078389,0.9394271202166516,0.9423707267922201,0.8919262190974868,0.859487508775484,0.8462629988475745,0.9285246949626924,12,1000,0.2,120,15,0.35,0.15,0.15,4
0.7638569604086846,0.9304851193931654,0.942044970780603,0.9421376601261658,0.9421484964588412,0.9460450288323852,0.7913623785750222,0.9341775997523124,0.9377937420178799,0.8924536553272185,0.8417963156468904,0.8347745655791633,0.9285246949626924,13,1000,0.2,120,15,0.35,0.15,0.15,4
0.7727285664976662,0.9351846543816305,0.9446903772383002,0.944570411923009,0.9448892169923002,0.9498952884198694,0.8063299793824021,0.9490768784243232,0.9520655882549848,0.8989190493695858,0.8577267484769315,0.8416901820065257,0.9285246949626924,14,1000,0.2,120,15,0.35,0.15,0.15,4
0.7808047747780819,0.9392249748271053,0.9489907948714001,0.9489029709739059,0.9487667945935214,0.9524060590200274,0.8037963803923379,0.9399131589407294,0.9451448975894412,0.8929274724598072,0.852912931190667,0.8302599903137149,0.9285246949626924,15,1000,0.2,120,15,0.35,0.15,0.15,4
0.7650224672571404,0.9352591653738465,0.9465801945102015,0.9465588513885198,0.9474552624991501,0.9516557047363574,0.7978081096908975,0.9435052397846605,0.9480502623755339,0.9033592142022733,0.8389775427866816,0.8244643166183533,0.9285246949626924,16,1000,0.2,120,15,0.35,0.15,0.15,4
0.766383050193147,0.9352216364725671,0.9464306287742624,0.9465251843105994,0.9466693739831896,0.9513545356325469,0.794232413096393,0.9276989062942602,0.9304941604686666,0.8826024330753862,0.8362102582228472,0.8323559419330742,0.9285246949626924,17,1000,0.2,120,15,0.35,0.15,0.15,4
0.7752488940732353,0.935524302323038,0.9475246726715462,0.9472455129951076,0.9476443268011967,0.9511302770792127,0.804129585622168,0.9410661462610931,0.9448369492751387,0.8984431080070286,0.8564446083779265,0.8394493273250581,0.9285246949626924,18,1000,0.2,120,15,0.35,0.15,0.15,4
0.7773387490078516,0.93413412800758,0.9447387371543653,0.9440213300773692,0.9440314016670031,0.9473599651987842,0.8094994652373273,0.9268124697125995,0.9305496105200078,0.8862671551129393,0.8423363337631836,0.8436290803980138,0.9285246949626924,19,1000,0.2,120,15,0.35,0.15,0.15,4
0.7818129324927814,0.934577130390469,0.9440416014198836,0.9438993738234924,0.9435570341278311,0.9472703604683921,0.8043048633829427,0.9373372378508691,0.9401933464044854,0.8901530553437685,0.8564715735897039,0.8461344759389531,0.9285246949626924,20,1000,0.2,120,15,0.35,0.15,0.15,4
0.76843019857289,0.9376538951682221,0.9485918444792588,0.9484641713977727,0.9485606136793261,0.9529184887906963,0.7979157074817211,0.9472527502745953,0.951497880234007,0.8967069773142612,0.831873702645072,0.826363725288384,0.9285246949626924,21,1000,0.2,120,15,0.35,0.15,0.15,4
0.7706353307573311,0.9317129608184436,0.9406661985094971,0.9406375278648922,0.9405655586957822,0.9446934488844827,0.8007381423236153,0.9145940504901754,0.9184317235416516,0.8723045571404484,0.8386362486080353,0.8317389106773869,0.9285246949626924,22,1000,0.2,120,15,0.35,0.15,0.15,4
0.7681383075898911,0.9268207936222899,0.9391622010204929,0.9391547999350263,0.9394440265644434,0.9450159727110293,0.7965279949953081,0.9325499154523368,0.9351077695426635,0.9011821675909584,0.8483135847702801,0.844478361758046,0.9285246949626924,23,1000,0.2,120,15,0.35,0.15,0.15,4
0.7761526045784013,0.9321940691979939,0.9432968105959793,0.9431878555591906,0.9440911248312313,0.9480060355075054,0.804853185270909,0.9312444236948002,0.9342695510742016,0.9001729309506429,0.8524266605504374,0.8422144786205574,0.9285246949626924,24,1000,0.2,120,15,0.35,0.15,0.15,4
0.7749340089203209,0.936805762620208,0.947409901736953,0.9473736623866342,0.9476805795653396,0.9536954373103446,0.8024554151547911,0.9399066074051274,0.9425492624417802,0.8948540996955214,0.8525859011050476,0.8387866754612672,0.9285246949626924,25,1000,0.2,120,15,0.35,0.15,0.15,4
0.7722617003565855,0.933661548437926,0.9447458982917347,0.943898609329793,0.9441175467861902,0.9499122993069126,0.8058169580284728,0.9388932183594897,0.9430205464304797,0.9021561769276125,0.846770028880234,0.8365710834206016,0.9285246949626924,26,1000,0.2,120,15,0.35,0.15,0.15,4
0.7722653956278138,0.9360970347006213,0.94672119979344,0.9468982789093051,0.947216458854077,0.9505031868907148,0.7980926659086336,0.9341591530071205,0.938383159058455,0.8874669976798368,0.8289766795726246,0.8272379876403432,0.9285246949626924,27,1000,0.2,120,15,0.35,0.15,0.15,4
0.7795737116493323,0.9309559444062181,0.942792177249063,0.9423586667357552,0.9428554414657375,0.946537519295586,0.8014152305689481,0.9208600800382718,0.9248489391092961,0.8939356327767287,0.8442473144842119,0.8424047190687186,0.9285246949626924,28,1000,0.2,120,15,0.35,0.15,0.15,4
0.7764190602293516,0.9407349551387323,0.949893675754329,0.9498301229415517,0.9501031466050321,0.9535664824804779,0.8082078457701899,0.9471132401953216,0.948933852828841,0.9032412324410987,0.8533512022008768,0.8386799573923228,0.9285246949626924,29,1000,0.2,120,15,0.35,0.15,0.15,4
0.7773326479487465,0.9352873250206565,0.9456533149668858,0.9453593988655516,0.9454526579118728,0.9500644775420983,0.807570368453612,0.9395597127117794,0.9434446347286229,0.8934200174393448,0.8497741058655776,0.8478886849176783,0.9285246949626924,30,1000,0.2,120,15,0.35,0.15,0.15,4
0.7632250064548225,0.9314228239376307,0.9436398547507494,0.9436138780258948,0.9432149778646818,0.9472215924834378,0.7976049066097383,0.9506996201100784,0.9527178345172422,0.9015827500377843,0.8487552425753797,0.836718868076022,0.9285246949626924,31,1000,0.2,120,15,0.35,0.15,0.15,4
0.775355181475227,0.9346846090509503,0.946464664457304,0.9464674872398063,0.9471351239702805,0.9525200196115248,0.8012541135971389,0.9298269897136833,0.931292013832413,0.8904750655347893,0.8494867062031424,0.841484701832891,0.9285246949626924,32,1000,0.2,120,15,0.35,0.15,0.15,4
0.7727155942381514,0.9315648398008437,0.9433971532818973,0.9434120709969215,0.943809053247691,0.947437478621109,0.8019343620538938,0.9324680741895025,0.9365268328835848,0.9057045532286876,0.8559970164569952,0.8455942381513435,0.9285246949626924,33,1000,0.2,120,15,0.35,0.15,0.15,4
0.7877014618527333,0.9354214204316106,0.9467835594445134,0.9467842239748101,0.9470013355160306,0.95166719259493,0.814700948075881,0.9388356821631334,0.9423800968999092,0.8962816302181292,0.8543918237711221,0.8539945295865976,0.9285246949626924,34,1000,0.2,120,15,0.35,0.15,0.15,4
0.7747915698107026,0.9361141906340715,0.9477391174273057,0.9477791095673119,0.9478225625655881,0.9511728656406375,0.8002200336779963,0.9405362061533291,0.9437927776502387,0.893049962103602,0.8415292225258805,0.8303552647921889,0.9285246949626924,35,1000,0.2,120,15,0.35,0.15,0.15,4
0.7841371047134201,0.9386542692996601,0.951070131543301,0.9509724805246591,0.9501883016379593,0.9537608531344971,0.8116620423782421,0.9498476251205185,0.9527220532894738,0.9158317217082048,0.8667136426522783,0.8580403347580415,0.9285246949626924,36,1000,0.2,120,15,0.35,0.15,0.15,4
0.7776429041867245,0.9396237616349352,0.9502317431579738,0.9501551029921008,0.9502279111496801,0.9536012575275628,0.8035219300430531,0.9367542752193555,0.9400183602325577,0.8790117073748768,0.834606690037987,0.8348251145107247,0.9285246949626924,37,1000,0.2,120,15,0.35,0.15,0.15,4
0.7682388774779748,0.9343441934563217,0.9452817105142085,0.9452371650610809,0.9452651399955396,0.949517427506905,0.797489059558733,0.9257476033181586,0.9316340363911984,0.8834864449258343,0.8245893630526561,0.8206833993814713,0.9285246949626924,38,1000,0.2,120,15,0.35,0.15,0.15,4
0.7777282415818476,0.9352978980960531,0.9450977171837828,0.9448778618922445,0.94472614718113,0.9492378883758285,0.8029417123339595,0.9355000873111853,0.9398535132827055,0.8847655425315157,0.8432852068644161,0.8330917837117028,0.9285246949626924,39,1000,0.2,120,15,0.35,0.15,0.15,4
0.784130335640986,0.9323665001998247,0.9456798188363759,0.945681631761809,0.944835902047236,0.9471746765741027,0.8108749137853238,0.9401139363203899,0.9417842449528155,0.9012513617084364,0.8604010150770937,0.8537158525422854,0.9285246949626924,40,1000,0.2,120,15,0.35,0.15,0.15,4
0.7700469722181269,0.9347518304236195,0.9447545670582468,0.9447370783899756,0.9442670337919175,0.9492517927594764,0.7926732054745589,0.9342294175228054,0.9391851589793222,0.8967705464251354,0.8378360792008049,0.8295792783315693,0.9285246949626924,41,1000,0.2,120,15,0.35,0.15,0.15,4
0.7746397106980024,0.9324200743406635,0.9468387309818888,0.9461546772273861,0.9460422098163682,0.9502035040240309,0.8022157752714174,0.9462435294339908,0.948223073943928,0.9114411139134487,0.839053624619008,0.829555195817275,0.9285246949626924,42,1000,0.2,120,15,0.35,0.15,0.15,4
0.7732538584562251,0.9333591381391104,0.9445998292761899,0.944637015669306,0.9449698289818386,0.9494952854717962,0.8013224227082291,0.9429206526751636,0.9450466546963765,0.8996317664027316,0.8434090797594168,0.8366767727312866,0.9285246949626924,43,1000,0.2,120,15,0.35,0.15,0.15,4
0.7808571172810383,0.9295263201166709,0.9424514460158686,0.9425692964244167,0.9427524592028202,0.949080171318188,0.8032420676205858,0.9300857013549627,0.9345606552136944,0.8938906425046756,0.8319729791200196,0.830483568944506,0.9285246949626924,44,1000,0.2,120,15,0.35,0.15,0.15,4
0.768112489020115,0.9338136852972465,0.9445740708149549,0.943951320807491,0.9438407362769116,0.947994334457904,0.8003262734702408,0.923199829193059,0.9269419272114157,0.8773487918590929,0.8387177654932266,0.8330469200538663,0.9285246949626924,45,1000,0.2,120,15,0.35,0.15,0.15,4
0.7759712234750636,0.9297326301382923,0.9411807578164919,0.9410902451583114,0.9413269175387333,0.9447890513367311,0.8026735410324707,0.932136780286481,0.9343211983994132,0.8914989605325414,0.8418629612747649,0.8352986760135349,0.9285246949626924,46,1000,0.2,120,15,0.35,0.15,0.15,4
0.7721926690745393,0.9330616393856538,0.9449358850009854,0.9444024272711598,0.9444850824280717,0.9485563540742931,0.7995395944181692,0.9455730706227214,0.9469007491501625,0.9130846866070549,0.8568434813466844,0.8251865562493842,0.9285246949626924,47,1000,0.2,120,15,0.35,0.15,0.15,4
0.7713771342383107,0.9345859185520362,0.9471564645550528,0.9471419849170437,0.9472855263951735,0.9525322714932126,0.806366407239819,0.9477108416289592,0.9506923921568627,0.8956632036199095,0.8428229502262443,0.834891197586727,0.9285246949626924,48,1000,0.2,120,15,0.35,0.15,0.15,4
0.7792738120916863,0.9302440541444555,0.9443251990227255,0.9441381430121976,0.9444905798344836,0.9473936241877648,0.8056102289368868,0.939833658604543,0.9414542377830416,0.9089451635613364,0.8660965420992038,0.8626521906894231,0.9285246949626924,49,1000,0.2,120,15,0.35,0.15,0.15,4
0.7771285143573705,0.9371538901392842,0.9497109414265119,0.9496762367088623,0.9500384732077657,0.9540869083037911,0.8060146640410288,0.9476760528988342,0.9520816293413102,0.8942506876533112,0.8397769707569013,0.8277949987521683,0.9285246949626924,50,1000,0.2,120,15,0.35,0.15,0.15,4
0.7810493827160494,0.933791727582846,0.9445929783950617,0.9447057748538011,0.9447364359974009,0.9504193063677713,0.8066204718973359,0.9280393112410656,0.9311078622482132,0.8945675966536712,0.8401967592592593,0.8308257188109162,0.9285246949626924,51,1000,0.2,120,15,0.35,0.15,0.15,4
0.7843036746833676,0.9363551379675239,0.9443134062292733,0.9443645470993125,0.9442362515062661,0.9482620923276969,0.8126476397010417,0.9267357275340572,0.9324392647972757,0.8794133757910946,0.8311161943230875,0.8177363040759273,0.9285246949626924,52,1000,0.2,120,15,0.35,0.15,0.15,4
0.7808196108202194,0.934621539742217,0.946057315158241,0.9457282602185876,0.9460493557172228,0.9511791183870756,0.8073905545313438,0.9390565014509964,0.9432969421866002,0.8993323873246484,0.8391849299438151,0.829821618249484,0.9285246949626924,53,1000,0.2,120,15,0.35,0.15,0.15,4
0.7817868462398205,0.9385680729357794,0.9475529068474179,0.9475431549274842,0.9470251329406105,0.950806049818073,0.7992528273985261,0.9397133384127834,0.9411785643828092,0.8970913045933201,0.8492466300534084,0.840803417774883,0.9285246949626924,54,1000,0.2,120,15,0.35,0.15,0.15,4
0.7793322065994194,0.9299129631008214,0.9411369737772649,0.9411145825578798,0.941515298146356,0.9459682428534206,0.8044760919935978,0.927318392671034,0.929450889755329,0.8905769218839177,0.8539706707982828,0.8409664127831956,0.9285246949626924,55,1000,0.2,120,15,0.35,0.15,0.15,4
0.7761382438770694,0.935528791979274,0.9462409107106741,0.9461929481561383,0.9461322726353402,0.9497176180524121,0.806396548237039,0.9391038321888453,0.9413751191840587,0.9041553100711733,0.8542788762508307,0.8422575146150957,0.9285246949626924,56,1000,0.2,120,15,0.35,0.15,0.15,4
0.7876122623390651,0.9334170506419756,0.9455536954993768,0.9457740249510295,0.9458537416444046,0.9502957055760004,0.8163852588560664,0.9348213060156345,0.9376186820455835,0.9022451630245795,0.8534244527655929,0.8322642526599411,0.9285246949626924,57,1000,0.2,120,15,0.35,0.15,0.15,4
0.7723057270369437,0.9343510326691716,0.9457670678198814,0.9458195582056004,0.9456120916353548,0.9505345766741554,0.8004318413780847,0.937899843354103,0.9406137018523061,0.893092533928749,0.8374864071971899,0.8356603751133773,0.9285246949626924,58,1000,0.2,120,15,0.35,0.15,0.15,4
0.7758041106089206,0.9369250399203849,0.9486350863207819,0.9486815117856006,0.9487860944201705,0.9521955083613466,0.8063221857068729,0.9386705571807811,0.9423781770234058,0.8922490029304194,0.8459785570504288,0.8387166316971616,0.9285246949626924,59,1000,0.2,120,15,0.35,0.15,0.15,4
0.7790555214752366,0.9364764959113918,0.9472254134964244,0.9469691994610331,0.9471662128919408,0.9502862682411259,0.8103158550228381,0.9520432610590206,0.9548957064978892,0.9082189754065431,0.8468812580736876,0.8332143204813618,0.9285246949626924,60,1000,0.2,120,15,0.35,0.15,0.15,4
0.7747677874565587,0.9362868603537429,0.9467438065868923,0.9466532028423689,0.946472298714074,0.9509493978086837,0.8079363419708903,0.949970048181777,0.9516945529352377,0.9111541299128263,0.8493878584510642,0.8420491573851759,0.9285246949626924,61,1000,0.2,120,15,0.35,0.15,0.15,4
0.7693821764169517,0.933207725949257,0.9470193958180074,0.946971876420999,0.9467395170448458,0.9510423555907904,0.7986994540983099,0.9379939481810022,0.9420718552324903,0.9020947102530955,0.8396206066579532,0.8368275326814891,0.9285246949626924,62,1000,0.2,120,15,0.35,0.15,0.15,4
0.780963263541928,0.9394405822074332,0.9512368279475836,0.9512058263806588,0.9513642234541109,0.956055129358773,0.8062649282263884,0.9484845666524219,0.9512996285493929,0.9126510416775695,0.8567891089003306,0.8444062257924863,0.9285246949626924,63,1000,0.2,120,15,0.35,0.15,0.15,4
0.7633060225394429,0.9258153823388477,0.9369349015056639,0.936908269898459,0.937168581753611,0.9407810866393004,0.7936401978834942,0.9357331865463706,0.9393992451730938,0.8944283385092265,0.8448229511384576,0.8246414223563724,0.9285246949626924,64,1000,0.2,120,15,0.35,0.15,0.15,4
0.773163224528318,0.9385412402710954,0.9510780292254815,0.9506476354050135,0.9504188748137018,0.9541386637385311,0.8091944347609209,0.9489842624859758,0.9518745412135486,0.9114661084098467,0.8631987370795816,0.837245038223263,0.9285246949626924,65,1000,0.2,120,15,0.35,0.15,0.15,4
0.7851930692992811,0.9364002980697319,0.9460403390794296,0.9455422041399089,0.9451820751772348,0.9494226927023135,0.808785717376121,0.9361475607419448,0.9389309549047846,0.9074041703494014,0.8636475839199955,0.8549201786564148,0.9285246949626924,66,1000,0.2,120,15,0.35,0.15,0.15,4
0.7794714505858563,0.9369706518211584,0.946253418949243,0.9458752816795811,0.9461497329053543,0.9514223341749904,0.8068057467612694,0.934847049005685,0.9380545782819072,0.9041068020559001,0.8626796516591426,0.8557819652457656,0.9285246949626924,67,1000,0.2,120,15,0.35,0.15,0.15,4
0.7759365435253843,0.9294049490856637,0.9427504667081519,0.9416567308103384,0.9419834067240809,0.945031854117878,0.7993660646566944,0.928683609874737,0.9308335748023516,0.8940688281706466,0.8569186217740135,0.8448083567281186,0.9285246949626924,68,1000,0.2,120,15,0.35,0.15,0.15,4
0.7781962447049673,0.9377586572212427,0.9473436022014655,0.9470429766401413,0.9468883279138831,0.9505791811595649,0.807125577367289,0.9445656100352666,0.9471455940192471,0.9072763815551187,0.8595635398621304,0.8496433781101618,0.9285246949626924,69,1000,0.2,120,15,0.35,0.15,0.15,4
0.7809703179837788,0.9312624221175104,0.9429175267453718,0.9430726797915157,0.9432173007641312,0.9471524930149435,0.8001417149004754,0.9451485709877846,0.9477943643849742,0.902662771489794,0.8458095658728051,0.8253957743565659,0.9285246949626924,70,1000,0.2,120,15,0.35,0.15,0.15,4
0.7740036778034959,0.9323485530551643,0.9427859400507103,0.9426192993362861,0.9427905255973016,0.9485485086436578,0.7983227826735805,0.9475914953135713,0.9499962730238343,0.915677261815978,0.8503076609068299,0.8379223922581924,0.9285246949626924,71,1000,0.2,120,15,0.35,0.15,0.15,4
0.7643121738651943,0.9250078734810621,0.940116273851184,0.9402284733954392,0.9395187868868198,0.9438109560610974,0.7966719859007125,0.9262335803284344,0.9297319621183118,0.8782307127032128,0.8472536868770242,0.8340323852764538,0.9285246949626924,72,1000,0.2,120,15,0.35,0.15,0.15,4
0.76746572265625,0.934126953125,0.944007421875,0.94229404296875,0.943051171875,0.94874228515625,0.78972236328125,0.94462314453125,0.946190234375,0.8958689453125,0.84813896484375,0.84021005859375,0.9285246949626924,73,1000,0.2,120,15,0.35,0.15,0.15,4
0.7698721824021959,0.9389928486072542,0.950534290428346,0.9504337159932066,0.9502934121543354,0.9538290288642625,0.8094849998483878,0.9440107623652265,0.9463698082951192,0.9090312740459214,0.869115132109274,0.8533404572724274,0.9285246949626924,74,1000,0.2,120,15,0.35,0.15,0.15,4
0.7792259671739604,0.9277386641999418,0.940799385276491,0.9407925332628555,0.9378291352514078,0.9442310694769711,0.8030139071405323,0.9493716458781467,0.9504391896025587,0.9161133420941222,0.8558532102907456,0.8348665692701871,0.9285246949626924,75,1000,0.2,120,15,0.35,0.15,0.15,4
0.785331820365441,0.935732500990166,0.9477951329544014,0.9476195719473827,0.9476294424625152,0.9516796118951782,0.8051570854151257,0.9356648448378979,0.9390262823068908,0.8857014471995959,0.8404424520697847,0.837018437451456,0.9285246949626924,76,1000,0.2,120,15,0.35,0.15,0.15,4
0.7742789594222909,0.9388563538765715,0.9488217342231281,0.9484275374570091,0.9485337915369311,0.9516485232444009,0.7973490096258761,0.9485580558203754,0.9508800890420931,0.9146205418292765,0.8573528214665332,0.8510957672131609,0.9285246949626924,77,1000,0.2,120,15,0.35,0.15,0.15,4
0.7676832295550268,0.9316240233086489,0.9435193177244753,0.9427113711579752,0.9421425416682473,0.9464394326293974,0.7954959002441003,0.9295596393779016,0.9323328903686235,0.9006710393625521,0.8556981102046918,0.8481777221094846,0.9285246949626924,78,1000,0.2,120,15,0.35,0.15,0.15,4
0.7853573903465008,0.9389883734999395,0.9499427238914441,0.9499585357115359,0.950168214195361,0.9532654649421504,0.8128343070533681,0.9420068597764581,0.9454542293967074,0.8929462193839951,0.8454027280398372,0.8422952634465289,0.9285246949626924,79,1000,0.2,120,15,0.35,0.15,0.15,4
0.7837353705318458,0.936577069547038,0.9447296339868116,0.9447016465886945,0.9442655661259901,0.9466828444803234,0.8073110250205402,0.94640403576344,0.9479475068748283,0.8951642424479541,0.852979679793176,0.8443904538374499,0.9285246949626924,80,1000,0.2,120,15,0.35,0.15,0.15,4
0.7766467547443533,0.9318615295612158,0.9433698083237196,0.9432011824427977,0.9425938764299042,0.9453288442932538,0.8017523671563074,0.9344802875469982,0.9387410570664406,0.8868585494342719,0.8355978375821577,0.8242833716112786,0.9285246949626924,81,1000,0.2,120,15,0.35,0.15,0.15,4
0.7534295501986806,0.9233170816857428,0.936364011045625,0.9355362195160387,0.9359705773254362,0.9410395397494612,0.7883423561898897,0.929019882609929,0.9334313442642028,0.8955422320599509,0.8375704473769064,0.8306027817713245,0.9285246949626924,82,1000,0.2,120,15,0.35,0.15,0.15,4
0.7758355260117561,0.9330330558301797,0.945123490026916,0.9452373129237643,0.9454559701281822,0.94984210859017,0.8000848835474523,0.9176853327424312,0.9219061593233312,0.8816217447262139,0.8334401705330791,0.832712681013823,0.9285246949626924,83,1000,0.2,120,15,0.35,0.15,0.15,4
0.7770252901470174,0.9341804365526457,0.9469116943167013,0.9468775195194884,0.9466781499299167,0.9487250509035099,0.8010238689537013,0.9412312053560575,0.9454396871621129,0.9092217751047263,0.8672287208582636,0.856159075610593,0.9285246949626924,84,1000,0.2,120,15,0.35,0.15,0.15,4
0.7730031401372943,0.931772840288853,0.9417296510188111,0.941215243038702,0.9413475844716743,0.945690483501897,0.8014837891650405,0.9252290715297521,0.9277393983219582,0.8867724935859972,0.8416520886370615,0.8268828441521134,0.9285246949626924,85,1000,0.2,120,15,0.35,0.15,0.15,4
0.7782442351874161,0.9391402353809848,0.9470693283910897,0.9471479656368895,0.9475735433864906,0.952306900681744,0.8088709057410653,0.9333949357613704,0.9349938280494178,0.8968622763277694,0.8491832263437505,0.835400927021904,0.9285246949626924,86,1000,0.2,120,15,0.35,0.15,0.15,4
0.7756271057026962,0.9319998091147698,0.9457434502505369,0.9453237890718206,0.9447183011214507,0.9479833929849678,0.8039171558100692,0.9397242662848962,0.9429074683846337,0.913857885946075,0.8626151276544978,0.8496228107850156,0.9285246949626924,87,1000,0.2,120,15,0.35,0.15,0.15,4
0.7756420901932713,0.9360154617036507,0.9480756859937962,0.9481462180863756,0.9485307563827249,0.9513738964447626,0.8055239322357433,0.9559105702696253,0.9573290384156525,0.910518921498449,0.8509617752326414,0.848242233357194,0.9285246949626924,88,1000,0.2,120,15,0.35,0.15,0.15,4
0.7780724609375,0.93869443359375,0.94981669921875,0.94993291015625,0.95008173828125,0.95382451171875,0.805645703125,0.93997041015625,0.94561630859375,0.9040458984375,0.8365107421875,0.8347015625,0.9285246949626924,89,1000,0.2,120,15,0.35,0.15,0.15,4
0.7813538845191281,0.9345443372520121,0.9452394441780734,0.9444608604002915,0.9439150966109785,0.9481568531995439,0.8110220552316878,0.9356939227216127,0.9372256899498751,0.9066890045709801,0.8569610479606234,0.8467210874399893,0.9285246949626924,90,1000,0.2,120,15,0.35,0.15,0.15,4
0.7920133325593096,0.9369993033786137,0.9468302759394713,0.9461421688145826,0.9463407059096715,0.9505138550253492,0.8190770734161539,0.9240003483106931,0.9267105925151902,0.8882994697937227,0.8342405859359883,0.8275704361623902,0.9285246949626924,91,1000,0.2,120,15,0.35,0.15,0.15,4
0.7722532062472764,0.9332498543273947,0.9448213050486819,0.9446569762968342,0.9444827878198756,0.9481810547121946,0.8002630419997224,0.9300686430195659,0.933706204937673,0.8846355130285635,0.8499775159601883,0.8459463383494201,0.9285246949626924,92,1000,0.2,120,15,0.35,0.15,0.15,4
0.7717892025823438,0.9330472067358506,0.946385016008307,0.9463687913728205,0.9458772235476633,0.9491884012398711,0.7959715388989499,0.9421653553040651,0.944726433330655,0.8894883097638311,0.8420625413341905,0.8446930569376542,0.9285246949626924,93,1000,0.2,120,15,0.35,0.15,0.15,4
0.7690511485658807,0.932914799422369,0.9458007624910452,0.9441162509478079,0.9445748146069475,0.9485259099275642,0.797812237685522,0.9255447666508375,0.9284930548779943,0.8779923931687672,0.8429893555652699,0.8308507323704774,0.9285246949626924,94,1000,0.2,120,15,0.35,0.15,0.15,4
0.7804162592268546,0.9402940818684995,0.9504356291884423,0.9504222752998679,0.9504376761348661,0.9536687323280292,0.8087945396047093,0.9456687783355869,0.9479892357910726,0.9023388214891165,0.8573267620504711,0.8512050276123325,0.9285246949626924,95,1000,0.2,120,15,0.35,0.15,0.15,4
0.7806483902371218,0.9369057888814171,0.9475496969859849,0.9461340794563083,0.9461052355108149,0.9503496270123452,0.8076683745629478,0.9499908004549271,0.9516054707415581,0.9017326154439541,0.8422176130975533,0.8420531140090909,0.9285246949626924,96,1000,0.2,120,15,0.35,0.15,0.15,4
0.781569276192256,0.9331758258280777,0.945337858597791,0.945004366449517,0.9450397441118303,0.9506190321825211,0.804185600445451,0.9377254124285573,0.9401184997871572,0.919811625484376,0.8508451800434607,0.847759921030905,0.9285246949626924,97,1000,0.2,120,15,0.35,0.15,0.15,4
0.7726305404185185,0.9309210460057326,0.9439621150814254,0.9439008241093937,0.9440137184350295,0.9488215587684984,0.8023518660031639,0.9301609995857344,0.934550641737579,0.9008415662903106,0.8395681470722435,0.8353783000608401,0.9285246949626924,98,1000,0.2,120,15,0.35,0.15,0.15,4
0.7706033139429171,0.9381041416066432,0.9486908540377241,0.9487607489227081,0.9487066049977205,0.9535032645341245,0.7984690263770499,0.9260022852674085,0.9270486412286694,0.8761273626563049,0.8286078976691631,0.8193885654527697,0.9285246949626924,99,1000,0.2,120,15,0.35,0.15,0.15,4
0.7757935457892314,0.9344167050161067,0.94501955821445,0.9435878777419849,0.9434391777880043,0.9490115431814695,0.8016897722043258,0.9572951181162755,0.9596026039269827,0.9245462302500383,0.8954575088203712,0.8939279414020556,0.9285246949626924,0,1000,0.2,120,30,0.35,0.15,0.15,5
0.7739366108521555,0.9320769383205204,0.9449315921040832,0.9451243444770391,0.944437799508196,0.948599596913245,0.8104949827778019,0.9669202275895588,0.9688250108706234,0.9361597840385875,0.9048284666312467,0.8985676569196773,0.9285246949626924,1,1000,0.2,120,30,0.35,0.15,0.15,5
0.7702697483675744,0.9365510033444816,0.9459358576206403,0.9458067566491479,0.9456906951743909,0.9505093366778149,0.8026743908265648,0.9585466435738175,0.9599172838031533,0.9263153965599618,0.9038371954132823,0.8969334288899506,0.9285246949626924,2,1000,0.2,120,30,0.35,0.15,0.15,5
0.7728202089444347,0.932965963546597,0.9436927941462119,0.9437556397540268,0.943658273319384,0.9470323645045253,0.7977702102967463,0.9497247922972332,0.9523387368426229,0.9220592509177278,0.8983080369107302,0.8918634607866519,0.9285246949626924,3,1000,0.2,120,30,0.35,0.15,0.15,5
0.7676506235359974,0.9262855611243191,0.9402249904388211,0.9401070910116788,0.9400859891437665,0.9447970295539404,0.7962740489906,0.9568009916716348,0.9609462503481082,0.9307656425581697,0.8955806009560308,0.8939052288008748,0.9285246949626924,4,1000,0.2,120,30,0.35,0.15,0.15,5
0.7745116326830814,0.9328098091529174,0.944040776202637,0.9440765016473237,0.9439303787219251,0.9487865989366897,0.8036736494293348,0.9586462360071681,0.9619437140738437,0.9376318656910692,0.9073167760538786,0.8911271953700605,0.9285246949626924,5,1000,0.2,120,30,0.35,0.15,0.15,5
0.7779335934983367,0.9352664085444325,0.9481120883230593,0.9483072317176076,0.9481826031480647,0.9521406650942581,0.8021419811090981,0.9652062372032288,0.9673163786100055,0.928440514557874,0.8984765262236581,0.8904898875062658,0.9285246949626924,6,1000,0.2,120,30,0.35,0.15,0.15,5
0.7816487874682514,0.9361561403551908,0.9472155904315349,0.9472477508599473,0.9476891453636612,0.9510022595897333,0.8110766613147911,0.9495057669942539,0.9519796612336524,0.9184368261492805,0.8981746744002498,0.8938012495359112,0.9285246949626924,7,1000,0.2,120,30,0.35,0.15,0.15,5
0.7846409073079492,0.9375337816660181,0.9471402679805989,0.947102910726627,0.9475327147350212,0.9525748682887865,0.8095405928126794,0.9579717201675678,0.9606271168091898,0.9319874029774905,0.9122274692973736,0.9058212870043404,0.9285246949626924,8,1000,0.2,120,30,0.35,0.15,0.15,5
0.7791722018029077,0.9423173770395973,0.9535670147286992,0.9531511914243751,0.9531926958122949,0.9559290625707876,0.8150210810139347,0.9560035950983903,0.9586546148056674,0.9362634846635928,0.9090025063389184,0.9024713135018353,0.9285246949626924,9,1000,0.2,120,30,0.35,0.15,0.15,5
0.7884758745628293,0.9359268606512664,0.9448348812126297,0.9448593557098555,0.9450019246306863,0.9488603390672968,0.8071073343004408,0.9551493894458606,0.9585857680400673,0.9321803722690416,0.9093512377877482,0.9009151969615011,0.9285246949626924,10,1000,0.2,120,30,0.35,0.15,0.15,5
0.7782148054298642,0.9393659366515837,0.9495844102564103,0.949751891402715,0.9497333574660634,0.9524759939668175,0.802763294117647,0.9600097496229261,0.9631273122171946,0.9165964162895928,0.893862322775264,0.890817544494721,0.9285246949626924,11,1000,0.2,120,30,0.35,0.15,0.15,5
0.7818247102819202,0.934403855990347,0.9436496199898293,0.9424466468840035,0.941707586016526,0.9461414575927052,0.811363352078389,0.9541470288834978,0.9551329040935739,0.9243611778414822,0.9082309720210274,0.9033742581131083,0.9285246949626924,12,1000,0.2,120,30,0.35,0.15,0.15,5
0.7638569604086846,0.9304851193931654,0.942044970780603,0.9421376601261658,0.9421484964588412,0.9460450288323852,0.7913623785750222,0.9553290568520454,0.9577029877317234,0.9261289136576493,0.8928279925693718,0.8891539920275553,0.9285246949626924,13,1000,0.2,120,30,0.35,0.15,0.15,5
0.7727285664976662,0.9351846543816305,0.9446903772383002,0.944570411923009,0.9448892169923002,0.9498952884198694,0.8063299793824021,0.9586595715083479,0.9628002289864264,0.9229952963975128,0.9046577410601285,0.8970311741447385,0.9285246949626924,14,1000,0.2,120,30,0.35,0.15,0.15,5
0.7808047747780819,0.9392249748271053,0.9489907948714001,0.9489029709739059,0.9487667945935214,0.9524060590200274,0.8037963803923379,0.9561917623947149,0.9584464682754426,0.9254007039332081,0.8926566985556226,0.8828396643508788,0.9285246949626924,15,1000,0.2,120,30,0.35,0.15,0.15,5
0.7650224672571404,0.9352591653738465,0.9465801945102015,0.9465588513885198,0.9474552624991501,0.9516557047363574,0.7978081096908975,0.9579861132572269,0.9625915919303298,0.9316665675161164,0.8921875869176901,0.8828584215129396,0.9285246949626924,16,1000,0.2,120,30,0.35,0.15,0.15,5
0.766383050193147,0.9352216364725671,0.9464306287742624,0.9465251843105994,0.9466693739831896,0.9513545356325469,0.794232413096393,0.9548129820840823,0.957306420601676,0.9292130983984217,0.9020456784460004,0.8996916165938449,0.9285246949626924,17,1000,0.2,120,30,0.35,0.15,0.15,5
0.7752488940732353,0.935524302323038,0.9475246726715462,0.9472455129951076,0.9476443268011967,0.9511302770792127,0.804129585622168,0.9529316809877079,0.9562694119598797,0.9243548190401082,0.9037523355277581,0.8932889913905957,0.9285246949626924,18,1000,0.2,120,30,0.35,0.15,0.15,5
0.7773387490078516,0.93413412800758,0.9447387371543653,0.9440213300773692,0.9440314016670031,0.9473599651987842,0.8094994652373273,0.9518994436996202,0.9556618603233212,0.9229640572081786,0.8923205678517183,0.8995570050036432,0.9285246949626924,19,1000,0.2,120,30,0.35,0.15,0.15,5
0.7818129324927814,0.934577130390469,0.9440416014198836,0.9438993738234924,0.9435570341278311,0.9472703604683921,0.8043048633829427,0.9583601594043918,0.9613465334329636,0.9223228493448863,0.9036662989834934,0.9025147927344508,0.9285246949626924,20,1000,0.2,120,30,0.35,0.15,0.15,5
0.76843019857289,0.9376538951682221,0.9485918444792588,0.9484641713977727,0.9485606136793261,0.9529184887906963,0.7979157074817211,0.9711335091162508,0.9737605300829207,0.9302403121665769,0.8878014852504199,0.8899573925464063,0.9285246949626924,21,1000,0.2,120,30,0.35,0.15,0.15,5
0.7706353307573311,0.9317129608184436,0.9406661985094971,0.9406375278648922,0.9405655586957822,0.9446934488844827,0.8007381423236153,0.9379526292687689,0.941339471061714,0.9104764973366044,0.9016682706949638,0.8976984591283871,0.9285246949626924,22,1000,0.2,120,30,0.35,0.15,0.15,5
0.7681383075898911,0.9268207936222899,0.9391622010204929,0.9391547999350263,0.9394440265644434,0.9450159727110293,0.7965279949953081,0.9519204063897077,0.9524789935770264,0.9304488836241636,0.8988164495746518,0.8988434245835234,0.9285246949626924,23,1000,0.2,120,30,0.35,0.15,0.15,5
0.7761526045784013,0.9321940691979939,0.9432968105959793,0.9431878555591906,0.9440911248312313,0.9480060355075054,0.804853185270909,0.9507986025813127,0.9522088086897027,0.9298076337216906,0.9097235239260604,0.9018402437798607,0.9285246949626924,24,1000,0.2,120,30,0.35,0.15,0.15,5
0.7749340089203209,0.936805762620208,0.947409901736953,0.9473736623866342,0.9476805795653396,0.9536954373103446,0.8024554151547911,0.9619094309654465,0.9643562186287943,0.9355308758778934,0.9059986229046879,0.9021971830657499,0.9285246949626924,25,1000,0.2,120,30,0.35,0.15,0.15,5
0.7722617003565855,0.933661548437926,0.9447458982917347,0.943898609329793,0.9441175467861902,0.9499122993069126,0.8058169580284728,0.9535360812850311,0.9562682236267608,0.9273394151081327,0.8985498938550581,0.8929931867910618,0.9285246949626924,26,1000,0.2,120,30,0.35,0.15,0.15,5
0.7722653956278138,0.9360970347006213,0.94672119979344,0.9468982789093051,0.947216458854077,0.9505031868907148,0.7980926659086336,0.950507841763421,0.9537122367390677,0.9195618601065287,0.8879603172101797,0.8891636987812477,0.9285246949626924,27,1000,0.2,120,30,0.35,0.15,0.15,5
0.7795737116493323,0.9309559444062181,0.942792177249063,0.9423586667357552,0.9428554414657375,0.946537519295586,0.8014152305689481,0.9481899203834896,0.9516607158135236,0.9322196220294438,0.9017002609699147,0.9017916426162224,0.9285246949626924,28,1000,0.2,120,30,0.35,0.15,0.15,5
0.7764190602293516,0.9407349551387323,0.949893675754329,0.9498301229415517,0.9501031466050321,0.9535664824804779,0.8082078457701899,0.9613660306706654,0.9631200688085914,0.9346999722395075,0.9044495156729814,0.8975616384305029,0.9285246949626924,29,1000,0.2,120,30,0.35,0.15,0.15,5
0.7773326479487465,0.9352873250206565,0.9456533149668858,0.9453593988655516,0.9454526579118728,0.9500644775420983,0.807570368453612,0.9553815021311096,0.9575654876063279,0.9305744021252603,0.905555023999436,0.9039406643917787,0.9285246949626924,30,1000,0.2,120,30,0.35,0.15,0.15,5
0.7632250064548225,0.9314228239376307,0.9436398547507494,0.9436138780258948,0.9432149778646818,0.9472215924834378,0.7976049066097383,0.9640735007493891,0.9667215523375904,0.9232541279377314,0.8958622619587395,0.8928927484004635,0.9285246949626924,31,1000,0.2,120,30,0.35,0.15,0.15,5
0.775355181475227,0.9346846090509503,0.946464664457304,0.9464674872398063,0.9471351239702805,0.9525200196115248,0.8012541135971389,0.9543823747017949,0.9561657892193264,0.923376639683786,0.9011288307226976,0.8900700449143631,0.9285246949626924,32,1000,0.2,120,30,0.35,0.15,0.15,5
0.7727155942381514,0.9315648398008437,0.9433971532818973,0.9434120709969215,0.943809053247691,0.947437478621109,0.8019343620538938,0.9577628178328456,0.9602745999771959,0.9376643799171449,0.9057489263045875,0.8993358291209,0.9285246949626924,33,1000,0.2,120,30,0.35,0.15,0.15,5
0.7877014618527333,0.9354214204316106,0.9467835594445134,0.9467842239748101,0.9470013355160306,0.95166719259493,0.814700948075881,0.952073030740412,0.9563267841024607,0.9267454078108511,0.904201597227048,0.9045468681826312,0.9285246949626924,34,1000,0.2,120,30,0.35,0.15,0.15,5
0.7747915698107026,0.9361141906340715,0.9477391174273057,0.9477791095673119,0.9478225625655881,0.9511728656406375,0.8002200336779963,0.9603826901712779,0.9622569371942669,0.9233348753379624,0.8975549420863822,0.8920235292217568,0.9285246949626924,35,1000,0.2,120,30,0.35,0.15,0.15,5
0.7841371047134201,0.9386542692996601,0.951070131543301,0.9509724805246591,0.9501883016379593,0.9537608531344971,0.8116620423782421,0.966209968472808,0.9678689816570372,0.9475121462438522,0.913753163715718,0.9087625162683818,0.9285246949626924,36,1000,0.2,120,30,0.35,0.15,0.15,5
0.7776429041867245,0.9396237616349352,0.9502317431579738,0.9501551029921008,0.9502279111496801,0.9536012575275628,0.8035219300430531,0.9489301376742323,0.9524902698922744,0.9133751926198271,0.8838283452867428,0.8914171955575036,0.9285246949626924,37,1000,0.2,120,30,0.35,0.15,0.15,5
0.7682388774779748,0.9343441934563217,0.9452817105142085,0.9452371650610809,0.9452651399955396,0.949517427506905,0.797489059558733,0.9481329119352963,0.9528298741888244,0.9218603545857058,0.891252949552323,0.8859106143334596,0.9285246949626924,38,1000,0.2,120,30,0.35,0.15,0.15,5
0.7777282415818476,0.9352978980960531,0.9450977171837828,0.9448778618922445,0.94472614718113,0.9492378883758285,0.8029417123339595,0.9551571887681416,0.9580025918657813,0.9182204320598131,0.8897173825747063,0.8843165135784666,0.9285246949626924,39,1000,0.2,120,30,0.35,0.15,0.15,5
0.784130335640986,0.9323665001998247,0.9456798188363759,0.945681631761809,0.944835902047236,0.9471746765741027,0.8108749137853238,0.9594670160375413,0.960345479127991,0.9365591924182652,0.9106910630027847,0.9043254789346122,0.9285246949626924,40,1000,0.2,120,30,0.35,0.15,0.15,5
0.7700469722181269,0.9347518304236195,0.9447545670582468,0.9447370783899756,0.9442670337919175,0.9492517927594764,0.7926732054745589,0.9508949459605035,0.9540472051398317,0.9247060071816874,0.9006529330792689,0.8925699441701134,0.9285246949626924,41,1000,0.2,120,30,0.35,0.15,0.15,5
0.7746397106980024,0.9324200743406635,0.9468387309818888,0.9461546772273861,0.9460422098163682,0.9502035040240309,0.8022157752714174,0.9685399230774074,0.9718494955792337,0.9388987088780574,0.8952270129600242,0.8889471397264415,0.9285246949626924,42,1000,0.2,120,30,0.35,0.15,0.15,5
0.7732538584562251,0.9333591381391104,0.9445998292761899,0.944637015669306,0.9449698289818386,0.9494952854717962,0.8013224227082291,0.9663765343066553,0.9659584572062128,0.9435568441605588,0.9114928521669169,0.9065639380292193,0.9285246949626924,43,1000,0.2,120,30,0.35,0.15,0.15,5
0.7808571172810383,0.9295263201166709,0.9424514460158686,0.9425692964244167,0.9427524592028202,0.949080171318188,0.8032420676205858,0.9610691212335893,0.9641131579068691,0.9356919999262354,0.8942875111991505,0.8881768666659495,0.9285246949626924,44,1000,0.2,120,30,0.35,0.15,0.15,5
0.768112489020115,0.9338136852972465,0.9445740708149549,0.943951320807491,0.9438407362769116,0.947994334457904,0.8003262734702408,0.9429640150473529,0.9447416171818898,0.9158536182944134,0.8988626881901222,0.8958001055954594,0.9285246949626924,45,1000,0.2,120,30,0.35,0.15,0.15,5
0.7759712234750636,0.9297326301382923,0.9411807578164919,0.9410902451583114,0.9413269175387333,0.9447890513367311,0.8026735410324707,0.9529376528324454,0.9558227315006507,0.9209420683531109,0.89205720399997,0.8894122448754471,0.9285246949626924,46,1000,0.2,120,30,0.35,0.15,0.15,5
0.7721926690745393,0.9330616393856538,0.9449358850009854,0.9444024272711598,0.9444850824280717,0.9485563540742931,0.7995395944181692,0.9592266633412159,0.9597024837730318,0.9380423102029757,0.9050056501872106,0.8907935818799881,0.9285246949626924,47,1000,0.2,120,30,0.35,0.15,0.15,5
0.7713771342383107,0.9345859185520362,0.9471564645550528,0.9471419849170437,0.9472855263951735,0.9525322714932126,0.806366407239819,0.9665501055806938,0.9683289773755656,0.933911939668175,0.9023516380090498,0.8997020573152338,0.9285246949626924,48,1000,0.2,120,30,0.35,0.15,0.15,5
0.7792738120916863,0.9302440541444555,0.9443251990227255,0.9441381430121976,0.9444905798344836,0.9473936241877648,0.8056102289368868,0.9492097575824763,0.9524618967670438,0.9207540410161601,0.8964317944037692,0.8986368400653922,0.9285246949626924,49,1000,0.2,120,30,0.35,0.15,0.15,5
0.7771285143573705,0.9371538901392842,0.9497109414265119,0.9496762367088623,0.9500384732077657,0.9540869083037911,0.8060146640410288,0.9728023646121858,0.9762239998215735,0.9391702246212379,0.9038677398403622,0.8945474562499447,0.9285246949626924,50,1000,0.2,120,30,0.35,0.15,0.15,5
0.7810493827160494,0.933791727582846,0.9445929783950617,0.9447057748538011,0.9447364359974009,0.9504193063677713,0.8066204718973359,0.9456814489928524,0.9467161102988954,0.9225323871020142,0.897094298245614,0.896375182748538,0.9285246949626924,51,1000,0.2,120,30,0.35,0.15,0.15,5
0.7843036746833676,0.9363551379675239,0.9443134062292733,0.9443645470993125,0.9442362515062661,0.9482620923276969,0.8126476397010417,0.9489548097002899,0.9533691831817681,0.9149225807042837,0.8733607207965678,0.8669230804855801,0.9285246949626924,52,1000,0.2,120,30,0.35,0.15,0.15,5
0.7808196108202194,0.934621539742217,0.946057315158241,0.9457282602185876,0.9460493557172228,0.9511791183870756,0.8073905545313438,0.9504295720024138,0.9541371184552162,0.9175203895156302,0.8887211905848355,0.8847343842319203,0.9285246949626924,53,1000,0.2,120,30,0.35,0.15,0.15,5
0.7817868462398205,0.9385680729357794,0.9475529068474179,0.9475431549274842,0.9470251329406105,0.950806049818073,0.7992528273985261,0.9530000367647381,0.9566367227463825,0.9244059447313838,0.9012828748191872,0.8963947249524619,0.9285246949626924,54,1000,0.2,120,30,0.35,0.15,0.15,5
0.7793322065994194,0.9299129631008214,0.9411369737772649,0.9411145825578798,0.941515298146356,0.9459682428534206,0.8044760919935978,0.9509470419551354,0.951432863563612,0.9268521512630586,0.8950112557073376,0.8808328641839748,0.9285246949626924,55,1000,0.2,120,30,0.35,0.15,0.15,5
0.7761382438770694,0.935528791979274,0.9462409107106741,0.9461929481561383,0.9461322726353402,0.9497176180524121,0.806396548237039,0.9558331326867698,0.9571480579017827,0.9333111498492743,0.908951372904046,0.9042985235623272,0.9285246949626924,56,1000,0.2,120,30,0.35,0.15,0.15,5
0.7876122623390651,0.9334170506419756,0.9455536954993768,0.9457740249510295,0.9458537416444046,0.9502957055760004,0.8163852588560664,0.9555582883239482,0.9584182355532708,0.9372560647011822,0.9033001035922864,0.8895894235556818,0.9285246949626924,57,1000,0.2,120,30,0.35,0.15,0.15,5
0.7723057270369437,0.9343510326691716,0.9457670678198814,0.9458195582056004,0.9456120916353548,0.9505345766741554,0.8004318413780847,0.9609286326513613,0.9623558529562931,0.9278239923477271,0.9047024092607242,0.9053594507068258,0.9285246949626924,58,1000,0.2,120,30,0.35,0.15,0.15,5
0.7758041106089206,0.9369250399203849,0.9486350863207819,0.9486815117856006,0.9487860944201705,0.9521955083613466,0.8063221857068729,0.9563522419338262,0.9590591573728,0.9201907154083911,0.8958208558629697,0.8921788132427886,0.9285246949626924,59,1000,0.2,120,30,0.35,0.15,0.15,5
0.7790555214752366,0.9364764959113918,0.9472254134964244,0.9469691994610331,0.9471662128919408,0.9502862682411259,0.8103158550228381,0.9727356589674333,0.9746398324072414,0.9422799900797943,0.9085449167444419,0.8972537293483568,0.9285246949626924,60,1000,0.2,120,30,0.35,0.15,0.15,5
0.7747677874565587,0.9362868603537429,0.9467438065868923,0.9466532028423689,0.946472298714074,0.9509493978086837,0.8079363419708903,0.9643462130870637,0.9668974770092998,0.9351289323643047,0.9020730258091239,0.9000639686705195,0.9285246949626924,61,1000,0.2,120,30,0.35,0.15,0.15,5
0.7693821764169517,0.933207725949257,0.9470193958180074,0.946971876420999,0.9467395170448458,0.9510423555907904,0.7986994540983099,0.962362352067308,0.9642150371751195,0.9317758589083395,0.8934786531726816,0.8940915486419119,0.9285246949626924,62,1000,0.2,120,30,0.35,0.15,0.15,5
0.780963263541928,0.9394405822074332,0.9512368279475836,0.9512058263806588,0.9513642234541109,0.956055129358773,0.8062649282263884,0.9640252235128244,0.965254121638386,0.9359252437585422,0.8996888977806566,0.8918337386962655,0.9285246949626924,63,1000,0.2,120,30,0.35,0.15,0.15,5
0.7633060225394429,0.9258153823388477,0.9369349015056639,0.936908269898459,0.937168581753611,0.9407810866393004,0.7936401978834942,0.9505298043516239,0.9531047418206102,0.9234343229703132,0.8919207063748127,0.8867938798823484,0.9285246949626924,64,1000,0.2,120,30,0.35,0.15,0.15,5
0.773163224528318,0.9385412402710954,0.9510780292254815,0.9506476354050135,0.9504188748137018,0.9541386637385311,0.8091944347609209,0.9650397132435378,0.9671425899180957,0.9296193747669375,0.904550756711694,0.8932857146906003,0.9285246949626924,65,1000,0.2,120,30,0.35,0.15,0.15,5
0.7851930692992811,0.9364002980697319,0.9460403390794296,0.9455422041399089,0.9451820751772348,0.9494226927023135,0.808785717376121,0.9602389232095728,0.9602566930484391,0.9340410622346114,0.9066565816392753,0.9019194709532669,0.9285246949626924,66,1000,0.2,120,30,0.35,0.15,0.15,5
0.7794714505858563,0.9369706518211584,0.946253418949243,0.9458752816795811,0.9461497329053543,0.9514223341749904,0.8068057467612694,0.9512336678138507,0.9525260726150274,0.9295977796101345,0.909233478544079,0.9049746069760896,0.9285246949626924,67,1000,0.2,120,30,0.35,0.15,0.15,5
0.7759365435253843,0.9294049490856637,0.9427504667081519,0.9416567308103384,0.9419834067240809,0.945031854117878,0.7993660646566944,0.9523448027158535,0.9548651850761063,0.934737950695985,0.9113942302363546,0.9040021114684325,0.9285246949626924,68,1000,0.2,120,30,0.35,0.15,0.15,5
0.7781962447049673,0.9377586572212427,0.9473436022014655,0.9470429766401413,0.9468883279138831,0.9505791811595649,0.807125577367289,0.9586316102574598,0.9616928842025989,0.9391603239009173,0.9030153996407332,0.9001450036561657,0.9285246949626924,69,1000,0.2,120,30,0.35,0.15,0.15,5
0.7809703179837788,0.9312624221175104,0.9429175267453718,0.9430726797915157,0.9432173007641312,0.9471524930149435,0.8001417149004754,0.9664996195288438,0.9686912660147248,0.937108795636913,0.9046137405917134,0.8984577436144184,0.9285246949626924,70,1000,0.2,120,30,0.35,0.15,0.15,5
0.7740036778034959,0.9323485530551643,0.9427859400507103,0.9426192993362861,0.9427905255973016,0.9485485086436578,0.7983227826735805,0.9668045452718331,0.9686361296581836,0.9433480109850183,0.9062825500634366,0.8961962012941779,0.9285246949626924,71,1000,0.2,120,30,0.35,0.15,0.15,5
0.7643121738651943,0.9250078734810621,0.940116273851184,0.9402284733954392,0.9395187868868198,0.9438109560610974,0.7966719859007125,0.948467724971794,0.9527749191285197,0.9161488901611342,0.9077186066650822,0.8996301903021349,0.9285246949626924,72,1000,0.2,120,30,0.35,0.15,0.15,5
0.76746572265625,0.934126953125,0.944007421875,0.94229404296875,0.943051171875,0.94874228515625,0.78972236328125,0.9509375,0.9533314453125,0.91678154296875,0.8879291015625,0.8883650390625,0.9285246949626924,73,1000,0.2,120,30,0.35,0.15,0.15,5
0.7698721824021959,0.9389928486072542,0.950534290428346,0.9504337159932066,0.9502934121543354,0.9538290288642625,0.8094849998483878,0.961263130843137,0.9640843188043471,0.9372457555837075,0.9144724010239978,0.9034971782616315,0.9285246949626924,74,1000,0.2,120,30,0.35,0.15,0.15,5
0.7792259671739604,0.9277386641999418,0.940799385276491,0.9407925332628555,0.9378291352514078,0.9442310694769711,0.8030139071405323,0.9703180557900739,0.9711815073940568,0.9471267304393365,0.9059166648313058,0.8903211881391644,0.9285246949626924,75,1000,0.2,120,30,0.35,0.15,0.15,5
0.785331820365441,0.935732500990166,0.9477951329544014,0.9476195719473827,0.9476294424625152,0.9516796118951782,0.8051570854151257,0.9564155425539469,0.9597521599897423,0.9224692118987814,0.8909216080813261,0.8911956825791828,0.9285246949626924,76,1000,0.2,120,30,0.35,0.15,0.15,5
0.7742789594222909,0.9388563538765715,0.9488217342231281,0.9484275374570091,0.9485337915369311,0.9516485232444009,0.7973490096258761,0.9693001045712345,0.9715380933595701,0.9357283159491483,0.8980498951939498,0.8908101374610793,0.9285246949626924,77,1000,0.2,120,30,0.35,0.15,0.15,5
0.7676832295550268,0.9316240233086489,0.9435193177244753,0.9427113711579752,0.9421425416682473,0.9464394326293974,0.7954959002441003,0.9567355096953101,0.958513479737607,0.931339169727388,0.9056232593432414,0.9023590967030611,0.9285246949626924,78,1000,0.2,120,30,0.35,0.15,0.15,5
0.7853573903465008,0.9389883734999395,0.9499427238914441,0.9499585357115359,0.950168214195361,0.9532654649421504,0.8128343070533681,0.9601194470066359,0.962886711942815,0.9165088758326249,0.8937520329482975,0.8968141244926469,0.9285246949626924,79,1000,0.2,120,30,0.35,0.15,0.15,5
0.7837353705318458,0.936577069547038,0.9447296339868116,0.9447016465886945,0.9442655661259901,0.9466828444803234,0.8073110250205402,0.9670624155778051,0.9692840726719424,0.9342911092267769,0.903448802817256,0.8983215889559597,0.9285246949626924,80,1000,0.2,120,30,0.35,0.15,0.15,5
0.7766467547443533,0.9318615295612158,0.9433698083237196,0.9432011824427977,0.9425938764299042,0.9453288442932538,0.8017523671563074,0.9487743942280548,0.9511246539109389,0.9164950828634775,0.8911729991649421,0.8873602454663804,0.9285246949626924,81,1000,0.2,120,30,0.35,0.15,0.15,5
0.7534295501986806,0.9233170816857428,0.936364011045625,0.9355362195160387,0.9359705773254362,0.9410395397494612,0.7883423561898897,0.9532285178836816,0.9584636010774091,0.9312741986709369,0.8940907845642482,0.8872418182126743,0.9285246949626924,82,1000,0.2,120,30,0.35,0.15,0.15,5
0.7758355260117561,0.9330330558301797,0.945123490026916,0.9452373129237643,0.9454559701281822,0.94984210859017,0.8000848835474523,0.9390203356085212,0.9425880239358316,0.9160799902376104,0.89676888549016,0.8915744579074623,0.9285246949626924,83,1000,0.2,120,30,0.35,0.15,0.15,5
0.7770252901470174,0.9341804365526457,0.9469116943167013,0.9468775195194884,0.9466781499299167,0.9487250509035099,0.8010238689537013,0.9621805553175387,0.9654442982688622,0.9382154538632267,0.912462103836385,0.9021147125391415,0.9285246949626924,84,1000,0.2,120,30,0.35,0.15,0.15,5
0.7730031401372943,0.931772840288853,0.9417296510188111,0.941215243038702,0.9413475844716743,0.945690483501897,0.8014837891650405,0.9503168864102386,0.9533010074194411,0.9203799863300017,0.9057198046577052,0.9019321254866223,0.9285246949626924,85,1000,0.2,120,30,0.35,0.15,0.15,5
0.7782442351874161,0.9391402353809848,0.9470693283910897,0.9471479656368895,0.9475735433864906,0.952306900681744,0.8088709057410653,0.949060626389567,0.950784108954148,0.9246122481315361,0.906401286450705,0.8973207334220783,0.9285246949626924,86,1000,0.2,120,30,0.35,0.15,0.15,5
0.7756271057026962,0.9319998091147698,0.9457434502505369,0.9453237890718206,0.9447183011214507,0.9479833929849678,0.8039171558100692,0.9624581245526127,0.9642284896206156,0.9457877356239561,0.9062638033882129,0.9034152230971129,0.9285246949626924,87,1000,0.2,120,30,0.35,0.15,0.15,5
0.7756420901932713,0.9360154617036507,0.9480756859937962,0.9481462180863756,0.9485307563827249,0.9513738964447626,0.8055239322357433,0.9706174182772608,0.9717249343832021,0.9333196850393701,0.8976364590789787,0.8955071343354808,0.9285246949626924,88,1000,0.2,120,30,0.35,0.15,0.15,5
0.7780724609375,0.93869443359375,0.94981669921875,0.94993291015625,0.95008173828125,0.95382451171875,0.805645703125,0.9566900390625,0.9609462890625,0.9306099609375,0.8889322265625,0.88394072265625,0.9285246949626924,89,1000,0.2,120,30,0.35,0.15,0.15,5
0.7813538845191281,0.9345443372520121,0.9452394441780734,0.9444608604002915,0.9439150966109785,0.9481568531995439,0.8110220552316878,0.9524636307031703,0.9537430618613694,0.9327170828185027,0.9129512149937642,0.905245010674512,0.9285246949626924,90,1000,0.2,120,30,0.35,0.15,0.15,5
0.7920133325593096,0.9369993033786137,0.9468302759394713,0.9461421688145826,0.9463407059096715,0.9505138550253492,0.8190770734161539,0.950268973257479,0.9526256821084407,0.9235973721893262,0.8937388250319285,0.8900196408529741,0.9285246949626924,91,1000,0.2,120,30,0.35,0.15,0.15,5
0.7722532062472764,0.9332498543273947,0.9448213050486819,0.9446569762968342,0.9444827878198756,0.9481810547121946,0.8002630419997224,0.9531482295606932,0.9566776244944958,0.9135929456953407,0.9012946785710281,0.8969113541114474,0.9285246949626924,92,1000,0.2,120,30,0.35,0.15,0.15,5
0.7717892025823438,0.9330472067358506,0.946385016008307,0.9463687913728205,0.9458772235476633,0.9491884012398711,0.7959715388989499,0.956359593549703,0.9601229363808864,0.9196690290251003,0.8927537108059163,0.8938438517902726,0.9285246949626924,93,1000,0.2,120,30,0.35,0.15,0.15,5
0.7690511485658807,0.932914799422369,0.9458007624910452,0.9441162509478079,0.9445748146069475,0.9485259099275642,0.797812237685522,0.9478313338601854,0.9508658914022605,0.9105280104576489,0.8952118663344414,0.8901155900737622,0.9285246949626924,94,1000,0.2,120,30,0.35,0.15,0.15,5
0.7804162592268546,0.9402940818684995,0.9504356291884423,0.9504222752998679,0.9504376761348661,0.9536687323280292,0.8087945396047093,0.9599483740617187,0.9628980238584277,0.9300412196525571,0.9077146876398746,0.9033509877588705,0.9285246949626924,95,1000,0.2,120,30,0.35,0.15,0.15,5
0.7806483902371218,0.9369057888814171,0.9475496969859849,0.9461340794563083,0.9461052355108149,0.9503496270123452,0.8076683745629478,0.9649698649680044,0.9681594343672756,0.9320627624565236,0.9001900057993066,0.8983353302597303,0.9285246949626924,96,1000,0.2,120,30,0.35,0.15,0.15,5
0.781569276192256,0.9331758258280777,0.945337858597791,0.945004366449517,0.9450397441118303,0.9506190321825211,0.804185600445451,0.9563423304112153,0.9581434187357792,0.9444565894933726,0.9019697474842444,0.8997832541373599,0.9285246949626924,97,1000,0.2,120,30,0.35,0.15,0.15,5
0.7726305404185185,0.9309210460057326,0.9439621150814254,0.9439008241093937,0.9440137184350295,0.9488215587684984,0.8023518660031639,0.950924347469359,0.9542284967722486,0.931483791127657,0.9027117562318963,0.8964170103453214,0.9285246949626924,98,1000,0.2,120,30,0.35,0.15,0.15,5
0.7706033139429171,0.9381041416066432,0.9486908540377241,0.9487607489227081,0.9487066049977205,0.9535032645341245,0.7984690263770499,0.9488168617176953,0.9507435978992551,0.9101040537950412,0.8765688817537041,0.8727368700735796,0.9285246949626924,99,1000,0.2,120,30,0.35,0.15,0.15,5
0.7757935457892314,0.9344167050161067,0.94501955821445,0.9435878777419849,0.9434391777880043,0.9490115431814695,0.8016897722043258,0.9787743518944624,0.9797722043258168,0.962353505138825,0.9550556066881424,0.9528332566344532,0.9285246949626924,0,1000,0.2,120,60,0.35,0.15,0.15,6
0.7739366108521555,0.9320769383205204,0.9449315921040832,0.9451243444770391,0.944437799508196,0.948599596913245,0.8104949827778019,0.9817302646131746,0.9823756601990271,0.9647200153650615,0.9478105722609252,0.9417394631738125,0.9285246949626924,1,1000,0.2,120,60,0.35,0.15,0.15,6
0.7702697483675744,0.9365510033444816,0.9459358576206403,0.9458067566491479,0.9456906951743909,0.9505093366778149,0.8026743908265648,0.9771566929447364,0.9776358695652174,0.9574907429526994,0.9482059245102723,0.9466699514253862,0.9285246949626924,2,1000,0.2,120,60,0.35,0.15,0.15,6
0.7728202089444347,0.932965963546597,0.9436927941462119,0.9437556397540268,0.943658273319384,0.9470323645045253,0.7977702102967463,0.9739294978498245,0.9745020911654713,0.9592402467599843,0.9462442864835227,0.9431447883140608,0.9285246949626924,3,1000,0.2,120,60,0.35,0.15,0.15,6
0.7676506235359974,0.9262855611243191,0.9402249904388211,0.9401070910116788,0.9400859891437665,0.9447970295539404,0.7962740489906,0.9770982782714938,0.9776079174208406,0.9667887574281236,0.9484006090889617,0.9477171215232374,0.9285246949626924,4,1000,0.2,120,60,0.35,0.15,0.15,6
0.7745116326830814,0.9328098091529174,0.944040776202637,0.9440765016473237,0.9439303787219251,0.9487865989366897,0.8036736494293348,0.9792722141254309,0.9799132223091932,0.9674050218066748,0.9519328783317271,0.9420005214353157,0.9285246949626924,5,1000,0.2,120,60,0.35,0.15,0.15,6
0.7779335934983367,0.9352664085444325,0.9481120883230593,0.9483072317176076,0.9481826031480647,0.9521406650942581,0.8021419811090981,0.9818096304001785,0.9833906159892267,0.9645851567668304,0.9493903904989228,0.9467455935109076,0.9285246949626924,6,1000,0.2,120,60,0.35,0.15,0.15,6
0.7816487874682514,0.9361561403551908,0.9472155904315349,0.9472477508599473,0.9476891453636612,0.9510022595897333,0.8110766613147911,0.9727599204349034,0.9749926606361765,0.9561175380061027,0.9407491806221125,0.9382552229961816,0.9285246949626924,7,1000,0.2,120,60,0.35,0.15,0.15,6
0.7846409073079492,0.9375337816660181,0.9471402679805989,0.947102910726627,0.9475327147350212,0.9525748682887865,0.8095405928126794,0.9795921820068884,0.980079488804119,0.9661890447212294,0.9531343469536382,0.9526465511871147,0.9285246949626924,8,1000,0.2,120,60,0.35,0.15,0.15,6
0.7791722018029077,0.9423173770395973,0.9535670147286992,0.9531511914243751,0.9531926958122949,0.9559290625707876,0.8150210810139347,0.978628455349901,0.9794931300982319,0.9695279850155519,0.9545848465141429,0.9542804810027304,0.9285246949626924,9,1000,0.2,120,60,0.35,0.15,0.15,6
0.7884758745628293,0.9359268606512664,0.9448348812126297,0.9448593557098555,0.9450019246306863,0.9488603390672968,0.8071073343004408,0.9778434167432821,0.9804232874244163,0.9642845452802574,0.9498388215071932,0.9442623172633055,0.9285246949626924,10,1000,0.2,120,60,0.35,0.15,0.15,6
0.7782148054298642,0.9393659366515837,0.9495844102564103,0.949751891402715,0.9497333574660634,0.9524759939668175,0.802763294117647,0.9804345339366516,0.9829189502262443,0.958070443438914,0.9442856349924585,0.9415821900452489,0.9285246949626924,11,1000,0.2,120,60,0.35,0.15,0.15,6
0.7818247102819202,0.934403855990347,0.9436496199898293,0.9424466468840035,0.941707586016526,0.9461414575927052,0.811363352078389,0.9728341325675376,0.9740995990649093,0.9571116640410557,0.9505001988829973,0.9473838222676098,0.9285246949626924,12,1000,0.2,120,60,0.35,0.15,0.15,6
0.7638569604086846,0.9304851193931654,0.942044970780603,0.9421376601261658,0.9421484964588412,0.9460450288323852,0.7913623785750222,0.9789301056542435,0.9810487054452571,0.9631733039204303,0.9488492201710592,0.946758872247378,0.9285246949626924,13,1000,0.2,120,60,0.35,0.15,0.15,6
0.7727285664976662,0.9351846543816305,0.9446903772383002,0.944570411923009,0.9448892169923002,0.9498952884198694,0.8063299793824021,0.9813033504899435,0.9840105377051888,0.9636906983484674,0.9506097685641565,0.9505205712954771,0.9285246949626924,14,1000,0.2,120,60,0.35,0.15,0.15,6
0.7808047747780819,0.9392249748271053,0.9489907948714001,0.9489029709739059,0.9487667945935214,0.9524060590200274,0.8037963803923379,0.980596839365947,0.9819651159532011,0.9654144557740562,0.95456080354327,0.9498679483824417,0.9285246949626924,15,1000,0.2,120,60,0.35,0.15,0.15,6
0.7650224672571404,0.9352591653738465,0.9465801945102015,0.9465588513885198,0.9474552624991501,0.9516557047363574,0.7978081096908975,0.9775871147035373,0.9791525988775642,0.960330379934607,0.9388309995611622,0.9343100241978849,0.9285246949626924,16,1000,0.2,120,60,0.35,0.15,0.15,6
0.766383050193147,0.9352216364725671,0.9464306287742624,0.9465251843105994,0.9466693739831896,0.9513545356325469,0.794232413096393,0.975570078136163,0.9762342731231152,0.9600431165224018,0.9544808845906061,0.9513638608339037,0.9285246949626924,17,1000,0.2,120,60,0.35,0.15,0.15,6
0.7752488940732353,0.935524302323038,0.9475246726715462,0.9472455129951076,0.9476443268011967,0.9511302770792127,0.804129585622168,0.9822764068324306,0.9832530162478922,0.9707255884351387,0.9599711991111636,0.9541321175355124,0.9285246949626924,18,1000,0.2,120,60,0.35,0.15,0.15,6
0.7773387490078516,0.93413412800758,0.9447387371543653,0.9440213300773692,0.9440314016670031,0.9473599651987842,0.8094994652373273,0.9760634146020231,0.9778728144166283,0.960117860840846,0.9441434481016797,0.9484466316149522,0.9285246949626924,19,1000,0.2,120,60,0.35,0.15,0.15,6
0.7818129324927814,0.934577130390469,0.9440416014198836,0.9438993738234924,0.9435570341278311,0.9472703604683921,0.8043048633829427,0.9816476727439313,0.9834025565080986,0.9641951403172051,0.9487069301536798,0.9483445184237452,0.9285246949626924,20,1000,0.2,120,60,0.35,0.15,0.15,6
0.76843019857289,0.9376538951682221,0.9485918444792588,0.9484641713977727,0.9485606136793261,0.9529184887906963,0.7979157074817211,0.9845512625099978,0.9857859594180307,0.9612129178445327,0.9414038499915932,0.9446204259645407,0.9285246949626924,21,1000,0.2,120,60,0.35,0.15,0.15,6
0.7706353307573311,0.9317129608184436,0.9406661985094971,0.9406375278648922,0.9405655586957822,0.9446934488844827,0.8007381423236153,0.9650957331352004,0.9661075923475124,0.9606886454788003,0.9496403053092085,0.948417999664729,0.9285246949626924,22,1000,0.2,120,60,0.35,0.15,0.15,6
0.7681383075898911,0.9268207936222899,0.9391622010204929,0.9391547999350263,0.9394440265644434,0.9450159727110293,0.7965279949953081,0.9718328320720975,0.9721015109510746,0.9619788710695854,0.9442042878772947,0.950559483108191,0.9285246949626924,23,1000,0.2,120,60,0.35,0.15,0.15,6
0.7761526045784013,0.9321940691979939,0.9432968105959793,0.9431878555591906,0.9440911248312313,0.9480060355075054,0.804853185270909,0.9789918583518548,0.9803486056665933,0.9685641918834998,0.9561916343488369,0.951543629943289,0.9285246949626924,24,1000,0.2,120,60,0.35,0.15,0.15,6
0.7749340089203209,0.936805762620208,0.947409901736953,0.9473736623866342,0.9476805795653396,0.9536954373103446,0.8024554151547911,0.9791823877923328,0.9808598908019962,0.9596150817488819,0.9565782630547401,0.9550240515613088,0.9285246949626924,25,1000,0.2,120,60,0.35,0.15,0.15,6
0.7722617003565855,0.933661548437926,0.9447458982917347,0.943898609329793,0.9441175467861902,0.9499122993069126,0.8058169580284728,0.9752229576790981,0.9775868184565986,0.9635206148672915,0.9412783996426201,0.9394286446423832,0.9285246949626924,26,1000,0.2,120,60,0.35,0.15,0.15,6
0.7722653956278138,0.9360970347006213,0.94672119979344,0.9468982789093051,0.947216458854077,0.9505031868907148,0.7980926659086336,0.9781187041028339,0.980733966751602,0.966678190709165,0.9419948553958944,0.9418508452715464,0.9285246949626924,27,1000,0.2,120,60,0.35,0.15,0.15,6
0.7795737116493323,0.9309559444062181,0.942792177249063,0.9423586667357552,0.9428554414657375,0.946537519295586,0.8014152305689481,0.9721616358559889,0.9740323487011153,0.9648721922236027,0.9531037424700519,0.950620873014056,0.9285246949626924,28,1000,0.2,120,60,0.35,0.15,0.15,6
0.7764190602293516,0.9407349551387323,0.949893675754329,0.9498301229415517,0.9501031466050321,0.9535664824804779,0.8082078457701899,0.9807929168635634,0.9823308559433187,0.9687996628191872,0.9537212706195737,0.94992262542518,0.9285246949626924,29,1000,0.2,120,60,0.35,0.15,0.15,6
0.7773326479487465,0.9352873250206565,0.9456533149668858,0.9453593988655516,0.9454526579118728,0.9500644775420983,0.807570368453612,0.9768602322895938,0.9785973878170178,0.9676827867623674,0.95435206945988,0.9525133264562453,0.9285246949626924,30,1000,0.2,120,60,0.35,0.15,0.15,6
0.7632250064548225,0.9314228239376307,0.9436398547507494,0.9436138780258948,0.9432149778646818,0.9472215924834378,0.7976049066097383,0.9804493658530442,0.9823842382679664,0.9610279265535656,0.9463096520063478,0.9477041298269477,0.9285246949626924,31,1000,0.2,120,60,0.35,0.15,0.15,6
0.775355181475227,0.9346846090509503,0.946464664457304,0.9464674872398063,0.9471351239702805,0.9525200196115248,0.8012541135971389,0.9768083109725157,0.9756655707456945,0.967678556323904,0.9533028064006301,0.9491643152401735,0.9285246949626924,32,1000,0.2,120,60,0.35,0.15,0.15,6
0.7727155942381514,0.9315648398008437,0.9433971532818973,0.9434120709969215,0.943809053247691,0.947437478621109,0.8019343620538938,0.9817482231766181,0.983372448785679,0.9718688951389153,0.9504085743605336,0.9483990536277602,0.9285246949626924,33,1000,0.2,120,60,0.35,0.15,0.15,6
0.7877014618527333,0.9354214204316106,0.9467835594445134,0.9467842239748101,0.9470013355160306,0.95166719259493,0.814700948075881,0.9779415813314832,0.9779543972729196,0.9648177725020401,0.9477866204609258,0.9489617948241824,0.9285246949626924,34,1000,0.2,120,60,0.35,0.15,0.15,6
0.7747915698107026,0.9361141906340715,0.9477391174273057,0.9477791095673119,0.9478225625655881,0.9511728656406375,0.8002200336779963,0.9799255800110055,0.9812318617379431,0.960690898827192,0.9438723773904436,0.9418547931541147,0.9285246949626924,35,1000,0.2,120,60,0.35,0.15,0.15,6
0.7841371047134201,0.9386542692996601,0.951070131543301,0.9509724805246591,0.9501883016379593,0.9537608531344971,0.8116620423782421,0.9831650218842737,0.9843788077548516,0.9730953715046278,0.9542269714413415,0.9512878578576823,0.9285246949626924,36,1000,0.2,120,60,0.35,0.15,0.15,6
0.7776429041867245,0.9396237616349352,0.9502317431579738,0.9501551029921008,0.9502279111496801,0.9536012575275628,0.8035219300430531,0.969192913221421,0.9707601063568989,0.9504740439900796,0.9381421500180154,0.9415473315417221,0.9285246949626924,37,1000,0.2,120,60,0.35,0.15,0.15,6
0.7682388774779748,0.9343441934563217,0.9452817105142085,0.9452371650610809,0.9452651399955396,0.949517427506905,0.797489059558733,0.9747588112270917,0.9774895352300924,0.9616433431742719,0.9445331129649298,0.9432057169459092,0.9285246949626924,38,1000,0.2,120,60,0.35,0.15,0.15,6
0.7777282415818476,0.9352978980960531,0.9450977171837828,0.9448778618922445,0.94472614718113,0.9492378883758285,0.8029417123339595,0.9736562886233089,0.9742272329168313,0.9519478839098056,0.9395486278651682,0.9399255365172845,0.9285246949626924,39,1000,0.2,120,60,0.35,0.15,0.15,6
0.784130335640986,0.9323665001998247,0.9456798188363759,0.945681631761809,0.944835902047236,0.9471746765741027,0.8108749137853238,0.9776498523875825,0.9798638372137995,0.9586279337162232,0.9466850859890676,0.9451597106732158,0.9285246949626924,40,1000,0.2,120,60,0.35,0.15,0.15,6
0.7700469722181269,0.9347518304236195,0.9447545670582468,0.9447370783899756,0.9442670337919175,0.9492517927594764,0.7926732054745589,0.9799489975720062,0.9809581621226905,0.9642970302775745,0.9518158855533733,0.9431540119542375,0.9285246949626924,41,1000,0.2,120,60,0.35,0.15,0.15,6
0.7746397106980024,0.9324200743406635,0.9468387309818888,0.9461546772273861,0.9460422098163682,0.9502035040240309,0.8022157752714174,0.9858736799100734,0.987060147138467,0.9731648624650495,0.9477662181352176,0.944617032230031,0.9285246949626924,42,1000,0.2,120,60,0.35,0.15,0.15,6
0.7732538584562251,0.9333591381391104,0.9445998292761899,0.944637015669306,0.9449698289818386,0.9494952854717962,0.8013224227082291,0.987383510434757,0.9882727460041798,0.9748240269233411,0.95562299473111,0.9559296107693365,0.9285246949626924,43,1000,0.2,120,60,0.35,0.15,0.15,6
0.7808571172810383,0.9295263201166709,0.9424514460158686,0.9425692964244167,0.9427524592028202,0.949080171318188,0.8032420676205858,0.974733333435784,0.9764445175259981,0.9594646460300068,0.9431386666133923,0.9411460630471832,0.9285246949626924,44,1000,0.2,120,60,0.35,0.15,0.15,6
0.768112489020115,0.9338136852972465,0.9445740708149549,0.943951320807491,0.9438407362769116,0.947994334457904,0.8003262734702408,0.9678992553320207,0.9692828386950789,0.9528561254008935,0.9474493668200838,0.9482695190535378,0.9285246949626924,45,1000,0.2,120,60,0.35,0.15,0.15,6
0.7759712234750636,0.9297326301382923,0.9411807578164919,0.9410902451583114,0.9413269175387333,0.9447890513367311,0.8026735410324707,0.9794423001994628,0.9812539322283763,0.9650930399213022,0.9441878660641156,0.9456995948893736,0.9285246949626924,46,1000,0.2,120,60,0.35,0.15,0.15,6
0.7721926690745393,0.9330616393856538,0.9449358850009854,0.9444024272711598,0.9444850824280717,0.9485563540742931,0.7995395944181692,0.9777885675312838,0.9786037648413637,0.965149064101143,0.9509561440782343,0.9448328306668144,0.9285246949626924,47,1000,0.2,120,60,0.35,0.15,0.15,6
0.7713771342383107,0.9345859185520362,0.9471564645550528,0.9471419849170437,0.9472855263951735,0.9525322714932126,0.806366407239819,0.9779004042232278,0.9799483076923077,0.9633813815987934,0.9525468476621418,0.949457568627451,0.9285246949626924,48,1000,0.2,120,60,0.35,0.15,0.15,6
0.7792738120916863,0.9302440541444555,0.9443251990227255,0.9441381430121976,0.9444905798344836,0.9473936241877648,0.8056102289368868,0.9780667995251318,0.9801119070460533,0.9613384158332458,0.9525086846410401,0.9521958742834652,0.9285246949626924,49,1000,0.2,120,60,0.35,0.15,0.15,6
0.7771285143573705,0.9371538901392842,0.9497109414265119,0.9496762367088623,0.9500384732077657,0.9540869083037911,0.8060146640410288,0.9883630563377737,0.9896919297784166,0.97476515192591,0.9545221112312157,0.9437399995616246,0.9285246949626924,50,1000,0.2,120,60,0.35,0.15,0.15,6
0.7810493827160494,0.933791727582846,0.9445929783950617,0.9447057748538011,0.9447364359974009,0.9504193063677713,0.8066204718973359,0.9726967592592592,0.9730575860948668,0.9661908097790773,0.9552926007147499,0.9566878858024691,0.9285246949626924,51,1000,0.2,120,60,0.35,0.15,0.15,6
0.7843036746833676,0.9363551379675239,0.9443134062292733,0.9443645470993125,0.9442362515062661,0.9482620923276969,0.8126476397010417,0.9769019649228813,0.9785724681401741,0.9567482250225873,0.9405420873101765,0.9377544664750904,0.9285246949626924,52,1000,0.2,120,60,0.35,0.15,0.15,6
0.7808196108202194,0.934621539742217,0.946057315158241,0.9457282602185876,0.9460493557172228,0.9511791183870756,0.8073905545313438,0.9792506108628316,0.9812718235496758,0.9598658775948627,0.9414766568522877,0.9418442471344314,0.9285246949626924,53,1000,0.2,120,60,0.35,0.15,0.15,6
0.7817868462398205,0.9385680729357794,0.9475529068474179,0.9475431549274842,0.9470251329406105,0.950806049818073,0.7992528273985261,0.9783493724785801,0.9786594835324691,0.9643746761753087,0.949862649083695,0.9476086878294382,0.9285246949626924,54,1000,0.2,120,60,0.35,0.15,0.15,6
0.7793322065994194,0.9299129631008214,0.9411369737772649,0.9411145825578798,0.941515298146356,0.9459682428534206,0.8044760919935978,0.9732849489131244,0.9748012512717437,0.9608125550571974,0.9493540666331671,0.9411780728119804,0.9285246949626924,55,1000,0.2,120,60,0.35,0.15,0.15,6
0.7761382438770694,0.935528791979274,0.9462409107106741,0.9461929481561383,0.9461322726353402,0.9497176180524121,0.806396548237039,0.9812188074852405,0.9821992468530593,0.9702088971501768,0.9518784370756325,0.9473160231530082,0.9285246949626924,56,1000,0.2,120,60,0.35,0.15,0.15,6
0.7876122623390651,0.9334170506419756,0.9455536954993768,0.9457740249510295,0.9458537416444046,0.9502957055760004,0.8163852588560664,0.9794722124259702,0.9817299980814783,0.9679581263680059,0.9512377223728694,0.9469788407852676,0.9285246949626924,57,1000,0.2,120,60,0.35,0.15,0.15,6
0.7723057270369437,0.9343510326691716,0.9457670678198814,0.9458195582056004,0.9456120916353548,0.9505345766741554,0.8004318413780847,0.9779599875481674,0.9804534248105452,0.9625935470795578,0.9466090251220713,0.9486100891319376,0.9285246949626924,58,1000,0.2,120,60,0.35,0.15,0.15,6
0.7758041106089206,0.9369250399203849,0.9486350863207819,0.9486815117856006,0.9487860944201705,0.9521955083613466,0.8063221857068729,0.9763997202439593,0.9779286521825232,0.9566835372594437,0.947068753305809,0.943872214660119,0.9285246949626924,59,1000,0.2,120,60,0.35,0.15,0.15,6
0.7790555214752366,0.9364764959113918,0.9472254134964244,0.9469691994610331,0.9471662128919408,0.9502862682411259,0.8103158550228381,0.9848132583085586,0.9859895443813315,0.9635627522544518,0.9442602647860512,0.9428030414238122,0.9285246949626924,60,1000,0.2,120,60,0.35,0.15,0.15,6
0.7747677874565587,0.9362868603537429,0.9467438065868923,0.9466532028423689,0.946472298714074,0.9509493978086837,0.8079363419708903,0.9803092580847663,0.9817328289724888,0.9634893200836143,0.949680743144856,0.9450090886881225,0.9285246949626924,61,1000,0.2,120,60,0.35,0.15,0.15,6
0.7693821764169517,0.933207725949257,0.9470193958180074,0.946971876420999,0.9467395170448458,0.9510423555907904,0.7986994540983099,0.9775438947335843,0.9800028092629494,0.9616048033634972,0.9403569668530779,0.9407014110594493,0.9285246949626924,62,1000,0.2,120,60,0.35,0.15,0.15,6
0.780963263541928,0.9394405822074332,0.9512368279475836,0.9512058263806588,0.9513642234541109,0.956055129358773,0.8062649282263884,0.9839984066590169,0.9859841018781268,0.9720449600473536,0.9548385919865834,0.9504807286384999,0.9285246949626924,63,1000,0.2,120,60,0.35,0.15,0.15,6
0.7633060225394429,0.9258153823388477,0.9369349015056639,0.936908269898459,0.937168581753611,0.9407810866393004,0.7936401978834942,0.9763631412358382,0.9784991898180877,0.9634646307077345,0.9440681048638417,0.942424208382739,0.9285246949626924,64,1000,0.2,120,60,0.35,0.15,0.15,6
0.773163224528318,0.9385412402710954,0.9510780292254815,0.9506476354050135,0.9504188748137018,0.9541386637385311,0.8091944347609209,0.9837771288804781,0.9843725137468919,0.9643033268268153,0.9523573677713172,0.9487503395981345,0.9285246949626924,65,1000,0.2,120,60,0.35,0.15,0.15,6
0.7851930692992811,0.9364002980697319,0.9460403390794296,0.9455422041399089,0.9451820751772348,0.9494226927023135,0.808785717376121,0.9764723470403175,0.9771665296586337,0.959683036293737,0.9468363119703815,0.9440421979590954,0.9285246949626924,66,1000,0.2,120,60,0.35,0.15,0.15,6
0.7794714505858563,0.9369706518211584,0.946253418949243,0.9458752816795811,0.9461497329053543,0.9514223341749904,0.8068057467612694,0.9727062328989683,0.9737785939910971,0.9621426263383268,0.950403877757473,0.9501447129319628,0.9285246949626924,67,1000,0.2,120,60,0.35,0.15,0.15,6
0.7759365435253843,0.9294049490856637,0.9427504667081519,0.9416567308103384,0.9419834067240809,0.945031854117878,0.7993660646566944,0.9805649108306376,0.9812204398377962,0.9731261806251593,0.9576755281837888,0.9562963838233175,0.9285246949626924,68,1000,0.2,120,60,0.35,0.15,0.15,6
0.7781962447049673,0.9377586572212427,0.9473436022014655,0.9470429766401413,0.9468883279138831,0.9505791811595649,0.807125577367289,0.9806976228130093,0.9822671387644232,0.9703164055126634,0.9490682486508706,0.9472904146021544,0.9285246949626924,69,1000,0.2,120,60,0.35,0.15,0.15,6
0.7809703179837788,0.9312624221175104,0.9429175267453718,0.9430726797915157,0.9432173007641312,0.9471524930149435,0.8001417149004754,0.9849640997695523,0.9842850735845746,0.9712990269241732,0.9480676131815141,0.9431581066101341,0.9285246949626924,70,1000,0.2,120,60,0.35,0.15,0.15,6
0.7740036778034959,0.9323485530551643,0.9427859400507103,0.9426192993362861,0.9427905255973016,0.9485485086436578,0.7983227826735805,0.9836634536619785,0.9844882666594859,0.970852704828561,0.9508876252293261,0.9479507289848302,0.9285246949626924,71,1000,0.2,120,60,0.35,0.15,0.15,6
0.7643121738651943,0.9250078734810621,0.940116273851184,0.9402284733954392,0.9395187868868198,0.9438109560610974,0.7966719859007125,0.9701582384320319,0.9726369702766822,0.9573596852012508,0.950697666522661,0.9507778648055982,0.9285246949626924,72,1000,0.2,120,60,0.35,0.15,0.15,6
0.76746572265625,0.934126953125,0.944007421875,0.94229404296875,0.943051171875,0.94874228515625,0.78972236328125,0.97728095703125,0.978837890625,0.965009375,0.954512109375,0.95335234375,0.9285246949626924,73,1000,0.2,120,60,0.35,0.15,0.15,6
0.7698721824021959,0.9389928486072542,0.950534290428346,0.9504337159932066,0.9502934121543354,0.9538290288642625,0.8094849998483878,0.9837661853537804,0.9864994082120178,0.9709695145377094,0.9602345696049647,0.9584649599168344,0.9285246949626924,74,1000,0.2,120,60,0.35,0.15,0.15,6
0.7792259671739604,0.9277386641999418,0.940799385276491,0.9407925332628555,0.9378291352514078,0.9442310694769711,0.8030139071405323,0.9831170299457468,0.9832486864934575,0.9688005305416272,0.9475931567960963,0.9339322972109857,0.9285246949626924,75,1000,0.2,120,60,0.35,0.15,0.15,6
0.785331820365441,0.935732500990166,0.9477951329544014,0.9476195719473827,0.9476294424625152,0.9516796118951782,0.8051570854151257,0.9795246225749797,0.980168314323967,0.9634571488834962,0.9477099398674802,0.9457832728117427,0.9285246949626924,76,1000,0.2,120,60,0.35,0.15,0.15,6
0.7742789594222909,0.9388563538765715,0.9488217342231281,0.9484275374570091,0.9485337915369311,0.9516485232444009,0.7973490096258761,0.9829623637482213,0.9844913071247764,0.9641888528316419,0.9454429327534952,0.9433030773373158,0.9285246949626924,77,1000,0.2,120,60,0.35,0.15,0.15,6
0.7676832295550268,0.9316240233086489,0.9435193177244753,0.9427113711579752,0.9421425416682473,0.9464394326293974,0.7954959002441003,0.979878376004972,0.979810210084636,0.9667301549160745,0.9516581725818725,0.9485142511144737,0.9285246949626924,78,1000,0.2,120,60,0.35,0.15,0.15,6
0.7853573903465008,0.9389883734999395,0.9499427238914441,0.9499585357115359,0.950168214195361,0.9532654649421504,0.8128343070533681,0.98214845511643,0.9841625470819041,0.9598709755480515,0.9438191300631216,0.9463898766638749,0.9285246949626924,79,1000,0.2,120,60,0.35,0.15,0.15,6
0.7837353705318458,0.936577069547038,0.9447296339868116,0.9447016465886945,0.9442655661259901,0.9466828444803234,0.8073110250205402,0.9805645435884841,0.981790856468614,0.9625493749997579,0.9435034179488898,0.9422051513082027,0.9285246949626924,80,1000,0.2,120,60,0.35,0.15,0.15,6
0.7766467547443533,0.9318615295612158,0.9433698083237196,0.9432011824427977,0.9425938764299042,0.9453288442932538,0.8017523671563074,0.9722737819138337,0.9748205772976078,0.9549520918701806,0.9465793403732856,0.9429916156761388,0.9285246949626924,81,1000,0.2,120,60,0.35,0.15,0.15,6
0.7534295501986806,0.9233170816857428,0.936364011045625,0.9355362195160387,0.9359705773254362,0.9410395397494612,0.7883423561898897,0.9772072218410507,0.9788051038739694,0.962838599562151,0.9399916115314774,0.9446164215181189,0.9285246949626924,82,1000,0.2,120,60,0.35,0.15,0.15,6
0.7758355260117561,0.9330330558301797,0.945123490026916,0.9452373129237643,0.9454559701281822,0.94984210859017,0.8000848835474523,0.9756087790769872,0.9776573958161439,0.959987490228573,0.9507253351888908,0.9484118481721753,0.9285246949626924,83,1000,0.2,120,60,0.35,0.15,0.15,6
0.7770252901470174,0.9341804365526457,0.9469116943167013,0.9468775195194884,0.9466781499299167,0.9487250509035099,0.8010238689537013,0.9829158893477854,0.9830500976622047,0.9671327125941401,0.9541947122521929,0.9499053268445722,0.9285246949626924,84,1000,0.2,120,60,0.35,0.15,0.15,6
0.7730031401372943,0.931772840288853,0.9417296510188111,0.941215243038702,0.9413475844716743,0.945690483501897,0.8014837891650405,0.9791878237957029,0.9800039623183525,0.9661063288129885,0.9572468821507464,0.9527561886459768,0.9285246949626924,85,1000,0.2,120,60,0.35,0.15,0.15,6
0.7782442351874161,0.9391402353809848,0.9470693283910897,0.9471479656368895,0.9475735433864906,0.952306900681744,0.8088709057410653,0.9702759991710893,0.969566507792112,0.9625446700533368,0.9533369900628278,0.9481987387600448,0.9285246949626924,86,1000,0.2,120,60,0.35,0.15,0.15,6
0.7756271057026962,0.9319998091147698,0.9457434502505369,0.9453237890718206,0.9447183011214507,0.9479833929849678,0.8039171558100692,0.9793439274636125,0.9806749701741828,0.9685411596277738,0.9505066094010975,0.9467293724648055,0.9285246949626924,87,1000,0.2,120,60,0.35,0.15,0.15,6
0.7756420901932713,0.9360154617036507,0.9480756859937962,0.9481462180863756,0.9485307563827249,0.9513738964447626,0.8055239322357433,0.98329343832021,0.9838970174182773,0.9645444046766881,0.9443452159389167,0.9457202576950609,0.9285246949626924,88,1000,0.2,120,60,0.35,0.15,0.15,6
0.7780724609375,0.93869443359375,0.94981669921875,0.94993291015625,0.95008173828125,0.95382451171875,0.805645703125,0.9778291015625,0.9799162109375,0.96154248046875,0.9359751953125,0.9435658203125,0.9285246949626924,89,1000,0.2,120,60,0.35,0.15,0.15,6
0.7813538845191281,0.9345443372520121,0.9452394441780734,0.9444608604002915,0.9439150966109785,0.9481568531995439,0.8110220552316878,0.9780910898888162,0.9793548297251302,0.9639623294512676,0.9559293533537602,0.9510010033619638,0.9285246949626924,90,1000,0.2,120,60,0.35,0.15,0.15,6
0.7920133325593096,0.9369993033786137,0.9468302759394713,0.9461421688145826,0.9463407059096715,0.9505138550253492,0.8190770734161539,0.9718385966949186,0.9714491659893959,0.9599661364603893,0.9451251015906188,0.9440189248809938,0.9285246949626924,91,1000,0.2,120,60,0.35,0.15,0.15,6
0.7722532062472764,0.9332498543273947,0.9448213050486819,0.9446569762968342,0.9444827878198756,0.9481810547121946,0.8002630419997224,0.9760118687890982,0.9766555541764829,0.9585260329608677,0.9490211612900232,0.9409225570791087,0.9285246949626924,92,1000,0.2,120,60,0.35,0.15,0.15,6
0.7717892025823438,0.9330472067358506,0.946385016008307,0.9463687913728205,0.9458772235476633,0.9491884012398711,0.7959715388989499,0.9816083133487029,0.9828584794580663,0.9640813611387531,0.9506193561446558,0.9508485291209029,0.9285246949626924,93,1000,0.2,120,60,0.35,0.15,0.15,6
0.7690511485658807,0.932914799422369,0.9458007624910452,0.9441162509478079,0.9445748146069475,0.9485259099275642,0.797812237685522,0.9717149642183769,0.9745662731587176,0.9484128165545902,0.9381101183589454,0.9376986196221817,0.9285246949626924,94,1000,0.2,120,60,0.35,0.15,0.15,6
0.7804162592268546,0.9402940818684995,0.9504356291884423,0.9504222752998679,0.9504376761348661,0.9536687323280292,0.8087945396047093,0.9808032490693217,0.9821225547762863,0.9636595854017239,0.9490227487878178,0.9480127269381269,0.9285246949626924,95,1000,0.2,120,60,0.35,0.15,0.15,6
0.7806483902371218,0.9369057888814171,0.9475496969859849,0.9461340794563083,0.9461052355108149,0.9503496270123452,0.8076683745629478,0.9769152945857749,0.9791408067897663,0.9604413655255392,0.9448375785616047,0.9448212369406084,0.9285246949626924,96,1000,0.2,120,60,0.35,0.15,0.15,6
0.781569276192256,0.9331758258280777,0.945337858597791,0.945004366449517,0.9450397441118303,0.9506190321825211,0.804185600445451,0.9745572120248674,0.9751227739471204,0.9670919484670513,0.9528733006705221,0.9525576896233087,0.9285246949626924,97,1000,0.2,120,60,0.35,0.15,0.15,6
0.7726305404185185,0.9309210460057326,0.9439621150814254,0.9439008241093937,0.9440137184350295,0.9488215587684984,0.8023518660031639,0.9728053204016736,0.9747337319708386,0.9610605697720024,0.9389989851020735,0.9341179600868202,0.9285246949626924,98,1000,0.2,120,60,0.35,0.15,0.15,6
0.7706033139429171,0.9381041416066432,0.9486908540377241,0.9487607489227081,0.9487066049977205,0.9535032645341245,0.7984690263770499,0.9786042897148889,0.9808251750743815,0.9527389492002991,0.9348782465558804,0.9302313195829421,0.9285246949626924,99,1000,0.2,120,60,0.35,0.15,0.15,6
0.7757935457892314,0.9344167050161067,0.94501955821445,0.9435878777419849,0.9434391777880043,0.9490115431814695,0.8016897722043258,0.9922285818377051,0.9922562893081761,0.9865274581991103,0.9827300966405891,0.9807879851204172,0.9285246949626924,0,1000,0.2,120,120,0.35,0.15,0.15,7
0.7739366108521555,0.9320769383205204,0.9449315921040832,0.9451243444770391,0.944437799508196,0.948599596913245,0.8104949827778019,0.9936082604334605,0.992949476531611,0.9895132077213963,0.9842031653326095,0.9825933187774775,0.9285246949626924,1,1000,0.2,120,120,0.35,0.15,0.15,7
0.7702697483675744,0.9365510033444816,0.9459358576206403,0.9458067566491479,0.9456906951743909,0.9505093366778149,0.8026743908265648,0.9927147037744863,0.9929436415034241,0.9875162247173117,0.9809238135053352,0.9794468665392578,0.9285246949626924,2,1000,0.2,120,120,0.35,0.15,0.15,7
0.7728202089444347,0.932965963546597,0.9436927941462119,0.9437556397540268,0.943658273319384,0.9470323645045253,0.7977702102967463,0.9918078438989848,0.9917611276803431,0.9866793865914617,0.9836681083127823,0.9819742273997999,0.9285246949626924,3,1000,0.2,120,120,0.35,0.15,0.15,7
0.7676506235359974,0.9262855611243191,0.9402249904388211,0.9401070910116788,0.9400859891437665,0.9447970295539404,0.7962740489906,0.9928101676930596,0.9927067878998017,0.9904054259291041,0.984985730587806,0.9840718648311139,0.9285246949626924,4,1000,0.2,120,120,0.35,0.15,0.15,7
0.7745116326830814,0.9328098091529174,0.944040776202637,0.9440765016473237,0.9439303787219251,0.9487865989366897,0.8036736494293348,0.9916193572953457,0.990359791343881,0.9893322455618699,0.9821645109874777,0.9810344741756281,0.9285246949626924,5,1000,0.2,120,120,0.35,0.15,0.15,7
0.7779335934983367,0.9352664085444325,0.9481120883230593,0.9483072317176076,0.9481826031480647,0.9521406650942581,0.8021419811090981,0.9936489516665069,0.9938156141428776,0.9901020952527613,0.9826209437279911,0.9817397048355492,0.9285246949626924,6,1000,0.2,120,120,0.35,0.15,0.15,7
0.7816487874682514,0.9361561403551908,0.9472155904315349,0.9472477508599473,0.9476891453636612,0.9510022595897333,0.8110766613147911,0.9924406273742289,0.9926628982250296,0.9861421992520487,0.9810759974527367,0.9779761058835389,0.9285246949626924,7,1000,0.2,120,120,0.35,0.15,0.15,7
0.7846409073079492,0.9375337816660181,0.9471402679805989,0.947102910726627,0.9475327147350212,0.9525748682887865,0.8095405928126794,0.992935371657247,0.9930120420423622,0.9860265289311885,0.9827820220855694,0.9832154444667306,0.9285246949626924,8,1000,0.2,120,120,0.35,0.15,0.15,7
0.7791722018029077,0.9423173770395973,0.9535670147286992,0.9531511914243751,0.9531926958122949,0.9559290625707876,0.8150210810139347,0.9949292549913654,0.9945444138357703,0.991278719989088,0.9842955580074971,0.9843596657240494,0.9285246949626924,9,1000,0.2,120,120,0.35,0.15,0.15,7
0.7884758745628293,0.9359268606512664,0.9448348812126297,0.9448593557098555,0.9450019246306863,0.9488603390672968,0.8071073343004408,0.9937325389137044,0.9929550259225717,0.9900884255625577,0.9846538933005441,0.9828429794854964,0.9285246949626924,10,1000,0.2,120,120,0.35,0.15,0.15,7
0.7782148054298642,0.9393659366515837,0.9495844102564103,0.949751891402715,0.9497333574660634,0.9524759939668175,0.802763294117647,0.9947633906485671,0.9950978702865761,0.9879150045248869,0.9811252126696832,0.979284754147813,0.9285246949626924,11,1000,0.2,120,120,0.35,0.15,0.15,7
0.7818247102819202,0.934403855990347,0.9436496199898293,0.9424466468840035,0.941707586016526,0.9461414575927052,0.811363352078389,0.9940396310777168,0.9937656671574323,0.990347091060967,0.9836685911274587,0.9827517252075734,0.9285246949626924,12,1000,0.2,120,120,0.35,0.15,0.15,7
0.7638569604086846,0.9304851193931654,0.942044970780603,0.9421376601261658,0.9421484964588412,0.9460450288323852,0.7913623785750222,0.9942900267038198,0.9938612175393785,0.9876323580633926,0.9848433569410581,0.9831351832501258,0.9285246949626924,13,1000,0.2,120,120,0.35,0.15,0.15,7
0.7727285664976662,0.9351846543816305,0.9446903772383002,0.944570411923009,0.9448892169923002,0.9498952884198694,0.8063299793824021,0.993303690441781,0.9930345953109898,0.9893045459337871,0.9836113548724359,0.9833561905510226,0.9285246949626924,14,1000,0.2,120,120,0.35,0.15,0.15,7
0.7808047747780819,0.9392249748271053,0.9489907948714001,0.9489029709739059,0.9487667945935214,0.9524060590200274,0.8037963803923379,0.9937144732598928,0.9938473932485724,0.9870653161127446,0.9837290934718622,0.9831134380825735,0.9285246949626924,15,1000,0.2,120,120,0.35,0.15,0.15,7
0.7650224672571404,0.9352591653738465,0.9465801945102015,0.9465588513885198,0.9474552624991501,0.9516557047363574,0.7978081096908975,0.9925117512717024,0.9930342231644529,0.9868058946418528,0.9730811084980006,0.9700411139989246,0.9285246949626924,16,1000,0.2,120,120,0.35,0.15,0.15,7
0.766383050193147,0.9352216364725671,0.9464306287742624,0.9465251843105994,0.9466693739831896,0.9513545356325469,0.794232413096393,0.990316730965434,0.9904294355495727,0.9852706940506719,0.9763962107595777,0.9765183408160554,0.9285246949626924,17,1000,0.2,120,120,0.35,0.15,0.15,7
0.7752488940732353,0.935524302323038,0.9475246726715462,0.9472455129951076,0.9476443268011967,0.9511302770792127,0.804129585622168,0.9954484487960727,0.9953072209669193,0.9899208874461144,0.9856348125999594,0.9831848992892764,0.9285246949626924,18,1000,0.2,120,120,0.35,0.15,0.15,7
0.7773387490078516,0.93413412800758,0.9447387371543653,0.9440213300773692,0.9440314016670031,0.9473599651987842,0.8094994652373273,0.9921409642927285,0.9913644834688414,0.9869513840494686,0.9798805470732541,0.9816865574105789,0.9285246949626924,19,1000,0.2,120,120,0.35,0.15,0.15,7
0.7818129324927814,0.934577130390469,0.9440416014198836,0.9438993738234924,0.9435570341278311,0.9472703604683921,0.8043048633829427,0.9924123655490498,0.991673248367804,0.986043346875874,0.9800409976368728,0.9793755792885397,0.9285246949626924,20,1000,0.2,120,120,0.35,0.15,0.15,7
0.76843019857289,0.9376538951682221,0.9485918444792588,0.9484641713977727,0.9485606136793261,0.9529184887906963,0.7979157074817211,0.9953392450553198,0.9956112869289477,0.987777463069088,0.9812983488138581,0.981501349013421,0.9285246949626924,21,1000,0.2,120,120,0.35,0.15,0.15,7
0.7706353307573311,0.9317129608184436,0.9406661985094971,0.9406375278648922,0.9405655586957822,0.9446934488844827,0.8007381423236153,0.9897511222265661,0.9895142480913786,0.9846565242148461,0.9808633199182673,0.9789416065761487,0.9285246949626924,22,1000,0.2,120,120,0.35,0.15,0.15,7
0.7681383075898911,0.9268207936222899,0.9391622010204929,0.9391547999350263,0.9394440265644434,0.9450159727110293,0.7965279949953081,0.9893517856676811,0.9892371662256528,0.9850034531906664,0.9820818747027393,0.9824505656182185,0.9285246949626924,23,1000,0.2,120,120,0.35,0.15,0.15,7
0.7761526045784013,0.9321940691979939,0.9432968105959793,0.9431878555591906,0.9440911248312313,0.9480060355075054,0.804853185270909,0.9933594670187379,0.9936138571402514,0.9883598570447824,0.985879698892132,0.9846343321492841,0.9285246949626924,24,1000,0.2,120,120,0.35,0.15,0.15,7
0.7749340089203209,0.936805762620208,0.947409901736953,0.9473736623866342,0.9476805795653396,0.9536954373103446,0.8024554151547911,0.994762102267058,0.9949068653554628,0.9904332001415763,0.9817076778552989,0.980354774495542,0.9285246949626924,25,1000,0.2,120,120,0.35,0.15,0.15,7
0.7722617003565855,0.933661548437926,0.9447458982917347,0.943898609329793,0.9441175467861902,0.9499122993069126,0.8058169580284728,0.9930636953122745,0.9928316839609155,0.9887473991748763,0.9836894109194578,0.9832650121753161,0.9285246949626924,26,1000,0.2,120,120,0.35,0.15,0.15,7
0.7722653956278138,0.9360970347006213,0.94672119979344,0.9468982789093051,0.947216458854077,0.9505031868907148,0.7980926659086336,0.9946494177772498,0.9946884023361643,0.9916100768296437,0.9848071743225585,0.9837079455282917,0.9285246949626924,27,1000,0.2,120,120,0.35,0.15,0.15,7
0.7795737116493323,0.9309559444062181,0.942792177249063,0.9423586667357552,0.9428554414657375,0.946537519295586,0.8014152305689481,0.9921413792563262,0.9919630344169389,0.9910266235907644,0.9872530636952167,0.9869889606954485,0.9285246949626924,28,1000,0.2,120,120,0.35,0.15,0.15,7
0.7764190602293516,0.9407349551387323,0.949893675754329,0.9498301229415517,0.9501031466050321,0.9535664824804779,0.8082078457701899,0.9939784684629889,0.993171094309255,0.9902794413278873,0.9859870921507987,0.9838005634756136,0.9285246949626924,29,1000,0.2,120,120,0.35,0.15,0.15,7
0.7773326479487465,0.9352873250206565,0.9456533149668858,0.9453593988655516,0.9454526579118728,0.9500644775420983,0.807570368453612,0.9925224257501107,0.9922045896233962,0.9887937102147999,0.9829299145193199,0.9835245256765494,0.9285246949626924,30,1000,0.2,120,120,0.35,0.15,0.15,7
0.7632250064548225,0.9314228239376307,0.9436398547507494,0.9436138780258948,0.9432149778646818,0.9472215924834378,0.7976049066097383,0.9919136620254918,0.9922746794629588,0.9850062147346281,0.9743164972669337,0.971438787815814,0.9285246949626924,31,1000,0.2,120,120,0.35,0.15,0.15,7
0.775355181475227,0.9346846090509503,0.946464664457304,0.9464674872398063,0.9471351239702805,0.9525200196115248,0.8012541135971389,0.9928204960485425,0.9916286004712489,0.9898752631879668,0.9864010992888438,0.9850305897152796,0.9285246949626924,32,1000,0.2,120,120,0.35,0.15,0.15,7
0.7727155942381514,0.9315648398008437,0.9433971532818973,0.9434120709969215,0.943809053247691,0.947437478621109,0.8019343620538938,0.9938260613431644,0.9936216791456045,0.9906356656911558,0.9836433430884421,0.9822154232070237,0.9285246949626924,33,1000,0.2,120,120,0.35,0.15,0.15,7
0.7877014618527333,0.9354214204316106,0.9467835594445134,0.9467842239748101,0.9470013355160306,0.95166719259493,0.814700948075881,0.9935014632957133,0.9933059964555853,0.9895477928290726,0.9833499086175909,0.9807590948565734,0.9285246949626924,34,1000,0.2,120,120,0.35,0.15,0.15,7
0.7747915698107026,0.9361141906340715,0.9477391174273057,0.9477791095673119,0.9478225625655881,0.9511728656406375,0.8002200336779963,0.9947492050600825,0.9945656834368323,0.9880782084751805,0.9839623827778463,0.9822713689732518,0.9285246949626924,35,1000,0.2,120,120,0.35,0.15,0.15,7
0.7841371047134201,0.9386542692996601,0.951070131543301,0.9509724805246591,0.9501883016379593,0.9537608531344971,0.8116620423782421,0.9948984769603489,0.995029381073661,0.9929978757309811,0.9898845427637193,0.9891690741619718,0.9285246949626924,36,1000,0.2,120,120,0.35,0.15,0.15,7
0.7776429041867245,0.9396237616349352,0.9502317431579738,0.9501551029921008,0.9502279111496801,0.9536012575275628,0.8035219300430531,0.9924155712772703,0.9914161049089893,0.9852980580266277,0.9810417776352401,0.9823798363260827,0.9285246949626924,37,1000,0.2,120,120,0.35,0.15,0.15,7
0.7682388774779748,0.9343441934563217,0.9452817105142085,0.9452371650610809,0.9452651399955396,0.949517427506905,0.797489059558733,0.991456630468856,0.9903362684595578,0.9884287093398462,0.9831696166088842,0.9840708578771957,0.9285246949626924,38,1000,0.2,120,120,0.35,0.15,0.15,7
0.7777282415818476,0.9352978980960531,0.9450977171837828,0.9448778618922445,0.94472614718113,0.9492378883758285,0.8029417123339595,0.9887311787126497,0.9902437637051625,0.9797724395812907,0.9763379407819529,0.9766255483884996,0.9285246949626924,39,1000,0.2,120,120,0.35,0.15,0.15,7
0.784130335640986,0.9323665001998247,0.9456798188363759,0.945681631761809,0.944835902047236,0.9471746765741027,0.8108749137853238,0.9909169414255878,0.9917654912463902,0.9854357628145627,0.9821380514516296,0.9814281904264646,0.9285246949626924,40,1000,0.2,120,120,0.35,0.15,0.15,7
0.7700469722181269,0.9347518304236195,0.9447545670582468,0.9447370783899756,0.9442670337919175,0.9492517927594764,0.7926732054745589,0.9943993272627137,0.9948798259809115,0.9886969466836942,0.9825078144548044,0.9810315363677834,0.9285246949626924,41,1000,0.2,120,120,0.35,0.15,0.15,7
0.7746397106980024,0.9324200743406635,0.9468387309818888,0.9461546772273861,0.9460422098163682,0.9502035040240309,0.8022157752714174,0.9951163757273483,0.9952000129096451,0.990431906345248,0.9825255359077055,0.9818263290637044,0.9285246949626924,42,1000,0.2,120,120,0.35,0.15,0.15,7
0.7732538584562251,0.9333591381391104,0.9445998292761899,0.944637015669306,0.9449698289818386,0.9494952854717962,0.8013224227082291,0.9945797152640823,0.9942470000686819,0.9896389289533846,0.9811591558001943,0.9809133723839519,0.9285246949626924,43,1000,0.2,120,120,0.35,0.15,0.15,7
0.7808571172810383,0.9295263201166709,0.9424514460158686,0.9425692964244167,0.9427524592028202,0.949080171318188,0.8032420676205858,0.9900284339323118,0.9914811539235829,0.9854735684681099,0.976429342004767,0.9721521501600537,0.9285246949626924,44,1000,0.2,120,120,0.35,0.15,0.15,7
0.768112489020115,0.9338136852972465,0.9445740708149549,0.943951320807491,0.9438407362769116,0.947994334457904,0.8003262734702408,0.9915707285301018,0.9915205431880715,0.9843281292475852,0.9768814494548163,0.9750931424234472,0.9285246949626924,45,1000,0.2,120,120,0.35,0.15,0.15,7
0.7759712234750636,0.9297326301382923,0.9411807578164919,0.9410902451583114,0.9413269175387333,0.9447890513367311,0.8026735410324707,0.9899010920219248,0.9906989625811413,0.98415742859743,0.979391774635103,0.9797526433832785,0.9285246949626924,46,1000,0.2,120,120,0.35,0.15,0.15,7
0.7721926690745393,0.9330616393856538,0.9449358850009854,0.9444024272711598,0.9444850824280717,0.9485563540742931,0.7995395944181692,0.9936784681680461,0.9937445730490688,0.9907467599948271,0.9862360400347325,0.9850262341117352,0.9285246949626924,47,1000,0.2,120,120,0.35,0.15,0.15,7
0.7713771342383107,0.9345859185520362,0.9471564645550528,0.9471419849170437,0.9472855263951735,0.9525322714932126,0.806366407239819,0.9933284585218702,0.9936596561085973,0.9887196862745098,0.9842247239819004,0.9826088929110106,0.9285246949626924,48,1000,0.2,120,120,0.35,0.15,0.15,7
0.7792738120916863,0.9302440541444555,0.9443251990227255,0.9441381430121976,0.9444905798344836,0.9473936241877648,0.8056102289368868,0.9921452708106018,0.9921921541700552,0.9866617319782419,0.9807245417390327,0.9836294003159995,0.9285246949626924,49,1000,0.2,120,120,0.35,0.15,0.15,7
0.7771285143573705,0.9371538901392842,0.9497109414265119,0.9496762367088623,0.9500384732077657,0.9540869083037911,0.8060146640410288,0.9949573372310289,0.9942545907323599,0.9911762534363439,0.9858603751339641,0.9845698595391444,0.9285246949626924,50,1000,0.2,120,120,0.35,0.15,0.15,7
0.7810493827160494,0.933791727582846,0.9445929783950617,0.9447057748538011,0.9447364359974009,0.9504193063677713,0.8066204718973359,0.9902137142625081,0.9904209307992202,0.9879201185834958,0.9828113832033788,0.9814891975308642,0.9285246949626924,51,1000,0.2,120,120,0.35,0.15,0.15,7
0.7843036746833676,0.9363551379675239,0.9443134062292733,0.9443645470993125,0.9442362515062661,0.9482620923276969,0.8126476397010417,0.9928484567922219,0.9928085491768734,0.9847101608434559,0.9792007421042783,0.9771081050001877,0.9285246949626924,52,1000,0.2,120,120,0.35,0.15,0.15,7
0.7808196108202194,0.934621539742217,0.946057315158241,0.9457282602185876,0.9460493557172228,0.9511791183870756,0.8073905545313438,0.9934440413925877,0.9941621382785922,0.9870437772167989,0.9801178987347497,0.9798800861677437,0.9285246949626924,53,1000,0.2,120,120,0.35,0.15,0.15,7
0.7817868462398205,0.9385680729357794,0.9475529068474179,0.9475431549274842,0.9470251329406105,0.950806049818073,0.7992528273985261,0.9928507699774662,0.9924383612834736,0.987944384020465,0.9841648324117932,0.9838674963730172,0.9285246949626924,54,1000,0.2,120,120,0.35,0.15,0.15,7
0.7793322065994194,0.9299129631008214,0.9411369737772649,0.9411145825578798,0.941515298146356,0.9459682428534206,0.8044760919935978,0.991166518555051,0.9917495626442343,0.985206383067818,0.9791705439340926,0.9749565358321547,0.9285246949626924,55,1000,0.2,120,120,0.35,0.15,0.15,7
0.7761382438770694,0.935528791979274,0.9462409107106741,0.9461929481561383,0.9461322726353402,0.9497176180524121,0.806396548237039,0.9920451502923019,0.9929795533125945,0.9837818185320376,0.9787282218219993,0.9758084772370487,0.9285246949626924,56,1000,0.2,120,120,0.35,0.15,0.15,7
0.7876122623390651,0.9334170506419756,0.9455536954993768,0.9457740249510295,0.9458537416444046,0.9502957055760004,0.8163852588560664,0.9948826612644566,0.9950345072774246,0.9889755458942996,0.9815336131990349,0.9791599476530332,0.9285246949626924,57,1000,0.2,120,120,0.35,0.15,0.15,7
0.7723057270369437,0.9343510326691716,0.9457670678198814,0.9458195582056004,0.9456120916353548,0.9505345766741554,0.8004318413780847,0.9915758208747835,0.992030673577357,0.9885136258132171,0.9839716241005144,0.9816999515207626,0.9285246949626924,58,1000,0.2,120,120,0.35,0.15,0.15,7
0.7758041106089206,0.9369250399203849,0.9486350863207819,0.9486815117856006,0.9487860944201705,0.9521955083613466,0.8063221857068729,0.9924713538337356,0.9925560828138043,0.9854740436028366,0.9784569799884187,0.9796401775799097,0.9285246949626924,59,1000,0.2,120,120,0.35,0.15,0.15,7
0.7790555214752366,0.9364764959113918,0.9472254134964244,0.9469691994610331,0.9471662128919408,0.9502862682411259,0.8103158550228381,0.9949358856487691,0.9958318138833433,0.9876088209480132,0.9775335154613051,0.9755139346440779,0.9285246949626924,60,1000,0.2,120,120,0.35,0.15,0.15,7
0.7747677874565587,0.9362868603537429,0.9467438065868923,0.9466532028423689,0.946472298714074,0.9509493978086837,0.8079363419708903,0.9933288948284676,0.9931525411114491,0.9877029685669724,0.9839312843404371,0.9844195940305076,0.9285246949626924,61,1000,0.2,120,120,0.35,0.15,0.15,7
0.7693821764169517,0.933207725949257,0.9470193958180074,0.946971876420999,0.9467395170448458,0.9510423555907904,0.7986994540983099,0.9921807260754358,0.9933408088296563,0.9861081471006263,0.9789373843857356,0.977938239068277,0.9285246949626924,62,1000,0.2,120,120,0.35,0.15,0.15,7
0.780963263541928,0.9394405822074332,0.9512368279475836,0.9512058263806588,0.9513642234541109,0.956055129358773,0.8062649282263884,0.9950447334667697,0.9942282259597551,0.9894098248650709,0.9798999197647549,0.9803334432842282,0.9285246949626924,63,1000,0.2,120,120,0.35,0.15,0.15,7
0.7633060225394429,0.9258153823388477,0.9369349015056639,0.936908269898459,0.937168581753611,0.9407810866393004,0.7936401978834942,0.9925205857481584,0.9927534912584413,0.9859220482204469,0.9767804343101871,0.9758084290683121,0.9285246949626924,64,1000,0.2,120,120,0.35,0.15,0.15,7
0.773163224528318,0.9385412402710954,0.9510780292254815,0.9506476354050135,0.9504188748137018,0.9541386637385311,0.8091944347609209,0.9932609761558584,0.9937349964430765,0.9839566958225077,0.9776026173450734,0.9761402703261883,0.9285246949626924,65,1000,0.2,120,120,0.35,0.15,0.15,7
0.7851930692992811,0.9364002980697319,0.9460403390794296,0.9455422041399089,0.9451820751772348,0.9494226927023135,0.808785717376121,0.9919161719440512,0.9916665250230235,0.9873417904889642,0.9840430709990049,0.9843468966135323,0.9285246949626924,66,1000,0.2,120,120,0.35,0.15,0.15,7
0.7794714505858563,0.9369706518211584,0.946253418949243,0.9458752816795811,0.9461497329053543,0.9514223341749904,0.8068057467612694,0.9918713560917662,0.9909079106015108,0.9890989863809236,0.9841496120221102,0.9840344611780243,0.9285246949626924,67,1000,0.2,120,120,0.35,0.15,0.15,7
0.7759365435253843,0.9294049490856637,0.9427504667081519,0.9416567308103384,0.9419834067240809,0.945031854117878,0.7993660646566944,0.9941593196748956,0.9928868571184275,0.9905690514305258,0.9808952483647402,0.9786259344059308,0.9285246949626924,68,1000,0.2,120,120,0.35,0.15,0.15,7
0.7781962447049673,0.9377586572212427,0.9473436022014655,0.9470429766401413,0.9468883279138831,0.9505791811595649,0.807125577367289,0.9946224639174652,0.9943998853768693,0.9910170769771984,0.9864465085472568,0.9848775707219224,0.9285246949626924,69,1000,0.2,120,120,0.35,0.15,0.15,7
0.7809703179837788,0.9312624221175104,0.9429175267453718,0.9430726797915157,0.9432173007641312,0.9471524930149435,0.8001417149004754,0.9927057589280534,0.9917709398832169,0.988183988693234,0.9820052697424937,0.9823753551039744,0.9285246949626924,70,1000,0.2,120,120,0.35,0.15,0.15,7
0.7740036778034959,0.9323485530551643,0.9427859400507103,0.9426192993362861,0.9427905255973016,0.9485485086436578,0.7983227826735805,0.9949544352772538,0.9947862335256922,0.9915340077794286,0.9863571208074933,0.9851460486832847,0.9285246949626924,71,1000,0.2,120,120,0.35,0.15,0.15,7
0.7643121738651943,0.9250078734810621,0.940116273851184,0.9402284733954392,0.9395187868868198,0.9438109560610974,0.7966719859007125,0.9914973234066982,0.9919510973895946,0.9876240000093662,0.9813712657552551,0.9810372038078379,0.9285246949626924,72,1000,0.2,120,120,0.35,0.15,0.15,7
0.76746572265625,0.934126953125,0.944007421875,0.94229404296875,0.943051171875,0.94874228515625,0.78972236328125,0.9928845703125,0.99351318359375,0.98809267578125,0.984009375,0.9831138671875,0.9285246949626924,73,1000,0.2,120,120,0.35,0.15,0.15,7
0.7698721824021959,0.9389928486072542,0.950534290428346,0.9504337159932066,0.9502934121543354,0.9538290288642625,0.8094849998483878,0.9929640927250258,0.9933264609137222,0.9897340021349801,0.9819481398182796,0.9812834478797758,0.9285246949626924,74,1000,0.2,120,120,0.35,0.15,0.15,7
0.7792259671739604,0.9277386641999418,0.940799385276491,0.9407925332628555,0.9378291352514078,0.9442310694769711,0.8030139071405323,0.991391423726076,0.9916459270896806,0.9862501621235369,0.9777459322286909,0.9741931631586804,0.9285246949626924,75,1000,0.2,120,120,0.35,0.15,0.15,7
0.785331820365441,0.935732500990166,0.9477951329544014,0.9476195719473827,0.9476294424625152,0.9516796118951782,0.8051570854151257,0.9938108995211267,0.9934102332709382,0.9890230288701068,0.9838850903377335,0.9828058501297398,0.9285246949626924,76,1000,0.2,120,120,0.35,0.15,0.15,7
0.7742789594222909,0.9388563538765715,0.9488217342231281,0.9484275374570091,0.9485337915369311,0.9516485232444009,0.7973490096258761,0.9949363962686228,0.99519948763226,0.9913251273092162,0.9843848573651492,0.9802439812836276,0.9285246949626924,77,1000,0.2,120,120,0.35,0.15,0.15,7
0.7676832295550268,0.9316240233086489,0.9435193177244753,0.9427113711579752,0.9421425416682473,0.9464394326293974,0.7954959002441003,0.9913569708820348,0.9917973675862369,0.9873153851847467,0.9801349490184253,0.9807917408259544,0.9285246949626924,78,1000,0.2,120,120,0.35,0.15,0.15,7
0.7853573903465008,0.9389883734999395,0.9499427238914441,0.9499585357115359,0.950168214195361,0.9532654649421504,0.8128343070533681,0.9932642628509831,0.99372231458333,0.9855781469253965,0.9770831729235643,0.9779156014148535,0.9285246949626924,79,1000,0.2,120,120,0.35,0.15,0.15,7
0.7837353705318458,0.936577069547038,0.9447296339868116,0.9447016465886945,0.9442655661259901,0.9466828444803234,0.8073110250205402,0.9939992694223827,0.9941022126895057,0.9873585086919755,0.9801470568297193,0.9804199581719135,0.9285246949626924,80,1000,0.2,120,120,0.35,0.15,0.15,7
0.7766467547443533,0.9318615295612158,0.9433698083237196,0.9432011824427977,0.9425938764299042,0.9453288442932538,0.8017523671563074,0.9922464186206539,0.992120775807418,0.9871311418257437,0.9842191848601577,0.9829914445218421,0.9285246949626924,81,1000,0.2,120,120,0.35,0.15,0.15,7
0.7534295501986806,0.9233170816857428,0.936364011045625,0.9355362195160387,0.9359705773254362,0.9410395397494612,0.7883423561898897,0.9901210024462326,0.9901830674156487,0.986084936880411,0.9780051446041055,0.9797474246674311,0.9285246949626924,82,1000,0.2,120,120,0.35,0.15,0.15,7
0.7758355260117561,0.9330330558301797,0.945123490026916,0.9452373129237643,0.9454559701281822,0.94984210859017,0.8000848835474523,0.9919686954791987,0.990693488226267,0.9882205514519063,0.9811015887429253,0.9803837717273499,0.9285246949626924,83,1000,0.2,120,120,0.35,0.15,0.15,7
0.7770252901470174,0.9341804365526457,0.9469116943167013,0.9468775195194884,0.9466781499299167,0.9487250509035099,0.8010238689537013,0.9930783581271653,0.9928212002507613,0.9875160362495959,0.9792599831258203,0.9801914705285715,0.9285246949626924,84,1000,0.2,120,120,0.35,0.15,0.15,7
0.7730031401372943,0.931772840288853,0.9417296510188111,0.941215243038702,0.9413475844716743,0.945690483501897,0.8014837891650405,0.9927044803914771,0.9933287436479084,0.9867819040920843,0.9823891789085795,0.9803269903220374,0.9285246949626924,85,1000,0.2,120,120,0.35,0.15,0.15,7
0.7782442351874161,0.9391402353809848,0.9470693283910897,0.9471479656368895,0.9475735433864906,0.952306900681744,0.8088709057410653,0.9913962462520474,0.990088389825316,0.9868266027265855,0.983316318028535,0.9797121759725944,0.9285246949626924,86,1000,0.2,120,120,0.35,0.15,0.15,7
0.7756271057026962,0.9319998091147698,0.9457434502505369,0.9453237890718206,0.9447183011214507,0.9479833929849678,0.8039171558100692,0.9941428775948461,0.9941696015270819,0.9897758052970651,0.9822966356478168,0.9814365068002864,0.9285246949626924,87,1000,0.2,120,120,0.35,0.15,0.15,7
0.7756420901932713,0.9360154617036507,0.9480756859937962,0.9481462180863756,0.9485307563827249,0.9513738964447626,0.8055239322357433,0.9940302553089955,0.993961822953949,0.9859084705320926,0.982643760439036,0.9836076354092103,0.9285246949626924,88,1000,0.2,120,120,0.35,0.15,0.15,7
0.7780724609375,0.93869443359375,0.94981669921875,0.94993291015625,0.95008173828125,0.95382451171875,0.805645703125,0.990326953125,0.990651953125,0.985049609375,0.97813173828125,0.9786572265625,0.9285246949626924,89,1000,0.2,120,120,0.35,0.15,0.15,7
0.7813538845191281,0.9345443372520121,0.9452394441780734,0.9444608604002915,0.9439150966109785,0.9481568531995439,0.8110220552316878,0.9912876877356334,0.9906029576768762,0.9863859149202797,0.983181550849837,0.9818072852649955,0.9285246949626924,90,1000,0.2,120,120,0.35,0.15,0.15,7
0.7920133325593096,0.9369993033786137,0.9468302759394713,0.9461421688145826,0.9463407059096715,0.9505138550253492,0.8190770734161539,0.9894856612097992,0.9893039591315453,0.981224892604203,0.9711051124269515,0.9724462053485042,0.9285246949626924,91,1000,0.2,120,120,0.35,0.15,0.15,7
0.7722532062472764,0.9332498543273947,0.9448213050486819,0.9446569762968342,0.9444827878198756,0.9481810547121946,0.8002630419997224,0.9946396927786987,0.9938960568446018,0.9885016272412992,0.984562377067594,0.9808432307573931,0.9285246949626924,92,1000,0.2,120,120,0.35,0.15,0.15,7
0.7717892025823438,0.9330472067358506,0.946385016008307,0.9463687913728205,0.9458772235476633,0.9491884012398711,0.7959715388989499,0.9911760195251899,0.9921372326025552,0.9864459588296012,0.9817275837345711,0.9832014180331415,0.9285246949626924,93,1000,0.2,120,120,0.35,0.15,0.15,7
0.7690511485658807,0.932914799422369,0.9458007624910452,0.9441162509478079,0.9445748146069475,0.9485259099275642,0.797812237685522,0.9914813473066042,0.9912949544929364,0.9862805259991446,0.9824993163795461,0.9816397674422946,0.9285246949626924,94,1000,0.2,120,120,0.35,0.15,0.15,7
0.7804162592268546,0.9402940818684995,0.9504356291884423,0.9504222752998679,0.9504376761348661,0.9536687323280292,0.8087945396047093,0.9941469029115766,0.993283871309843,0.9881483751534235,0.9830924174866149,0.9836639054334146,0.9285246949626924,95,1000,0.2,120,120,0.35,0.15,0.15,7
0.7806483902371218,0.9369057888814171,0.9475496969859849,0.9461340794563083,0.9461052355108149,0.9503496270123452,0.8076683745629478,0.9926961814061689,0.9931807203130582,0.985150782463393,0.9794152672677036,0.9756005816435752,0.9285246949626924,96,1000,0.2,120,120,0.35,0.15,0.15,7
0.781569276192256,0.9331758258280777,0.945337858597791,0.945004366449517,0.9450397441118303,0.9506190321825211,0.804185600445451,0.9926217385736881,0.9927868022861661,0.9891696285845358,0.9827453142863076,0.9824077844700523,0.9285246949626924,97,1000,0.2,120,120,0.35,0.15,0.15,7
0.7726305404185185,0.9309210460057326,0.9439621150814254,0.9439008241093937,0.9440137184350295,0.9488215587684984,0.8023518660031639,0.9927084845025441,0.9918317070763448,0.9898266578128868,0.9838851742893676,0.9823229738801664,0.9285246949626924,98,1000,0.2,120,120,0.35,0.15,0.15,7
0.7706033139429171,0.9381041416066432,0.9486908540377241,0.9487607489227081,0.9487066049977205,0.9535032645341245,0.7984690263770499,0.9927111448181655,0.9921537577212929,0.985435481065328,0.9787280331943606,0.9782114017064787,0.9285246949626924,99,1000,0.2,120,120,0.35,0.15,0.15,7
